[2024-07-12T11:05:06.424+0100] {processor.py:161} INFO - Started process (PID=16037) to work on /home/victor/airflow_env/lib/python3.10/site-packages/airflow/example_dags/example_subdag_operator.py
[2024-07-12T11:05:06.429+0100] {processor.py:830} INFO - Processing file /home/victor/airflow_env/lib/python3.10/site-packages/airflow/example_dags/example_subdag_operator.py for tasks to queue
[2024-07-12T11:05:06.440+0100] {logging_mixin.py:188} INFO - [2024-07-12T11:05:06.438+0100] {dagbag.py:545} INFO - Filling up the DagBag from /home/victor/airflow_env/lib/python3.10/site-packages/airflow/example_dags/example_subdag_operator.py
[2024-07-12T11:05:06.590+0100] {processor.py:840} INFO - DAG(s) 'example_subdag_operator.section-1', 'example_subdag_operator.section-2', 'example_subdag_operator' retrieved from /home/victor/airflow_env/lib/python3.10/site-packages/airflow/example_dags/example_subdag_operator.py
[2024-07-12T11:05:07.376+0100] {logging_mixin.py:188} INFO - [2024-07-12T11:05:07.374+0100] {override.py:1847} INFO - Created Permission View: can edit on DAG:example_subdag_operator
[2024-07-12T11:05:07.551+0100] {logging_mixin.py:188} INFO - [2024-07-12T11:05:07.549+0100] {override.py:1847} INFO - Created Permission View: can read on DAG:example_subdag_operator
[2024-07-12T11:05:07.743+0100] {logging_mixin.py:188} INFO - [2024-07-12T11:05:07.742+0100] {override.py:1847} INFO - Created Permission View: can delete on DAG:example_subdag_operator
[2024-07-12T11:05:07.746+0100] {logging_mixin.py:188} INFO - [2024-07-12T11:05:07.745+0100] {dag.py:3096} INFO - Sync 3 DAGs
[2024-07-12T11:05:07.821+0100] {logging_mixin.py:188} INFO - [2024-07-12T11:05:07.820+0100] {dag.py:3118} INFO - Creating ORM DAG for example_subdag_operator.section-1
[2024-07-12T11:05:07.826+0100] {logging_mixin.py:188} INFO - [2024-07-12T11:05:07.825+0100] {dag.py:3118} INFO - Creating ORM DAG for example_subdag_operator.section-2
[2024-07-12T11:05:07.831+0100] {logging_mixin.py:188} INFO - [2024-07-12T11:05:07.830+0100] {dag.py:3118} INFO - Creating ORM DAG for example_subdag_operator
[2024-07-12T11:05:07.884+0100] {logging_mixin.py:188} INFO - [2024-07-12T11:05:07.883+0100] {dag.py:3954} INFO - Setting next_dagrun for example_subdag_operator to 2022-01-01 00:00:00+00:00, run_after=2022-01-01 00:00:00+00:00
[2024-07-12T11:05:07.888+0100] {logging_mixin.py:188} INFO - [2024-07-12T11:05:07.887+0100] {dag.py:3954} INFO - Setting next_dagrun for example_subdag_operator.section-1 to None, run_after=None
[2024-07-12T11:05:07.891+0100] {logging_mixin.py:188} INFO - [2024-07-12T11:05:07.890+0100] {dag.py:3954} INFO - Setting next_dagrun for example_subdag_operator.section-2 to None, run_after=None
[2024-07-12T11:05:07.953+0100] {logging_mixin.py:188} INFO - [2024-07-12T11:05:07.952+0100] {dag.py:3096} INFO - Sync 2 DAGs
[2024-07-12T11:05:07.975+0100] {logging_mixin.py:188} INFO - [2024-07-12T11:05:07.974+0100] {dag.py:3954} INFO - Setting next_dagrun for example_subdag_operator.section-1 to None, run_after=None
[2024-07-12T11:05:07.987+0100] {logging_mixin.py:188} INFO - [2024-07-12T11:05:07.986+0100] {dag.py:3954} INFO - Setting next_dagrun for example_subdag_operator.section-2 to None, run_after=None
[2024-07-12T11:05:08.310+0100] {processor.py:183} INFO - Processing /home/victor/airflow_env/lib/python3.10/site-packages/airflow/example_dags/example_subdag_operator.py took 1.920 seconds
[2024-07-12T11:08:01.948+0100] {processor.py:161} INFO - Started process (PID=16738) to work on /home/victor/airflow_env/lib/python3.10/site-packages/airflow/example_dags/example_subdag_operator.py
[2024-07-12T11:08:01.956+0100] {processor.py:830} INFO - Processing file /home/victor/airflow_env/lib/python3.10/site-packages/airflow/example_dags/example_subdag_operator.py for tasks to queue
[2024-07-12T11:08:01.972+0100] {logging_mixin.py:188} INFO - [2024-07-12T11:08:01.967+0100] {dagbag.py:545} INFO - Filling up the DagBag from /home/victor/airflow_env/lib/python3.10/site-packages/airflow/example_dags/example_subdag_operator.py
[2024-07-12T11:08:02.168+0100] {processor.py:840} INFO - DAG(s) 'example_subdag_operator.section-1', 'example_subdag_operator.section-2', 'example_subdag_operator' retrieved from /home/victor/airflow_env/lib/python3.10/site-packages/airflow/example_dags/example_subdag_operator.py
[2024-07-12T11:08:02.311+0100] {logging_mixin.py:188} INFO - [2024-07-12T11:08:02.310+0100] {dag.py:3096} INFO - Sync 3 DAGs
[2024-07-12T11:08:02.458+0100] {logging_mixin.py:188} INFO - [2024-07-12T11:08:02.457+0100] {dag.py:3954} INFO - Setting next_dagrun for example_subdag_operator to 2022-01-01 00:00:00+00:00, run_after=2022-01-01 00:00:00+00:00
[2024-07-12T11:08:02.481+0100] {logging_mixin.py:188} INFO - [2024-07-12T11:08:02.481+0100] {dag.py:3954} INFO - Setting next_dagrun for example_subdag_operator.section-1 to None, run_after=None
[2024-07-12T11:08:02.493+0100] {logging_mixin.py:188} INFO - [2024-07-12T11:08:02.492+0100] {dag.py:3954} INFO - Setting next_dagrun for example_subdag_operator.section-2 to None, run_after=None
[2024-07-12T11:08:02.555+0100] {logging_mixin.py:188} INFO - [2024-07-12T11:08:02.554+0100] {dag.py:3096} INFO - Sync 2 DAGs
[2024-07-12T11:08:02.575+0100] {logging_mixin.py:188} INFO - [2024-07-12T11:08:02.575+0100] {dag.py:3954} INFO - Setting next_dagrun for example_subdag_operator.section-1 to None, run_after=None
[2024-07-12T11:08:02.578+0100] {logging_mixin.py:188} INFO - [2024-07-12T11:08:02.577+0100] {dag.py:3954} INFO - Setting next_dagrun for example_subdag_operator.section-2 to None, run_after=None
[2024-07-12T11:08:02.849+0100] {processor.py:183} INFO - Processing /home/victor/airflow_env/lib/python3.10/site-packages/airflow/example_dags/example_subdag_operator.py took 0.951 seconds
[2024-07-12T11:10:40.227+0100] {processor.py:161} INFO - Started process (PID=17355) to work on /home/victor/airflow_env/lib/python3.10/site-packages/airflow/example_dags/example_subdag_operator.py
[2024-07-12T11:10:40.231+0100] {processor.py:830} INFO - Processing file /home/victor/airflow_env/lib/python3.10/site-packages/airflow/example_dags/example_subdag_operator.py for tasks to queue
[2024-07-12T11:10:40.239+0100] {logging_mixin.py:188} INFO - [2024-07-12T11:10:40.238+0100] {dagbag.py:545} INFO - Filling up the DagBag from /home/victor/airflow_env/lib/python3.10/site-packages/airflow/example_dags/example_subdag_operator.py
[2024-07-12T11:10:40.401+0100] {processor.py:840} INFO - DAG(s) 'example_subdag_operator.section-1', 'example_subdag_operator.section-2', 'example_subdag_operator' retrieved from /home/victor/airflow_env/lib/python3.10/site-packages/airflow/example_dags/example_subdag_operator.py
[2024-07-12T11:10:40.501+0100] {logging_mixin.py:188} INFO - [2024-07-12T11:10:40.501+0100] {dag.py:3096} INFO - Sync 3 DAGs
[2024-07-12T11:10:40.960+0100] {logging_mixin.py:188} INFO - [2024-07-12T11:10:40.959+0100] {dag.py:3954} INFO - Setting next_dagrun for example_subdag_operator to 2022-01-01 00:00:00+00:00, run_after=2022-01-01 00:00:00+00:00
[2024-07-12T11:10:40.978+0100] {logging_mixin.py:188} INFO - [2024-07-12T11:10:40.977+0100] {dag.py:3954} INFO - Setting next_dagrun for example_subdag_operator.section-1 to None, run_after=None
[2024-07-12T11:10:40.987+0100] {logging_mixin.py:188} INFO - [2024-07-12T11:10:40.986+0100] {dag.py:3954} INFO - Setting next_dagrun for example_subdag_operator.section-2 to None, run_after=None
[2024-07-12T11:10:41.032+0100] {logging_mixin.py:188} INFO - [2024-07-12T11:10:41.031+0100] {dag.py:3096} INFO - Sync 2 DAGs
[2024-07-12T11:10:41.051+0100] {logging_mixin.py:188} INFO - [2024-07-12T11:10:41.050+0100] {dag.py:3954} INFO - Setting next_dagrun for example_subdag_operator.section-1 to None, run_after=None
[2024-07-12T11:10:41.053+0100] {logging_mixin.py:188} INFO - [2024-07-12T11:10:41.052+0100] {dag.py:3954} INFO - Setting next_dagrun for example_subdag_operator.section-2 to None, run_after=None
[2024-07-12T11:10:41.332+0100] {processor.py:183} INFO - Processing /home/victor/airflow_env/lib/python3.10/site-packages/airflow/example_dags/example_subdag_operator.py took 1.133 seconds
[2024-07-12T11:12:37.150+0100] {processor.py:161} INFO - Started process (PID=17831) to work on /home/victor/airflow_env/lib/python3.10/site-packages/airflow/example_dags/example_subdag_operator.py
[2024-07-12T11:12:37.155+0100] {processor.py:830} INFO - Processing file /home/victor/airflow_env/lib/python3.10/site-packages/airflow/example_dags/example_subdag_operator.py for tasks to queue
[2024-07-12T11:12:37.164+0100] {logging_mixin.py:188} INFO - [2024-07-12T11:12:37.162+0100] {dagbag.py:545} INFO - Filling up the DagBag from /home/victor/airflow_env/lib/python3.10/site-packages/airflow/example_dags/example_subdag_operator.py
[2024-07-12T11:12:37.317+0100] {processor.py:840} INFO - DAG(s) 'example_subdag_operator.section-1', 'example_subdag_operator.section-2', 'example_subdag_operator' retrieved from /home/victor/airflow_env/lib/python3.10/site-packages/airflow/example_dags/example_subdag_operator.py
[2024-07-12T11:12:37.442+0100] {logging_mixin.py:188} INFO - [2024-07-12T11:12:37.440+0100] {dag.py:3096} INFO - Sync 3 DAGs
[2024-07-12T11:12:37.589+0100] {logging_mixin.py:188} INFO - [2024-07-12T11:12:37.588+0100] {dag.py:3954} INFO - Setting next_dagrun for example_subdag_operator to 2022-01-01 00:00:00+00:00, run_after=2022-01-01 00:00:00+00:00
[2024-07-12T11:12:37.608+0100] {logging_mixin.py:188} INFO - [2024-07-12T11:12:37.608+0100] {dag.py:3954} INFO - Setting next_dagrun for example_subdag_operator.section-1 to None, run_after=None
[2024-07-12T11:12:37.617+0100] {logging_mixin.py:188} INFO - [2024-07-12T11:12:37.616+0100] {dag.py:3954} INFO - Setting next_dagrun for example_subdag_operator.section-2 to None, run_after=None
[2024-07-12T11:12:37.671+0100] {logging_mixin.py:188} INFO - [2024-07-12T11:12:37.670+0100] {dag.py:3096} INFO - Sync 2 DAGs
[2024-07-12T11:12:37.697+0100] {logging_mixin.py:188} INFO - [2024-07-12T11:12:37.696+0100] {dag.py:3954} INFO - Setting next_dagrun for example_subdag_operator.section-1 to None, run_after=None
[2024-07-12T11:12:37.700+0100] {logging_mixin.py:188} INFO - [2024-07-12T11:12:37.699+0100] {dag.py:3954} INFO - Setting next_dagrun for example_subdag_operator.section-2 to None, run_after=None
[2024-07-12T11:12:37.944+0100] {processor.py:183} INFO - Processing /home/victor/airflow_env/lib/python3.10/site-packages/airflow/example_dags/example_subdag_operator.py took 0.826 seconds
[2024-07-12T11:14:16.486+0100] {processor.py:161} INFO - Started process (PID=18240) to work on /home/victor/airflow_env/lib/python3.10/site-packages/airflow/example_dags/example_subdag_operator.py
[2024-07-12T11:14:16.490+0100] {processor.py:830} INFO - Processing file /home/victor/airflow_env/lib/python3.10/site-packages/airflow/example_dags/example_subdag_operator.py for tasks to queue
[2024-07-12T11:14:16.502+0100] {logging_mixin.py:188} INFO - [2024-07-12T11:14:16.497+0100] {dagbag.py:545} INFO - Filling up the DagBag from /home/victor/airflow_env/lib/python3.10/site-packages/airflow/example_dags/example_subdag_operator.py
[2024-07-12T11:14:16.751+0100] {processor.py:840} INFO - DAG(s) 'example_subdag_operator.section-1', 'example_subdag_operator.section-2', 'example_subdag_operator' retrieved from /home/victor/airflow_env/lib/python3.10/site-packages/airflow/example_dags/example_subdag_operator.py
[2024-07-12T11:14:16.913+0100] {logging_mixin.py:188} INFO - [2024-07-12T11:14:16.912+0100] {dag.py:3096} INFO - Sync 3 DAGs
[2024-07-12T11:14:17.071+0100] {logging_mixin.py:188} INFO - [2024-07-12T11:14:17.070+0100] {dag.py:3954} INFO - Setting next_dagrun for example_subdag_operator to 2022-01-01 00:00:00+00:00, run_after=2022-01-01 00:00:00+00:00
[2024-07-12T11:14:17.095+0100] {logging_mixin.py:188} INFO - [2024-07-12T11:14:17.092+0100] {dag.py:3954} INFO - Setting next_dagrun for example_subdag_operator.section-1 to None, run_after=None
[2024-07-12T11:14:17.106+0100] {logging_mixin.py:188} INFO - [2024-07-12T11:14:17.105+0100] {dag.py:3954} INFO - Setting next_dagrun for example_subdag_operator.section-2 to None, run_after=None
[2024-07-12T11:14:17.177+0100] {logging_mixin.py:188} INFO - [2024-07-12T11:14:17.176+0100] {dag.py:3096} INFO - Sync 2 DAGs
[2024-07-12T11:14:17.197+0100] {logging_mixin.py:188} INFO - [2024-07-12T11:14:17.196+0100] {dag.py:3954} INFO - Setting next_dagrun for example_subdag_operator.section-1 to None, run_after=None
[2024-07-12T11:14:17.200+0100] {logging_mixin.py:188} INFO - [2024-07-12T11:14:17.199+0100] {dag.py:3954} INFO - Setting next_dagrun for example_subdag_operator.section-2 to None, run_after=None
[2024-07-12T11:14:17.441+0100] {processor.py:183} INFO - Processing /home/victor/airflow_env/lib/python3.10/site-packages/airflow/example_dags/example_subdag_operator.py took 0.991 seconds
[2024-07-12T11:16:26.405+0100] {processor.py:161} INFO - Started process (PID=18770) to work on /home/victor/airflow_env/lib/python3.10/site-packages/airflow/example_dags/example_subdag_operator.py
[2024-07-12T11:16:26.435+0100] {processor.py:830} INFO - Processing file /home/victor/airflow_env/lib/python3.10/site-packages/airflow/example_dags/example_subdag_operator.py for tasks to queue
[2024-07-12T11:16:26.461+0100] {logging_mixin.py:188} INFO - [2024-07-12T11:16:26.458+0100] {dagbag.py:545} INFO - Filling up the DagBag from /home/victor/airflow_env/lib/python3.10/site-packages/airflow/example_dags/example_subdag_operator.py
[2024-07-12T11:16:26.880+0100] {processor.py:840} INFO - DAG(s) 'example_subdag_operator.section-1', 'example_subdag_operator.section-2', 'example_subdag_operator' retrieved from /home/victor/airflow_env/lib/python3.10/site-packages/airflow/example_dags/example_subdag_operator.py
[2024-07-12T11:16:27.356+0100] {logging_mixin.py:188} INFO - [2024-07-12T11:16:27.354+0100] {dag.py:3096} INFO - Sync 3 DAGs
[2024-07-12T11:16:28.008+0100] {logging_mixin.py:188} INFO - [2024-07-12T11:16:28.007+0100] {dag.py:3954} INFO - Setting next_dagrun for example_subdag_operator to 2022-01-01 00:00:00+00:00, run_after=2022-01-01 00:00:00+00:00
[2024-07-12T11:16:28.098+0100] {logging_mixin.py:188} INFO - [2024-07-12T11:16:28.096+0100] {dag.py:3954} INFO - Setting next_dagrun for example_subdag_operator.section-1 to None, run_after=None
[2024-07-12T11:16:28.291+0100] {logging_mixin.py:188} INFO - [2024-07-12T11:16:28.290+0100] {dag.py:3954} INFO - Setting next_dagrun for example_subdag_operator.section-2 to None, run_after=None
[2024-07-12T11:16:28.608+0100] {logging_mixin.py:188} INFO - [2024-07-12T11:16:28.607+0100] {dag.py:3096} INFO - Sync 2 DAGs
[2024-07-12T11:16:28.689+0100] {logging_mixin.py:188} INFO - [2024-07-12T11:16:28.688+0100] {dag.py:3954} INFO - Setting next_dagrun for example_subdag_operator.section-1 to None, run_after=None
[2024-07-12T11:16:28.702+0100] {logging_mixin.py:188} INFO - [2024-07-12T11:16:28.695+0100] {dag.py:3954} INFO - Setting next_dagrun for example_subdag_operator.section-2 to None, run_after=None
[2024-07-12T11:16:29.107+0100] {processor.py:183} INFO - Processing /home/victor/airflow_env/lib/python3.10/site-packages/airflow/example_dags/example_subdag_operator.py took 2.794 seconds
[2024-07-12T11:18:35.957+0100] {processor.py:161} INFO - Started process (PID=19296) to work on /home/victor/airflow_env/lib/python3.10/site-packages/airflow/example_dags/example_subdag_operator.py
[2024-07-12T11:18:35.962+0100] {processor.py:830} INFO - Processing file /home/victor/airflow_env/lib/python3.10/site-packages/airflow/example_dags/example_subdag_operator.py for tasks to queue
[2024-07-12T11:18:35.970+0100] {logging_mixin.py:188} INFO - [2024-07-12T11:18:35.969+0100] {dagbag.py:545} INFO - Filling up the DagBag from /home/victor/airflow_env/lib/python3.10/site-packages/airflow/example_dags/example_subdag_operator.py
[2024-07-12T11:18:36.119+0100] {processor.py:840} INFO - DAG(s) 'example_subdag_operator.section-1', 'example_subdag_operator.section-2', 'example_subdag_operator' retrieved from /home/victor/airflow_env/lib/python3.10/site-packages/airflow/example_dags/example_subdag_operator.py
[2024-07-12T11:18:36.227+0100] {logging_mixin.py:188} INFO - [2024-07-12T11:18:36.226+0100] {dag.py:3096} INFO - Sync 3 DAGs
[2024-07-12T11:18:36.343+0100] {logging_mixin.py:188} INFO - [2024-07-12T11:18:36.342+0100] {dag.py:3954} INFO - Setting next_dagrun for example_subdag_operator to 2022-01-01 00:00:00+00:00, run_after=2022-01-01 00:00:00+00:00
[2024-07-12T11:18:36.371+0100] {logging_mixin.py:188} INFO - [2024-07-12T11:18:36.370+0100] {dag.py:3954} INFO - Setting next_dagrun for example_subdag_operator.section-1 to None, run_after=None
[2024-07-12T11:18:36.381+0100] {logging_mixin.py:188} INFO - [2024-07-12T11:18:36.380+0100] {dag.py:3954} INFO - Setting next_dagrun for example_subdag_operator.section-2 to None, run_after=None
[2024-07-12T11:18:36.440+0100] {logging_mixin.py:188} INFO - [2024-07-12T11:18:36.439+0100] {dag.py:3096} INFO - Sync 2 DAGs
[2024-07-12T11:18:36.466+0100] {logging_mixin.py:188} INFO - [2024-07-12T11:18:36.465+0100] {dag.py:3954} INFO - Setting next_dagrun for example_subdag_operator.section-1 to None, run_after=None
[2024-07-12T11:18:36.469+0100] {logging_mixin.py:188} INFO - [2024-07-12T11:18:36.469+0100] {dag.py:3954} INFO - Setting next_dagrun for example_subdag_operator.section-2 to None, run_after=None
[2024-07-12T11:18:36.746+0100] {processor.py:183} INFO - Processing /home/victor/airflow_env/lib/python3.10/site-packages/airflow/example_dags/example_subdag_operator.py took 0.817 seconds
[2024-07-12T11:20:12.114+0100] {processor.py:161} INFO - Started process (PID=19694) to work on /home/victor/airflow_env/lib/python3.10/site-packages/airflow/example_dags/example_subdag_operator.py
[2024-07-12T11:20:12.120+0100] {processor.py:830} INFO - Processing file /home/victor/airflow_env/lib/python3.10/site-packages/airflow/example_dags/example_subdag_operator.py for tasks to queue
[2024-07-12T11:20:12.129+0100] {logging_mixin.py:188} INFO - [2024-07-12T11:20:12.127+0100] {dagbag.py:545} INFO - Filling up the DagBag from /home/victor/airflow_env/lib/python3.10/site-packages/airflow/example_dags/example_subdag_operator.py
[2024-07-12T11:20:12.444+0100] {processor.py:840} INFO - DAG(s) 'example_subdag_operator.section-1', 'example_subdag_operator.section-2', 'example_subdag_operator' retrieved from /home/victor/airflow_env/lib/python3.10/site-packages/airflow/example_dags/example_subdag_operator.py
[2024-07-12T11:20:12.656+0100] {logging_mixin.py:188} INFO - [2024-07-12T11:20:12.655+0100] {dag.py:3096} INFO - Sync 3 DAGs
[2024-07-12T11:20:12.896+0100] {logging_mixin.py:188} INFO - [2024-07-12T11:20:12.895+0100] {dag.py:3954} INFO - Setting next_dagrun for example_subdag_operator to 2022-01-01 00:00:00+00:00, run_after=2022-01-01 00:00:00+00:00
[2024-07-12T11:20:12.923+0100] {logging_mixin.py:188} INFO - [2024-07-12T11:20:12.922+0100] {dag.py:3954} INFO - Setting next_dagrun for example_subdag_operator.section-1 to None, run_after=None
[2024-07-12T11:20:12.940+0100] {logging_mixin.py:188} INFO - [2024-07-12T11:20:12.933+0100] {dag.py:3954} INFO - Setting next_dagrun for example_subdag_operator.section-2 to None, run_after=None
[2024-07-12T11:20:13.007+0100] {logging_mixin.py:188} INFO - [2024-07-12T11:20:13.005+0100] {dag.py:3096} INFO - Sync 2 DAGs
[2024-07-12T11:20:13.048+0100] {logging_mixin.py:188} INFO - [2024-07-12T11:20:13.047+0100] {dag.py:3954} INFO - Setting next_dagrun for example_subdag_operator.section-1 to None, run_after=None
[2024-07-12T11:20:13.061+0100] {logging_mixin.py:188} INFO - [2024-07-12T11:20:13.050+0100] {dag.py:3954} INFO - Setting next_dagrun for example_subdag_operator.section-2 to None, run_after=None
[2024-07-12T11:20:13.350+0100] {processor.py:183} INFO - Processing /home/victor/airflow_env/lib/python3.10/site-packages/airflow/example_dags/example_subdag_operator.py took 1.275 seconds
[2024-07-12T11:21:55.286+0100] {processor.py:161} INFO - Started process (PID=20120) to work on /home/victor/airflow_env/lib/python3.10/site-packages/airflow/example_dags/example_subdag_operator.py
[2024-07-12T11:21:55.294+0100] {processor.py:830} INFO - Processing file /home/victor/airflow_env/lib/python3.10/site-packages/airflow/example_dags/example_subdag_operator.py for tasks to queue
[2024-07-12T11:21:55.304+0100] {logging_mixin.py:188} INFO - [2024-07-12T11:21:55.301+0100] {dagbag.py:545} INFO - Filling up the DagBag from /home/victor/airflow_env/lib/python3.10/site-packages/airflow/example_dags/example_subdag_operator.py
[2024-07-12T11:21:55.487+0100] {processor.py:840} INFO - DAG(s) 'example_subdag_operator.section-1', 'example_subdag_operator.section-2', 'example_subdag_operator' retrieved from /home/victor/airflow_env/lib/python3.10/site-packages/airflow/example_dags/example_subdag_operator.py
[2024-07-12T11:21:55.607+0100] {logging_mixin.py:188} INFO - [2024-07-12T11:21:55.606+0100] {dag.py:3096} INFO - Sync 3 DAGs
[2024-07-12T11:21:55.747+0100] {logging_mixin.py:188} INFO - [2024-07-12T11:21:55.747+0100] {dag.py:3954} INFO - Setting next_dagrun for example_subdag_operator to 2022-01-01 00:00:00+00:00, run_after=2022-01-01 00:00:00+00:00
[2024-07-12T11:21:55.773+0100] {logging_mixin.py:188} INFO - [2024-07-12T11:21:55.773+0100] {dag.py:3954} INFO - Setting next_dagrun for example_subdag_operator.section-1 to None, run_after=None
[2024-07-12T11:21:55.783+0100] {logging_mixin.py:188} INFO - [2024-07-12T11:21:55.782+0100] {dag.py:3954} INFO - Setting next_dagrun for example_subdag_operator.section-2 to None, run_after=None
[2024-07-12T11:21:55.835+0100] {logging_mixin.py:188} INFO - [2024-07-12T11:21:55.834+0100] {dag.py:3096} INFO - Sync 2 DAGs
[2024-07-12T11:21:55.855+0100] {logging_mixin.py:188} INFO - [2024-07-12T11:21:55.854+0100] {dag.py:3954} INFO - Setting next_dagrun for example_subdag_operator.section-1 to None, run_after=None
[2024-07-12T11:21:55.858+0100] {logging_mixin.py:188} INFO - [2024-07-12T11:21:55.857+0100] {dag.py:3954} INFO - Setting next_dagrun for example_subdag_operator.section-2 to None, run_after=None
[2024-07-12T11:21:56.276+0100] {processor.py:183} INFO - Processing /home/victor/airflow_env/lib/python3.10/site-packages/airflow/example_dags/example_subdag_operator.py took 1.019 seconds
[2024-07-12T11:23:27.889+0100] {processor.py:161} INFO - Started process (PID=20504) to work on /home/victor/airflow_env/lib/python3.10/site-packages/airflow/example_dags/example_subdag_operator.py
[2024-07-12T11:23:27.899+0100] {processor.py:830} INFO - Processing file /home/victor/airflow_env/lib/python3.10/site-packages/airflow/example_dags/example_subdag_operator.py for tasks to queue
[2024-07-12T11:23:27.908+0100] {logging_mixin.py:188} INFO - [2024-07-12T11:23:27.906+0100] {dagbag.py:545} INFO - Filling up the DagBag from /home/victor/airflow_env/lib/python3.10/site-packages/airflow/example_dags/example_subdag_operator.py
[2024-07-12T11:23:28.157+0100] {processor.py:840} INFO - DAG(s) 'example_subdag_operator.section-1', 'example_subdag_operator.section-2', 'example_subdag_operator' retrieved from /home/victor/airflow_env/lib/python3.10/site-packages/airflow/example_dags/example_subdag_operator.py
[2024-07-12T11:23:28.345+0100] {logging_mixin.py:188} INFO - [2024-07-12T11:23:28.344+0100] {dag.py:3096} INFO - Sync 3 DAGs
[2024-07-12T11:23:28.528+0100] {logging_mixin.py:188} INFO - [2024-07-12T11:23:28.527+0100] {dag.py:3954} INFO - Setting next_dagrun for example_subdag_operator to 2022-01-01 00:00:00+00:00, run_after=2022-01-01 00:00:00+00:00
[2024-07-12T11:23:28.557+0100] {logging_mixin.py:188} INFO - [2024-07-12T11:23:28.555+0100] {dag.py:3954} INFO - Setting next_dagrun for example_subdag_operator.section-1 to None, run_after=None
[2024-07-12T11:23:28.570+0100] {logging_mixin.py:188} INFO - [2024-07-12T11:23:28.569+0100] {dag.py:3954} INFO - Setting next_dagrun for example_subdag_operator.section-2 to None, run_after=None
[2024-07-12T11:23:28.648+0100] {logging_mixin.py:188} INFO - [2024-07-12T11:23:28.647+0100] {dag.py:3096} INFO - Sync 2 DAGs
[2024-07-12T11:23:28.676+0100] {logging_mixin.py:188} INFO - [2024-07-12T11:23:28.675+0100] {dag.py:3954} INFO - Setting next_dagrun for example_subdag_operator.section-1 to None, run_after=None
[2024-07-12T11:23:28.679+0100] {logging_mixin.py:188} INFO - [2024-07-12T11:23:28.679+0100] {dag.py:3954} INFO - Setting next_dagrun for example_subdag_operator.section-2 to None, run_after=None
[2024-07-12T11:23:28.943+0100] {processor.py:183} INFO - Processing /home/victor/airflow_env/lib/python3.10/site-packages/airflow/example_dags/example_subdag_operator.py took 1.095 seconds
[2024-07-12T11:25:02.205+0100] {processor.py:161} INFO - Started process (PID=20895) to work on /home/victor/airflow_env/lib/python3.10/site-packages/airflow/example_dags/example_subdag_operator.py
[2024-07-12T11:25:02.211+0100] {processor.py:830} INFO - Processing file /home/victor/airflow_env/lib/python3.10/site-packages/airflow/example_dags/example_subdag_operator.py for tasks to queue
[2024-07-12T11:25:02.220+0100] {logging_mixin.py:188} INFO - [2024-07-12T11:25:02.218+0100] {dagbag.py:545} INFO - Filling up the DagBag from /home/victor/airflow_env/lib/python3.10/site-packages/airflow/example_dags/example_subdag_operator.py
[2024-07-12T11:25:02.424+0100] {processor.py:840} INFO - DAG(s) 'example_subdag_operator.section-1', 'example_subdag_operator.section-2', 'example_subdag_operator' retrieved from /home/victor/airflow_env/lib/python3.10/site-packages/airflow/example_dags/example_subdag_operator.py
[2024-07-12T11:25:02.580+0100] {logging_mixin.py:188} INFO - [2024-07-12T11:25:02.579+0100] {dag.py:3096} INFO - Sync 3 DAGs
[2024-07-12T11:25:02.712+0100] {logging_mixin.py:188} INFO - [2024-07-12T11:25:02.711+0100] {dag.py:3954} INFO - Setting next_dagrun for example_subdag_operator to 2022-01-01 00:00:00+00:00, run_after=2022-01-01 00:00:00+00:00
[2024-07-12T11:25:02.732+0100] {logging_mixin.py:188} INFO - [2024-07-12T11:25:02.731+0100] {dag.py:3954} INFO - Setting next_dagrun for example_subdag_operator.section-1 to None, run_after=None
[2024-07-12T11:25:02.757+0100] {logging_mixin.py:188} INFO - [2024-07-12T11:25:02.756+0100] {dag.py:3954} INFO - Setting next_dagrun for example_subdag_operator.section-2 to None, run_after=None
[2024-07-12T11:25:02.806+0100] {logging_mixin.py:188} INFO - [2024-07-12T11:25:02.805+0100] {dag.py:3096} INFO - Sync 2 DAGs
[2024-07-12T11:25:02.826+0100] {logging_mixin.py:188} INFO - [2024-07-12T11:25:02.825+0100] {dag.py:3954} INFO - Setting next_dagrun for example_subdag_operator.section-1 to None, run_after=None
[2024-07-12T11:25:02.829+0100] {logging_mixin.py:188} INFO - [2024-07-12T11:25:02.828+0100] {dag.py:3954} INFO - Setting next_dagrun for example_subdag_operator.section-2 to None, run_after=None
[2024-07-12T11:25:03.071+0100] {processor.py:183} INFO - Processing /home/victor/airflow_env/lib/python3.10/site-packages/airflow/example_dags/example_subdag_operator.py took 0.896 seconds
[2024-07-12T11:26:54.454+0100] {processor.py:161} INFO - Started process (PID=21347) to work on /home/victor/airflow_env/lib/python3.10/site-packages/airflow/example_dags/example_subdag_operator.py
[2024-07-12T11:26:54.459+0100] {processor.py:830} INFO - Processing file /home/victor/airflow_env/lib/python3.10/site-packages/airflow/example_dags/example_subdag_operator.py for tasks to queue
[2024-07-12T11:26:54.467+0100] {logging_mixin.py:188} INFO - [2024-07-12T11:26:54.465+0100] {dagbag.py:545} INFO - Filling up the DagBag from /home/victor/airflow_env/lib/python3.10/site-packages/airflow/example_dags/example_subdag_operator.py
[2024-07-12T11:26:54.631+0100] {processor.py:840} INFO - DAG(s) 'example_subdag_operator.section-1', 'example_subdag_operator.section-2', 'example_subdag_operator' retrieved from /home/victor/airflow_env/lib/python3.10/site-packages/airflow/example_dags/example_subdag_operator.py
[2024-07-12T11:26:54.756+0100] {logging_mixin.py:188} INFO - [2024-07-12T11:26:54.755+0100] {dag.py:3096} INFO - Sync 3 DAGs
[2024-07-12T11:26:54.958+0100] {logging_mixin.py:188} INFO - [2024-07-12T11:26:54.957+0100] {dag.py:3954} INFO - Setting next_dagrun for example_subdag_operator to 2022-01-01 00:00:00+00:00, run_after=2022-01-01 00:00:00+00:00
[2024-07-12T11:26:54.992+0100] {logging_mixin.py:188} INFO - [2024-07-12T11:26:54.991+0100] {dag.py:3954} INFO - Setting next_dagrun for example_subdag_operator.section-1 to None, run_after=None
[2024-07-12T11:26:55.005+0100] {logging_mixin.py:188} INFO - [2024-07-12T11:26:55.004+0100] {dag.py:3954} INFO - Setting next_dagrun for example_subdag_operator.section-2 to None, run_after=None
[2024-07-12T11:26:55.082+0100] {logging_mixin.py:188} INFO - [2024-07-12T11:26:55.081+0100] {dag.py:3096} INFO - Sync 2 DAGs
[2024-07-12T11:26:55.115+0100] {logging_mixin.py:188} INFO - [2024-07-12T11:26:55.114+0100] {dag.py:3954} INFO - Setting next_dagrun for example_subdag_operator.section-1 to None, run_after=None
[2024-07-12T11:26:55.119+0100] {logging_mixin.py:188} INFO - [2024-07-12T11:26:55.118+0100] {dag.py:3954} INFO - Setting next_dagrun for example_subdag_operator.section-2 to None, run_after=None
[2024-07-12T11:26:55.372+0100] {processor.py:183} INFO - Processing /home/victor/airflow_env/lib/python3.10/site-packages/airflow/example_dags/example_subdag_operator.py took 0.946 seconds
[2024-07-12T11:28:22.718+0100] {processor.py:161} INFO - Started process (PID=21713) to work on /home/victor/airflow_env/lib/python3.10/site-packages/airflow/example_dags/example_subdag_operator.py
[2024-07-12T11:28:22.725+0100] {processor.py:830} INFO - Processing file /home/victor/airflow_env/lib/python3.10/site-packages/airflow/example_dags/example_subdag_operator.py for tasks to queue
[2024-07-12T11:28:22.735+0100] {logging_mixin.py:188} INFO - [2024-07-12T11:28:22.733+0100] {dagbag.py:545} INFO - Filling up the DagBag from /home/victor/airflow_env/lib/python3.10/site-packages/airflow/example_dags/example_subdag_operator.py
[2024-07-12T11:28:22.953+0100] {processor.py:840} INFO - DAG(s) 'example_subdag_operator.section-1', 'example_subdag_operator.section-2', 'example_subdag_operator' retrieved from /home/victor/airflow_env/lib/python3.10/site-packages/airflow/example_dags/example_subdag_operator.py
[2024-07-12T11:28:23.137+0100] {logging_mixin.py:188} INFO - [2024-07-12T11:28:23.136+0100] {dag.py:3096} INFO - Sync 3 DAGs
[2024-07-12T11:28:23.409+0100] {logging_mixin.py:188} INFO - [2024-07-12T11:28:23.407+0100] {dag.py:3954} INFO - Setting next_dagrun for example_subdag_operator to 2022-01-01 00:00:00+00:00, run_after=2022-01-01 00:00:00+00:00
[2024-07-12T11:28:23.454+0100] {logging_mixin.py:188} INFO - [2024-07-12T11:28:23.453+0100] {dag.py:3954} INFO - Setting next_dagrun for example_subdag_operator.section-1 to None, run_after=None
[2024-07-12T11:28:23.476+0100] {logging_mixin.py:188} INFO - [2024-07-12T11:28:23.475+0100] {dag.py:3954} INFO - Setting next_dagrun for example_subdag_operator.section-2 to None, run_after=None
[2024-07-12T11:28:23.551+0100] {logging_mixin.py:188} INFO - [2024-07-12T11:28:23.550+0100] {dag.py:3096} INFO - Sync 2 DAGs
[2024-07-12T11:28:23.603+0100] {logging_mixin.py:188} INFO - [2024-07-12T11:28:23.602+0100] {dag.py:3954} INFO - Setting next_dagrun for example_subdag_operator.section-1 to None, run_after=None
[2024-07-12T11:28:23.607+0100] {logging_mixin.py:188} INFO - [2024-07-12T11:28:23.606+0100] {dag.py:3954} INFO - Setting next_dagrun for example_subdag_operator.section-2 to None, run_after=None
[2024-07-12T11:28:23.913+0100] {processor.py:183} INFO - Processing /home/victor/airflow_env/lib/python3.10/site-packages/airflow/example_dags/example_subdag_operator.py took 1.240 seconds
[2024-07-12T11:30:16.030+0100] {processor.py:161} INFO - Started process (PID=22168) to work on /home/victor/airflow_env/lib/python3.10/site-packages/airflow/example_dags/example_subdag_operator.py
[2024-07-12T11:30:16.034+0100] {processor.py:830} INFO - Processing file /home/victor/airflow_env/lib/python3.10/site-packages/airflow/example_dags/example_subdag_operator.py for tasks to queue
[2024-07-12T11:30:16.044+0100] {logging_mixin.py:188} INFO - [2024-07-12T11:30:16.042+0100] {dagbag.py:545} INFO - Filling up the DagBag from /home/victor/airflow_env/lib/python3.10/site-packages/airflow/example_dags/example_subdag_operator.py
[2024-07-12T11:30:16.232+0100] {processor.py:840} INFO - DAG(s) 'example_subdag_operator.section-1', 'example_subdag_operator.section-2', 'example_subdag_operator' retrieved from /home/victor/airflow_env/lib/python3.10/site-packages/airflow/example_dags/example_subdag_operator.py
[2024-07-12T11:30:16.380+0100] {logging_mixin.py:188} INFO - [2024-07-12T11:30:16.379+0100] {dag.py:3096} INFO - Sync 3 DAGs
[2024-07-12T11:30:16.504+0100] {logging_mixin.py:188} INFO - [2024-07-12T11:30:16.503+0100] {dag.py:3954} INFO - Setting next_dagrun for example_subdag_operator to 2022-01-01 00:00:00+00:00, run_after=2022-01-01 00:00:00+00:00
[2024-07-12T11:30:16.527+0100] {logging_mixin.py:188} INFO - [2024-07-12T11:30:16.526+0100] {dag.py:3954} INFO - Setting next_dagrun for example_subdag_operator.section-1 to None, run_after=None
[2024-07-12T11:30:16.536+0100] {logging_mixin.py:188} INFO - [2024-07-12T11:30:16.535+0100] {dag.py:3954} INFO - Setting next_dagrun for example_subdag_operator.section-2 to None, run_after=None
[2024-07-12T11:30:16.591+0100] {logging_mixin.py:188} INFO - [2024-07-12T11:30:16.590+0100] {dag.py:3096} INFO - Sync 2 DAGs
[2024-07-12T11:30:16.612+0100] {logging_mixin.py:188} INFO - [2024-07-12T11:30:16.611+0100] {dag.py:3954} INFO - Setting next_dagrun for example_subdag_operator.section-1 to None, run_after=None
[2024-07-12T11:30:16.615+0100] {logging_mixin.py:188} INFO - [2024-07-12T11:30:16.614+0100] {dag.py:3954} INFO - Setting next_dagrun for example_subdag_operator.section-2 to None, run_after=None
[2024-07-12T11:30:16.898+0100] {processor.py:183} INFO - Processing /home/victor/airflow_env/lib/python3.10/site-packages/airflow/example_dags/example_subdag_operator.py took 0.910 seconds
[2024-07-12T11:32:34.784+0100] {processor.py:161} INFO - Started process (PID=23110) to work on /home/victor/airflow_env/lib/python3.10/site-packages/airflow/example_dags/example_subdag_operator.py
[2024-07-12T11:32:34.800+0100] {processor.py:830} INFO - Processing file /home/victor/airflow_env/lib/python3.10/site-packages/airflow/example_dags/example_subdag_operator.py for tasks to queue
[2024-07-12T11:32:34.813+0100] {logging_mixin.py:188} INFO - [2024-07-12T11:32:34.811+0100] {dagbag.py:545} INFO - Filling up the DagBag from /home/victor/airflow_env/lib/python3.10/site-packages/airflow/example_dags/example_subdag_operator.py
[2024-07-12T11:32:35.012+0100] {processor.py:840} INFO - DAG(s) 'example_subdag_operator.section-1', 'example_subdag_operator.section-2', 'example_subdag_operator' retrieved from /home/victor/airflow_env/lib/python3.10/site-packages/airflow/example_dags/example_subdag_operator.py
[2024-07-12T11:32:35.207+0100] {logging_mixin.py:188} INFO - [2024-07-12T11:32:35.206+0100] {dag.py:3096} INFO - Sync 3 DAGs
[2024-07-12T11:32:35.327+0100] {logging_mixin.py:188} INFO - [2024-07-12T11:32:35.326+0100] {dag.py:3954} INFO - Setting next_dagrun for example_subdag_operator to 2022-01-01 00:00:00+00:00, run_after=2022-01-01 00:00:00+00:00
[2024-07-12T11:32:35.349+0100] {logging_mixin.py:188} INFO - [2024-07-12T11:32:35.348+0100] {dag.py:3954} INFO - Setting next_dagrun for example_subdag_operator.section-1 to None, run_after=None
[2024-07-12T11:32:35.362+0100] {logging_mixin.py:188} INFO - [2024-07-12T11:32:35.361+0100] {dag.py:3954} INFO - Setting next_dagrun for example_subdag_operator.section-2 to None, run_after=None
[2024-07-12T11:32:35.436+0100] {logging_mixin.py:188} INFO - [2024-07-12T11:32:35.436+0100] {dag.py:3096} INFO - Sync 2 DAGs
[2024-07-12T11:32:35.461+0100] {logging_mixin.py:188} INFO - [2024-07-12T11:32:35.460+0100] {dag.py:3954} INFO - Setting next_dagrun for example_subdag_operator.section-1 to None, run_after=None
[2024-07-12T11:32:35.464+0100] {logging_mixin.py:188} INFO - [2024-07-12T11:32:35.463+0100] {dag.py:3954} INFO - Setting next_dagrun for example_subdag_operator.section-2 to None, run_after=None
[2024-07-12T11:32:36.050+0100] {processor.py:183} INFO - Processing /home/victor/airflow_env/lib/python3.10/site-packages/airflow/example_dags/example_subdag_operator.py took 1.326 seconds
[2024-07-12T11:34:36.906+0100] {processor.py:161} INFO - Started process (PID=23623) to work on /home/victor/airflow_env/lib/python3.10/site-packages/airflow/example_dags/example_subdag_operator.py
[2024-07-12T11:34:36.913+0100] {processor.py:830} INFO - Processing file /home/victor/airflow_env/lib/python3.10/site-packages/airflow/example_dags/example_subdag_operator.py for tasks to queue
[2024-07-12T11:34:36.922+0100] {logging_mixin.py:188} INFO - [2024-07-12T11:34:36.920+0100] {dagbag.py:545} INFO - Filling up the DagBag from /home/victor/airflow_env/lib/python3.10/site-packages/airflow/example_dags/example_subdag_operator.py
[2024-07-12T11:34:37.146+0100] {processor.py:840} INFO - DAG(s) 'example_subdag_operator.section-1', 'example_subdag_operator.section-2', 'example_subdag_operator' retrieved from /home/victor/airflow_env/lib/python3.10/site-packages/airflow/example_dags/example_subdag_operator.py
[2024-07-12T11:34:37.321+0100] {logging_mixin.py:188} INFO - [2024-07-12T11:34:37.320+0100] {dag.py:3096} INFO - Sync 3 DAGs
[2024-07-12T11:34:37.474+0100] {logging_mixin.py:188} INFO - [2024-07-12T11:34:37.473+0100] {dag.py:3954} INFO - Setting next_dagrun for example_subdag_operator to 2022-01-01 00:00:00+00:00, run_after=2022-01-01 00:00:00+00:00
[2024-07-12T11:34:37.504+0100] {logging_mixin.py:188} INFO - [2024-07-12T11:34:37.503+0100] {dag.py:3954} INFO - Setting next_dagrun for example_subdag_operator.section-1 to None, run_after=None
[2024-07-12T11:34:37.518+0100] {logging_mixin.py:188} INFO - [2024-07-12T11:34:37.517+0100] {dag.py:3954} INFO - Setting next_dagrun for example_subdag_operator.section-2 to None, run_after=None
[2024-07-12T11:34:37.583+0100] {logging_mixin.py:188} INFO - [2024-07-12T11:34:37.582+0100] {dag.py:3096} INFO - Sync 2 DAGs
[2024-07-12T11:34:37.606+0100] {logging_mixin.py:188} INFO - [2024-07-12T11:34:37.605+0100] {dag.py:3954} INFO - Setting next_dagrun for example_subdag_operator.section-1 to None, run_after=None
[2024-07-12T11:34:37.609+0100] {logging_mixin.py:188} INFO - [2024-07-12T11:34:37.608+0100] {dag.py:3954} INFO - Setting next_dagrun for example_subdag_operator.section-2 to None, run_after=None
[2024-07-12T11:34:37.912+0100] {processor.py:183} INFO - Processing /home/victor/airflow_env/lib/python3.10/site-packages/airflow/example_dags/example_subdag_operator.py took 1.054 seconds
[2024-07-12T11:36:35.213+0100] {processor.py:161} INFO - Started process (PID=24132) to work on /home/victor/airflow_env/lib/python3.10/site-packages/airflow/example_dags/example_subdag_operator.py
[2024-07-12T11:36:35.221+0100] {processor.py:830} INFO - Processing file /home/victor/airflow_env/lib/python3.10/site-packages/airflow/example_dags/example_subdag_operator.py for tasks to queue
[2024-07-12T11:36:35.237+0100] {logging_mixin.py:188} INFO - [2024-07-12T11:36:35.236+0100] {dagbag.py:545} INFO - Filling up the DagBag from /home/victor/airflow_env/lib/python3.10/site-packages/airflow/example_dags/example_subdag_operator.py
[2024-07-12T11:36:35.396+0100] {processor.py:840} INFO - DAG(s) 'example_subdag_operator.section-1', 'example_subdag_operator.section-2', 'example_subdag_operator' retrieved from /home/victor/airflow_env/lib/python3.10/site-packages/airflow/example_dags/example_subdag_operator.py
[2024-07-12T11:36:35.527+0100] {logging_mixin.py:188} INFO - [2024-07-12T11:36:35.526+0100] {dag.py:3096} INFO - Sync 3 DAGs
[2024-07-12T11:36:35.633+0100] {logging_mixin.py:188} INFO - [2024-07-12T11:36:35.632+0100] {dag.py:3954} INFO - Setting next_dagrun for example_subdag_operator to 2022-01-01 00:00:00+00:00, run_after=2022-01-01 00:00:00+00:00
[2024-07-12T11:36:35.653+0100] {logging_mixin.py:188} INFO - [2024-07-12T11:36:35.652+0100] {dag.py:3954} INFO - Setting next_dagrun for example_subdag_operator.section-1 to None, run_after=None
[2024-07-12T11:36:35.663+0100] {logging_mixin.py:188} INFO - [2024-07-12T11:36:35.662+0100] {dag.py:3954} INFO - Setting next_dagrun for example_subdag_operator.section-2 to None, run_after=None
[2024-07-12T11:36:35.711+0100] {logging_mixin.py:188} INFO - [2024-07-12T11:36:35.710+0100] {dag.py:3096} INFO - Sync 2 DAGs
[2024-07-12T11:36:35.736+0100] {logging_mixin.py:188} INFO - [2024-07-12T11:36:35.735+0100] {dag.py:3954} INFO - Setting next_dagrun for example_subdag_operator.section-1 to None, run_after=None
[2024-07-12T11:36:35.739+0100] {logging_mixin.py:188} INFO - [2024-07-12T11:36:35.738+0100] {dag.py:3954} INFO - Setting next_dagrun for example_subdag_operator.section-2 to None, run_after=None
[2024-07-12T11:36:35.962+0100] {processor.py:183} INFO - Processing /home/victor/airflow_env/lib/python3.10/site-packages/airflow/example_dags/example_subdag_operator.py took 0.810 seconds
[2024-07-12T11:38:04.035+0100] {processor.py:161} INFO - Started process (PID=24506) to work on /home/victor/airflow_env/lib/python3.10/site-packages/airflow/example_dags/example_subdag_operator.py
[2024-07-12T11:38:04.040+0100] {processor.py:830} INFO - Processing file /home/victor/airflow_env/lib/python3.10/site-packages/airflow/example_dags/example_subdag_operator.py for tasks to queue
[2024-07-12T11:38:04.049+0100] {logging_mixin.py:188} INFO - [2024-07-12T11:38:04.048+0100] {dagbag.py:545} INFO - Filling up the DagBag from /home/victor/airflow_env/lib/python3.10/site-packages/airflow/example_dags/example_subdag_operator.py
[2024-07-12T11:38:04.307+0100] {processor.py:840} INFO - DAG(s) 'example_subdag_operator.section-1', 'example_subdag_operator.section-2', 'example_subdag_operator' retrieved from /home/victor/airflow_env/lib/python3.10/site-packages/airflow/example_dags/example_subdag_operator.py
[2024-07-12T11:38:04.411+0100] {logging_mixin.py:188} INFO - [2024-07-12T11:38:04.410+0100] {dag.py:3096} INFO - Sync 3 DAGs
[2024-07-12T11:38:04.523+0100] {logging_mixin.py:188} INFO - [2024-07-12T11:38:04.522+0100] {dag.py:3954} INFO - Setting next_dagrun for example_subdag_operator to 2022-01-01 00:00:00+00:00, run_after=2022-01-01 00:00:00+00:00
[2024-07-12T11:38:04.543+0100] {logging_mixin.py:188} INFO - [2024-07-12T11:38:04.543+0100] {dag.py:3954} INFO - Setting next_dagrun for example_subdag_operator.section-1 to None, run_after=None
[2024-07-12T11:38:04.554+0100] {logging_mixin.py:188} INFO - [2024-07-12T11:38:04.553+0100] {dag.py:3954} INFO - Setting next_dagrun for example_subdag_operator.section-2 to None, run_after=None
[2024-07-12T11:38:04.608+0100] {logging_mixin.py:188} INFO - [2024-07-12T11:38:04.607+0100] {dag.py:3096} INFO - Sync 2 DAGs
[2024-07-12T11:38:04.627+0100] {logging_mixin.py:188} INFO - [2024-07-12T11:38:04.627+0100] {dag.py:3954} INFO - Setting next_dagrun for example_subdag_operator.section-1 to None, run_after=None
[2024-07-12T11:38:04.630+0100] {logging_mixin.py:188} INFO - [2024-07-12T11:38:04.629+0100] {dag.py:3954} INFO - Setting next_dagrun for example_subdag_operator.section-2 to None, run_after=None
[2024-07-12T11:38:04.872+0100] {processor.py:183} INFO - Processing /home/victor/airflow_env/lib/python3.10/site-packages/airflow/example_dags/example_subdag_operator.py took 0.876 seconds
[2024-07-12T11:39:29.188+0100] {processor.py:161} INFO - Started process (PID=24855) to work on /home/victor/airflow_env/lib/python3.10/site-packages/airflow/example_dags/example_subdag_operator.py
[2024-07-12T11:39:29.193+0100] {processor.py:830} INFO - Processing file /home/victor/airflow_env/lib/python3.10/site-packages/airflow/example_dags/example_subdag_operator.py for tasks to queue
[2024-07-12T11:39:29.201+0100] {logging_mixin.py:188} INFO - [2024-07-12T11:39:29.199+0100] {dagbag.py:545} INFO - Filling up the DagBag from /home/victor/airflow_env/lib/python3.10/site-packages/airflow/example_dags/example_subdag_operator.py
[2024-07-12T11:39:29.375+0100] {processor.py:840} INFO - DAG(s) 'example_subdag_operator.section-1', 'example_subdag_operator.section-2', 'example_subdag_operator' retrieved from /home/victor/airflow_env/lib/python3.10/site-packages/airflow/example_dags/example_subdag_operator.py
[2024-07-12T11:39:29.505+0100] {logging_mixin.py:188} INFO - [2024-07-12T11:39:29.504+0100] {dag.py:3096} INFO - Sync 3 DAGs
[2024-07-12T11:39:29.645+0100] {logging_mixin.py:188} INFO - [2024-07-12T11:39:29.644+0100] {dag.py:3954} INFO - Setting next_dagrun for example_subdag_operator to 2022-01-01 00:00:00+00:00, run_after=2022-01-01 00:00:00+00:00
[2024-07-12T11:39:29.675+0100] {logging_mixin.py:188} INFO - [2024-07-12T11:39:29.674+0100] {dag.py:3954} INFO - Setting next_dagrun for example_subdag_operator.section-1 to None, run_after=None
[2024-07-12T11:39:29.685+0100] {logging_mixin.py:188} INFO - [2024-07-12T11:39:29.684+0100] {dag.py:3954} INFO - Setting next_dagrun for example_subdag_operator.section-2 to None, run_after=None
[2024-07-12T11:39:29.737+0100] {logging_mixin.py:188} INFO - [2024-07-12T11:39:29.736+0100] {dag.py:3096} INFO - Sync 2 DAGs
[2024-07-12T11:39:29.757+0100] {logging_mixin.py:188} INFO - [2024-07-12T11:39:29.757+0100] {dag.py:3954} INFO - Setting next_dagrun for example_subdag_operator.section-1 to None, run_after=None
[2024-07-12T11:39:29.760+0100] {logging_mixin.py:188} INFO - [2024-07-12T11:39:29.759+0100] {dag.py:3954} INFO - Setting next_dagrun for example_subdag_operator.section-2 to None, run_after=None
[2024-07-12T11:39:29.997+0100] {processor.py:183} INFO - Processing /home/victor/airflow_env/lib/python3.10/site-packages/airflow/example_dags/example_subdag_operator.py took 0.837 seconds
[2024-07-12T11:40:59.859+0100] {processor.py:161} INFO - Started process (PID=25225) to work on /home/victor/airflow_env/lib/python3.10/site-packages/airflow/example_dags/example_subdag_operator.py
[2024-07-12T11:40:59.864+0100] {processor.py:830} INFO - Processing file /home/victor/airflow_env/lib/python3.10/site-packages/airflow/example_dags/example_subdag_operator.py for tasks to queue
[2024-07-12T11:40:59.873+0100] {logging_mixin.py:188} INFO - [2024-07-12T11:40:59.870+0100] {dagbag.py:545} INFO - Filling up the DagBag from /home/victor/airflow_env/lib/python3.10/site-packages/airflow/example_dags/example_subdag_operator.py
[2024-07-12T11:41:00.110+0100] {processor.py:840} INFO - DAG(s) 'example_subdag_operator.section-1', 'example_subdag_operator.section-2', 'example_subdag_operator' retrieved from /home/victor/airflow_env/lib/python3.10/site-packages/airflow/example_dags/example_subdag_operator.py
[2024-07-12T11:41:00.265+0100] {logging_mixin.py:188} INFO - [2024-07-12T11:41:00.264+0100] {dag.py:3096} INFO - Sync 3 DAGs
[2024-07-12T11:41:00.587+0100] {logging_mixin.py:188} INFO - [2024-07-12T11:41:00.581+0100] {dag.py:3954} INFO - Setting next_dagrun for example_subdag_operator to 2022-01-01 00:00:00+00:00, run_after=2022-01-01 00:00:00+00:00
[2024-07-12T11:41:00.623+0100] {logging_mixin.py:188} INFO - [2024-07-12T11:41:00.622+0100] {dag.py:3954} INFO - Setting next_dagrun for example_subdag_operator.section-1 to None, run_after=None
[2024-07-12T11:41:00.640+0100] {logging_mixin.py:188} INFO - [2024-07-12T11:41:00.639+0100] {dag.py:3954} INFO - Setting next_dagrun for example_subdag_operator.section-2 to None, run_after=None
[2024-07-12T11:41:00.731+0100] {logging_mixin.py:188} INFO - [2024-07-12T11:41:00.730+0100] {dag.py:3096} INFO - Sync 2 DAGs
[2024-07-12T11:41:00.770+0100] {logging_mixin.py:188} INFO - [2024-07-12T11:41:00.769+0100] {dag.py:3954} INFO - Setting next_dagrun for example_subdag_operator.section-1 to None, run_after=None
[2024-07-12T11:41:00.786+0100] {logging_mixin.py:188} INFO - [2024-07-12T11:41:00.785+0100] {dag.py:3954} INFO - Setting next_dagrun for example_subdag_operator.section-2 to None, run_after=None
[2024-07-12T11:41:01.301+0100] {processor.py:183} INFO - Processing /home/victor/airflow_env/lib/python3.10/site-packages/airflow/example_dags/example_subdag_operator.py took 1.475 seconds
[2024-07-12T11:42:33.134+0100] {processor.py:161} INFO - Started process (PID=25603) to work on /home/victor/airflow_env/lib/python3.10/site-packages/airflow/example_dags/example_subdag_operator.py
[2024-07-12T11:42:33.140+0100] {processor.py:830} INFO - Processing file /home/victor/airflow_env/lib/python3.10/site-packages/airflow/example_dags/example_subdag_operator.py for tasks to queue
[2024-07-12T11:42:33.148+0100] {logging_mixin.py:188} INFO - [2024-07-12T11:42:33.146+0100] {dagbag.py:545} INFO - Filling up the DagBag from /home/victor/airflow_env/lib/python3.10/site-packages/airflow/example_dags/example_subdag_operator.py
[2024-07-12T11:42:33.318+0100] {processor.py:840} INFO - DAG(s) 'example_subdag_operator.section-1', 'example_subdag_operator.section-2', 'example_subdag_operator' retrieved from /home/victor/airflow_env/lib/python3.10/site-packages/airflow/example_dags/example_subdag_operator.py
[2024-07-12T11:42:33.487+0100] {logging_mixin.py:188} INFO - [2024-07-12T11:42:33.486+0100] {dag.py:3096} INFO - Sync 3 DAGs
[2024-07-12T11:42:33.648+0100] {logging_mixin.py:188} INFO - [2024-07-12T11:42:33.646+0100] {dag.py:3954} INFO - Setting next_dagrun for example_subdag_operator to 2022-01-01 00:00:00+00:00, run_after=2022-01-01 00:00:00+00:00
[2024-07-12T11:42:33.677+0100] {logging_mixin.py:188} INFO - [2024-07-12T11:42:33.676+0100] {dag.py:3954} INFO - Setting next_dagrun for example_subdag_operator.section-1 to None, run_after=None
[2024-07-12T11:42:33.692+0100] {logging_mixin.py:188} INFO - [2024-07-12T11:42:33.691+0100] {dag.py:3954} INFO - Setting next_dagrun for example_subdag_operator.section-2 to None, run_after=None
[2024-07-12T11:42:33.764+0100] {logging_mixin.py:188} INFO - [2024-07-12T11:42:33.763+0100] {dag.py:3096} INFO - Sync 2 DAGs
[2024-07-12T11:42:33.797+0100] {logging_mixin.py:188} INFO - [2024-07-12T11:42:33.796+0100] {dag.py:3954} INFO - Setting next_dagrun for example_subdag_operator.section-1 to None, run_after=None
[2024-07-12T11:42:33.801+0100] {logging_mixin.py:188} INFO - [2024-07-12T11:42:33.800+0100] {dag.py:3954} INFO - Setting next_dagrun for example_subdag_operator.section-2 to None, run_after=None
[2024-07-12T11:42:34.075+0100] {processor.py:183} INFO - Processing /home/victor/airflow_env/lib/python3.10/site-packages/airflow/example_dags/example_subdag_operator.py took 0.975 seconds
[2024-07-12T11:43:56.948+0100] {processor.py:161} INFO - Started process (PID=25952) to work on /home/victor/airflow_env/lib/python3.10/site-packages/airflow/example_dags/example_subdag_operator.py
[2024-07-12T11:43:56.955+0100] {processor.py:830} INFO - Processing file /home/victor/airflow_env/lib/python3.10/site-packages/airflow/example_dags/example_subdag_operator.py for tasks to queue
[2024-07-12T11:43:56.964+0100] {logging_mixin.py:188} INFO - [2024-07-12T11:43:56.961+0100] {dagbag.py:545} INFO - Filling up the DagBag from /home/victor/airflow_env/lib/python3.10/site-packages/airflow/example_dags/example_subdag_operator.py
[2024-07-12T11:43:57.126+0100] {processor.py:840} INFO - DAG(s) 'example_subdag_operator.section-1', 'example_subdag_operator.section-2', 'example_subdag_operator' retrieved from /home/victor/airflow_env/lib/python3.10/site-packages/airflow/example_dags/example_subdag_operator.py
[2024-07-12T11:43:57.235+0100] {logging_mixin.py:188} INFO - [2024-07-12T11:43:57.234+0100] {dag.py:3096} INFO - Sync 3 DAGs
[2024-07-12T11:43:57.342+0100] {logging_mixin.py:188} INFO - [2024-07-12T11:43:57.341+0100] {dag.py:3954} INFO - Setting next_dagrun for example_subdag_operator to 2022-01-01 00:00:00+00:00, run_after=2022-01-01 00:00:00+00:00
[2024-07-12T11:43:57.361+0100] {logging_mixin.py:188} INFO - [2024-07-12T11:43:57.360+0100] {dag.py:3954} INFO - Setting next_dagrun for example_subdag_operator.section-1 to None, run_after=None
[2024-07-12T11:43:57.370+0100] {logging_mixin.py:188} INFO - [2024-07-12T11:43:57.369+0100] {dag.py:3954} INFO - Setting next_dagrun for example_subdag_operator.section-2 to None, run_after=None
[2024-07-12T11:43:57.417+0100] {logging_mixin.py:188} INFO - [2024-07-12T11:43:57.416+0100] {dag.py:3096} INFO - Sync 2 DAGs
[2024-07-12T11:43:57.445+0100] {logging_mixin.py:188} INFO - [2024-07-12T11:43:57.444+0100] {dag.py:3954} INFO - Setting next_dagrun for example_subdag_operator.section-1 to None, run_after=None
[2024-07-12T11:43:57.448+0100] {logging_mixin.py:188} INFO - [2024-07-12T11:43:57.447+0100] {dag.py:3954} INFO - Setting next_dagrun for example_subdag_operator.section-2 to None, run_after=None
[2024-07-12T11:43:57.722+0100] {processor.py:183} INFO - Processing /home/victor/airflow_env/lib/python3.10/site-packages/airflow/example_dags/example_subdag_operator.py took 0.808 seconds
[2024-07-12T11:45:22.046+0100] {processor.py:161} INFO - Started process (PID=26306) to work on /home/victor/airflow_env/lib/python3.10/site-packages/airflow/example_dags/example_subdag_operator.py
[2024-07-12T11:45:22.051+0100] {processor.py:830} INFO - Processing file /home/victor/airflow_env/lib/python3.10/site-packages/airflow/example_dags/example_subdag_operator.py for tasks to queue
[2024-07-12T11:45:22.064+0100] {logging_mixin.py:188} INFO - [2024-07-12T11:45:22.062+0100] {dagbag.py:545} INFO - Filling up the DagBag from /home/victor/airflow_env/lib/python3.10/site-packages/airflow/example_dags/example_subdag_operator.py
[2024-07-12T11:45:22.223+0100] {processor.py:840} INFO - DAG(s) 'example_subdag_operator.section-1', 'example_subdag_operator.section-2', 'example_subdag_operator' retrieved from /home/victor/airflow_env/lib/python3.10/site-packages/airflow/example_dags/example_subdag_operator.py
[2024-07-12T11:45:22.357+0100] {logging_mixin.py:188} INFO - [2024-07-12T11:45:22.356+0100] {dag.py:3096} INFO - Sync 3 DAGs
[2024-07-12T11:45:22.501+0100] {logging_mixin.py:188} INFO - [2024-07-12T11:45:22.500+0100] {dag.py:3954} INFO - Setting next_dagrun for example_subdag_operator to 2022-01-01 00:00:00+00:00, run_after=2022-01-01 00:00:00+00:00
[2024-07-12T11:45:22.527+0100] {logging_mixin.py:188} INFO - [2024-07-12T11:45:22.525+0100] {dag.py:3954} INFO - Setting next_dagrun for example_subdag_operator.section-1 to None, run_after=None
[2024-07-12T11:45:22.539+0100] {logging_mixin.py:188} INFO - [2024-07-12T11:45:22.538+0100] {dag.py:3954} INFO - Setting next_dagrun for example_subdag_operator.section-2 to None, run_after=None
[2024-07-12T11:45:22.589+0100] {logging_mixin.py:188} INFO - [2024-07-12T11:45:22.588+0100] {dag.py:3096} INFO - Sync 2 DAGs
[2024-07-12T11:45:22.613+0100] {logging_mixin.py:188} INFO - [2024-07-12T11:45:22.612+0100] {dag.py:3954} INFO - Setting next_dagrun for example_subdag_operator.section-1 to None, run_after=None
[2024-07-12T11:45:22.616+0100] {logging_mixin.py:188} INFO - [2024-07-12T11:45:22.615+0100] {dag.py:3954} INFO - Setting next_dagrun for example_subdag_operator.section-2 to None, run_after=None
[2024-07-12T11:45:22.889+0100] {processor.py:183} INFO - Processing /home/victor/airflow_env/lib/python3.10/site-packages/airflow/example_dags/example_subdag_operator.py took 0.877 seconds
[2024-07-12T11:46:41.097+0100] {processor.py:161} INFO - Started process (PID=26634) to work on /home/victor/airflow_env/lib/python3.10/site-packages/airflow/example_dags/example_subdag_operator.py
[2024-07-12T11:46:41.102+0100] {processor.py:830} INFO - Processing file /home/victor/airflow_env/lib/python3.10/site-packages/airflow/example_dags/example_subdag_operator.py for tasks to queue
[2024-07-12T11:46:41.110+0100] {logging_mixin.py:188} INFO - [2024-07-12T11:46:41.108+0100] {dagbag.py:545} INFO - Filling up the DagBag from /home/victor/airflow_env/lib/python3.10/site-packages/airflow/example_dags/example_subdag_operator.py
[2024-07-12T11:46:41.299+0100] {processor.py:840} INFO - DAG(s) 'example_subdag_operator.section-1', 'example_subdag_operator.section-2', 'example_subdag_operator' retrieved from /home/victor/airflow_env/lib/python3.10/site-packages/airflow/example_dags/example_subdag_operator.py
[2024-07-12T11:46:41.423+0100] {logging_mixin.py:188} INFO - [2024-07-12T11:46:41.422+0100] {dag.py:3096} INFO - Sync 3 DAGs
[2024-07-12T11:46:41.542+0100] {logging_mixin.py:188} INFO - [2024-07-12T11:46:41.541+0100] {dag.py:3954} INFO - Setting next_dagrun for example_subdag_operator to 2022-01-01 00:00:00+00:00, run_after=2022-01-01 00:00:00+00:00
[2024-07-12T11:46:41.563+0100] {logging_mixin.py:188} INFO - [2024-07-12T11:46:41.562+0100] {dag.py:3954} INFO - Setting next_dagrun for example_subdag_operator.section-1 to None, run_after=None
[2024-07-12T11:46:41.573+0100] {logging_mixin.py:188} INFO - [2024-07-12T11:46:41.572+0100] {dag.py:3954} INFO - Setting next_dagrun for example_subdag_operator.section-2 to None, run_after=None
[2024-07-12T11:46:41.632+0100] {logging_mixin.py:188} INFO - [2024-07-12T11:46:41.631+0100] {dag.py:3096} INFO - Sync 2 DAGs
[2024-07-12T11:46:41.651+0100] {logging_mixin.py:188} INFO - [2024-07-12T11:46:41.650+0100] {dag.py:3954} INFO - Setting next_dagrun for example_subdag_operator.section-1 to None, run_after=None
[2024-07-12T11:46:41.653+0100] {logging_mixin.py:188} INFO - [2024-07-12T11:46:41.653+0100] {dag.py:3954} INFO - Setting next_dagrun for example_subdag_operator.section-2 to None, run_after=None
[2024-07-12T11:46:41.917+0100] {processor.py:183} INFO - Processing /home/victor/airflow_env/lib/python3.10/site-packages/airflow/example_dags/example_subdag_operator.py took 0.850 seconds
[2024-07-12T11:48:14.335+0100] {processor.py:161} INFO - Started process (PID=27022) to work on /home/victor/airflow_env/lib/python3.10/site-packages/airflow/example_dags/example_subdag_operator.py
[2024-07-12T11:48:14.341+0100] {processor.py:830} INFO - Processing file /home/victor/airflow_env/lib/python3.10/site-packages/airflow/example_dags/example_subdag_operator.py for tasks to queue
[2024-07-12T11:48:14.349+0100] {logging_mixin.py:188} INFO - [2024-07-12T11:48:14.347+0100] {dagbag.py:545} INFO - Filling up the DagBag from /home/victor/airflow_env/lib/python3.10/site-packages/airflow/example_dags/example_subdag_operator.py
[2024-07-12T11:48:14.541+0100] {processor.py:840} INFO - DAG(s) 'example_subdag_operator.section-1', 'example_subdag_operator.section-2', 'example_subdag_operator' retrieved from /home/victor/airflow_env/lib/python3.10/site-packages/airflow/example_dags/example_subdag_operator.py
[2024-07-12T11:48:14.672+0100] {logging_mixin.py:188} INFO - [2024-07-12T11:48:14.671+0100] {dag.py:3096} INFO - Sync 3 DAGs
[2024-07-12T11:48:14.795+0100] {logging_mixin.py:188} INFO - [2024-07-12T11:48:14.794+0100] {dag.py:3954} INFO - Setting next_dagrun for example_subdag_operator to 2022-01-01 00:00:00+00:00, run_after=2022-01-01 00:00:00+00:00
[2024-07-12T11:48:14.818+0100] {logging_mixin.py:188} INFO - [2024-07-12T11:48:14.817+0100] {dag.py:3954} INFO - Setting next_dagrun for example_subdag_operator.section-1 to None, run_after=None
[2024-07-12T11:48:14.828+0100] {logging_mixin.py:188} INFO - [2024-07-12T11:48:14.827+0100] {dag.py:3954} INFO - Setting next_dagrun for example_subdag_operator.section-2 to None, run_after=None
[2024-07-12T11:48:14.898+0100] {logging_mixin.py:188} INFO - [2024-07-12T11:48:14.897+0100] {dag.py:3096} INFO - Sync 2 DAGs
[2024-07-12T11:48:14.918+0100] {logging_mixin.py:188} INFO - [2024-07-12T11:48:14.918+0100] {dag.py:3954} INFO - Setting next_dagrun for example_subdag_operator.section-1 to None, run_after=None
[2024-07-12T11:48:14.922+0100] {logging_mixin.py:188} INFO - [2024-07-12T11:48:14.921+0100] {dag.py:3954} INFO - Setting next_dagrun for example_subdag_operator.section-2 to None, run_after=None
[2024-07-12T11:48:15.255+0100] {processor.py:183} INFO - Processing /home/victor/airflow_env/lib/python3.10/site-packages/airflow/example_dags/example_subdag_operator.py took 0.950 seconds
[2024-07-12T11:49:47.152+0100] {processor.py:161} INFO - Started process (PID=27399) to work on /home/victor/airflow_env/lib/python3.10/site-packages/airflow/example_dags/example_subdag_operator.py
[2024-07-12T11:49:47.157+0100] {processor.py:830} INFO - Processing file /home/victor/airflow_env/lib/python3.10/site-packages/airflow/example_dags/example_subdag_operator.py for tasks to queue
[2024-07-12T11:49:47.165+0100] {logging_mixin.py:188} INFO - [2024-07-12T11:49:47.163+0100] {dagbag.py:545} INFO - Filling up the DagBag from /home/victor/airflow_env/lib/python3.10/site-packages/airflow/example_dags/example_subdag_operator.py
[2024-07-12T11:49:47.316+0100] {processor.py:840} INFO - DAG(s) 'example_subdag_operator.section-1', 'example_subdag_operator.section-2', 'example_subdag_operator' retrieved from /home/victor/airflow_env/lib/python3.10/site-packages/airflow/example_dags/example_subdag_operator.py
[2024-07-12T11:49:47.420+0100] {logging_mixin.py:188} INFO - [2024-07-12T11:49:47.419+0100] {dag.py:3096} INFO - Sync 3 DAGs
[2024-07-12T11:49:47.529+0100] {logging_mixin.py:188} INFO - [2024-07-12T11:49:47.528+0100] {dag.py:3954} INFO - Setting next_dagrun for example_subdag_operator to 2022-01-01 00:00:00+00:00, run_after=2022-01-01 00:00:00+00:00
[2024-07-12T11:49:47.548+0100] {logging_mixin.py:188} INFO - [2024-07-12T11:49:47.547+0100] {dag.py:3954} INFO - Setting next_dagrun for example_subdag_operator.section-1 to None, run_after=None
[2024-07-12T11:49:47.559+0100] {logging_mixin.py:188} INFO - [2024-07-12T11:49:47.558+0100] {dag.py:3954} INFO - Setting next_dagrun for example_subdag_operator.section-2 to None, run_after=None
[2024-07-12T11:49:47.611+0100] {logging_mixin.py:188} INFO - [2024-07-12T11:49:47.610+0100] {dag.py:3096} INFO - Sync 2 DAGs
[2024-07-12T11:49:47.630+0100] {logging_mixin.py:188} INFO - [2024-07-12T11:49:47.629+0100] {dag.py:3954} INFO - Setting next_dagrun for example_subdag_operator.section-1 to None, run_after=None
[2024-07-12T11:49:47.633+0100] {logging_mixin.py:188} INFO - [2024-07-12T11:49:47.632+0100] {dag.py:3954} INFO - Setting next_dagrun for example_subdag_operator.section-2 to None, run_after=None
[2024-07-12T11:49:47.891+0100] {processor.py:183} INFO - Processing /home/victor/airflow_env/lib/python3.10/site-packages/airflow/example_dags/example_subdag_operator.py took 0.773 seconds
[2024-07-12T11:51:19.636+0100] {processor.py:161} INFO - Started process (PID=27782) to work on /home/victor/airflow_env/lib/python3.10/site-packages/airflow/example_dags/example_subdag_operator.py
[2024-07-12T11:51:19.641+0100] {processor.py:830} INFO - Processing file /home/victor/airflow_env/lib/python3.10/site-packages/airflow/example_dags/example_subdag_operator.py for tasks to queue
[2024-07-12T11:51:19.650+0100] {logging_mixin.py:188} INFO - [2024-07-12T11:51:19.648+0100] {dagbag.py:545} INFO - Filling up the DagBag from /home/victor/airflow_env/lib/python3.10/site-packages/airflow/example_dags/example_subdag_operator.py
[2024-07-12T11:51:19.827+0100] {processor.py:840} INFO - DAG(s) 'example_subdag_operator.section-1', 'example_subdag_operator.section-2', 'example_subdag_operator' retrieved from /home/victor/airflow_env/lib/python3.10/site-packages/airflow/example_dags/example_subdag_operator.py
[2024-07-12T11:51:20.040+0100] {logging_mixin.py:188} INFO - [2024-07-12T11:51:20.039+0100] {dag.py:3096} INFO - Sync 3 DAGs
[2024-07-12T11:51:20.209+0100] {logging_mixin.py:188} INFO - [2024-07-12T11:51:20.208+0100] {dag.py:3954} INFO - Setting next_dagrun for example_subdag_operator to 2022-01-01 00:00:00+00:00, run_after=2022-01-01 00:00:00+00:00
[2024-07-12T11:51:20.241+0100] {logging_mixin.py:188} INFO - [2024-07-12T11:51:20.240+0100] {dag.py:3954} INFO - Setting next_dagrun for example_subdag_operator.section-1 to None, run_after=None
[2024-07-12T11:51:20.252+0100] {logging_mixin.py:188} INFO - [2024-07-12T11:51:20.251+0100] {dag.py:3954} INFO - Setting next_dagrun for example_subdag_operator.section-2 to None, run_after=None
[2024-07-12T11:51:20.321+0100] {logging_mixin.py:188} INFO - [2024-07-12T11:51:20.320+0100] {dag.py:3096} INFO - Sync 2 DAGs
[2024-07-12T11:51:20.343+0100] {logging_mixin.py:188} INFO - [2024-07-12T11:51:20.342+0100] {dag.py:3954} INFO - Setting next_dagrun for example_subdag_operator.section-1 to None, run_after=None
[2024-07-12T11:51:20.346+0100] {logging_mixin.py:188} INFO - [2024-07-12T11:51:20.345+0100] {dag.py:3954} INFO - Setting next_dagrun for example_subdag_operator.section-2 to None, run_after=None
[2024-07-12T11:51:20.633+0100] {processor.py:183} INFO - Processing /home/victor/airflow_env/lib/python3.10/site-packages/airflow/example_dags/example_subdag_operator.py took 1.028 seconds
[2024-07-12T11:52:38.049+0100] {processor.py:161} INFO - Started process (PID=28107) to work on /home/victor/airflow_env/lib/python3.10/site-packages/airflow/example_dags/example_subdag_operator.py
[2024-07-12T11:52:38.064+0100] {processor.py:830} INFO - Processing file /home/victor/airflow_env/lib/python3.10/site-packages/airflow/example_dags/example_subdag_operator.py for tasks to queue
[2024-07-12T11:52:38.073+0100] {logging_mixin.py:188} INFO - [2024-07-12T11:52:38.071+0100] {dagbag.py:545} INFO - Filling up the DagBag from /home/victor/airflow_env/lib/python3.10/site-packages/airflow/example_dags/example_subdag_operator.py
[2024-07-12T11:52:38.269+0100] {processor.py:840} INFO - DAG(s) 'example_subdag_operator.section-1', 'example_subdag_operator.section-2', 'example_subdag_operator' retrieved from /home/victor/airflow_env/lib/python3.10/site-packages/airflow/example_dags/example_subdag_operator.py
[2024-07-12T11:52:38.371+0100] {logging_mixin.py:188} INFO - [2024-07-12T11:52:38.370+0100] {dag.py:3096} INFO - Sync 3 DAGs
[2024-07-12T11:52:38.480+0100] {logging_mixin.py:188} INFO - [2024-07-12T11:52:38.479+0100] {dag.py:3954} INFO - Setting next_dagrun for example_subdag_operator to 2022-01-01 00:00:00+00:00, run_after=2022-01-01 00:00:00+00:00
[2024-07-12T11:52:38.503+0100] {logging_mixin.py:188} INFO - [2024-07-12T11:52:38.502+0100] {dag.py:3954} INFO - Setting next_dagrun for example_subdag_operator.section-1 to None, run_after=None
[2024-07-12T11:52:38.513+0100] {logging_mixin.py:188} INFO - [2024-07-12T11:52:38.512+0100] {dag.py:3954} INFO - Setting next_dagrun for example_subdag_operator.section-2 to None, run_after=None
[2024-07-12T11:52:38.562+0100] {logging_mixin.py:188} INFO - [2024-07-12T11:52:38.561+0100] {dag.py:3096} INFO - Sync 2 DAGs
[2024-07-12T11:52:38.581+0100] {logging_mixin.py:188} INFO - [2024-07-12T11:52:38.580+0100] {dag.py:3954} INFO - Setting next_dagrun for example_subdag_operator.section-1 to None, run_after=None
[2024-07-12T11:52:38.584+0100] {logging_mixin.py:188} INFO - [2024-07-12T11:52:38.583+0100] {dag.py:3954} INFO - Setting next_dagrun for example_subdag_operator.section-2 to None, run_after=None
[2024-07-12T11:52:38.816+0100] {processor.py:183} INFO - Processing /home/victor/airflow_env/lib/python3.10/site-packages/airflow/example_dags/example_subdag_operator.py took 0.804 seconds
[2024-07-12T11:53:58.075+0100] {processor.py:161} INFO - Started process (PID=28440) to work on /home/victor/airflow_env/lib/python3.10/site-packages/airflow/example_dags/example_subdag_operator.py
[2024-07-12T11:53:58.086+0100] {processor.py:830} INFO - Processing file /home/victor/airflow_env/lib/python3.10/site-packages/airflow/example_dags/example_subdag_operator.py for tasks to queue
[2024-07-12T11:53:58.095+0100] {logging_mixin.py:188} INFO - [2024-07-12T11:53:58.093+0100] {dagbag.py:545} INFO - Filling up the DagBag from /home/victor/airflow_env/lib/python3.10/site-packages/airflow/example_dags/example_subdag_operator.py
[2024-07-12T11:53:58.260+0100] {processor.py:840} INFO - DAG(s) 'example_subdag_operator.section-1', 'example_subdag_operator.section-2', 'example_subdag_operator' retrieved from /home/victor/airflow_env/lib/python3.10/site-packages/airflow/example_dags/example_subdag_operator.py
[2024-07-12T11:53:58.381+0100] {logging_mixin.py:188} INFO - [2024-07-12T11:53:58.380+0100] {dag.py:3096} INFO - Sync 3 DAGs
[2024-07-12T11:53:58.503+0100] {logging_mixin.py:188} INFO - [2024-07-12T11:53:58.503+0100] {dag.py:3954} INFO - Setting next_dagrun for example_subdag_operator to 2022-01-01 00:00:00+00:00, run_after=2022-01-01 00:00:00+00:00
[2024-07-12T11:53:58.526+0100] {logging_mixin.py:188} INFO - [2024-07-12T11:53:58.526+0100] {dag.py:3954} INFO - Setting next_dagrun for example_subdag_operator.section-1 to None, run_after=None
[2024-07-12T11:53:58.536+0100] {logging_mixin.py:188} INFO - [2024-07-12T11:53:58.535+0100] {dag.py:3954} INFO - Setting next_dagrun for example_subdag_operator.section-2 to None, run_after=None
[2024-07-12T11:53:58.621+0100] {logging_mixin.py:188} INFO - [2024-07-12T11:53:58.619+0100] {dag.py:3096} INFO - Sync 2 DAGs
[2024-07-12T11:53:58.657+0100] {logging_mixin.py:188} INFO - [2024-07-12T11:53:58.656+0100] {dag.py:3954} INFO - Setting next_dagrun for example_subdag_operator.section-1 to None, run_after=None
[2024-07-12T11:53:58.660+0100] {logging_mixin.py:188} INFO - [2024-07-12T11:53:58.659+0100] {dag.py:3954} INFO - Setting next_dagrun for example_subdag_operator.section-2 to None, run_after=None
[2024-07-12T11:53:58.927+0100] {processor.py:183} INFO - Processing /home/victor/airflow_env/lib/python3.10/site-packages/airflow/example_dags/example_subdag_operator.py took 0.921 seconds
[2024-07-12T11:55:19.688+0100] {processor.py:161} INFO - Started process (PID=28776) to work on /home/victor/airflow_env/lib/python3.10/site-packages/airflow/example_dags/example_subdag_operator.py
[2024-07-12T11:55:19.693+0100] {processor.py:830} INFO - Processing file /home/victor/airflow_env/lib/python3.10/site-packages/airflow/example_dags/example_subdag_operator.py for tasks to queue
[2024-07-12T11:55:19.712+0100] {logging_mixin.py:188} INFO - [2024-07-12T11:55:19.710+0100] {dagbag.py:545} INFO - Filling up the DagBag from /home/victor/airflow_env/lib/python3.10/site-packages/airflow/example_dags/example_subdag_operator.py
[2024-07-12T11:55:19.891+0100] {processor.py:840} INFO - DAG(s) 'example_subdag_operator.section-1', 'example_subdag_operator.section-2', 'example_subdag_operator' retrieved from /home/victor/airflow_env/lib/python3.10/site-packages/airflow/example_dags/example_subdag_operator.py
[2024-07-12T11:55:20.028+0100] {logging_mixin.py:188} INFO - [2024-07-12T11:55:20.027+0100] {dag.py:3096} INFO - Sync 3 DAGs
[2024-07-12T11:55:20.161+0100] {logging_mixin.py:188} INFO - [2024-07-12T11:55:20.159+0100] {dag.py:3954} INFO - Setting next_dagrun for example_subdag_operator to 2022-01-01 00:00:00+00:00, run_after=2022-01-01 00:00:00+00:00
[2024-07-12T11:55:20.181+0100] {logging_mixin.py:188} INFO - [2024-07-12T11:55:20.180+0100] {dag.py:3954} INFO - Setting next_dagrun for example_subdag_operator.section-1 to None, run_after=None
[2024-07-12T11:55:20.190+0100] {logging_mixin.py:188} INFO - [2024-07-12T11:55:20.189+0100] {dag.py:3954} INFO - Setting next_dagrun for example_subdag_operator.section-2 to None, run_after=None
[2024-07-12T11:55:20.248+0100] {logging_mixin.py:188} INFO - [2024-07-12T11:55:20.247+0100] {dag.py:3096} INFO - Sync 2 DAGs
[2024-07-12T11:55:20.267+0100] {logging_mixin.py:188} INFO - [2024-07-12T11:55:20.266+0100] {dag.py:3954} INFO - Setting next_dagrun for example_subdag_operator.section-1 to None, run_after=None
[2024-07-12T11:55:20.269+0100] {logging_mixin.py:188} INFO - [2024-07-12T11:55:20.268+0100] {dag.py:3954} INFO - Setting next_dagrun for example_subdag_operator.section-2 to None, run_after=None
[2024-07-12T11:55:20.523+0100] {processor.py:183} INFO - Processing /home/victor/airflow_env/lib/python3.10/site-packages/airflow/example_dags/example_subdag_operator.py took 0.864 seconds
[2024-07-12T11:56:43.911+0100] {processor.py:161} INFO - Started process (PID=29123) to work on /home/victor/airflow_env/lib/python3.10/site-packages/airflow/example_dags/example_subdag_operator.py
[2024-07-12T11:56:43.916+0100] {processor.py:830} INFO - Processing file /home/victor/airflow_env/lib/python3.10/site-packages/airflow/example_dags/example_subdag_operator.py for tasks to queue
[2024-07-12T11:56:43.924+0100] {logging_mixin.py:188} INFO - [2024-07-12T11:56:43.923+0100] {dagbag.py:545} INFO - Filling up the DagBag from /home/victor/airflow_env/lib/python3.10/site-packages/airflow/example_dags/example_subdag_operator.py
[2024-07-12T11:56:44.105+0100] {processor.py:840} INFO - DAG(s) 'example_subdag_operator.section-1', 'example_subdag_operator.section-2', 'example_subdag_operator' retrieved from /home/victor/airflow_env/lib/python3.10/site-packages/airflow/example_dags/example_subdag_operator.py
[2024-07-12T11:56:44.334+0100] {logging_mixin.py:188} INFO - [2024-07-12T11:56:44.332+0100] {dag.py:3096} INFO - Sync 3 DAGs
[2024-07-12T11:56:44.472+0100] {logging_mixin.py:188} INFO - [2024-07-12T11:56:44.471+0100] {dag.py:3954} INFO - Setting next_dagrun for example_subdag_operator to 2022-01-01 00:00:00+00:00, run_after=2022-01-01 00:00:00+00:00
[2024-07-12T11:56:44.495+0100] {logging_mixin.py:188} INFO - [2024-07-12T11:56:44.494+0100] {dag.py:3954} INFO - Setting next_dagrun for example_subdag_operator.section-1 to None, run_after=None
[2024-07-12T11:56:44.505+0100] {logging_mixin.py:188} INFO - [2024-07-12T11:56:44.504+0100] {dag.py:3954} INFO - Setting next_dagrun for example_subdag_operator.section-2 to None, run_after=None
[2024-07-12T11:56:44.555+0100] {logging_mixin.py:188} INFO - [2024-07-12T11:56:44.554+0100] {dag.py:3096} INFO - Sync 2 DAGs
[2024-07-12T11:56:44.575+0100] {logging_mixin.py:188} INFO - [2024-07-12T11:56:44.574+0100] {dag.py:3954} INFO - Setting next_dagrun for example_subdag_operator.section-1 to None, run_after=None
[2024-07-12T11:56:44.578+0100] {logging_mixin.py:188} INFO - [2024-07-12T11:56:44.577+0100] {dag.py:3954} INFO - Setting next_dagrun for example_subdag_operator.section-2 to None, run_after=None
[2024-07-12T11:56:44.993+0100] {processor.py:183} INFO - Processing /home/victor/airflow_env/lib/python3.10/site-packages/airflow/example_dags/example_subdag_operator.py took 1.116 seconds
[2024-07-12T11:58:11.520+0100] {processor.py:161} INFO - Started process (PID=29479) to work on /home/victor/airflow_env/lib/python3.10/site-packages/airflow/example_dags/example_subdag_operator.py
[2024-07-12T11:58:11.535+0100] {processor.py:830} INFO - Processing file /home/victor/airflow_env/lib/python3.10/site-packages/airflow/example_dags/example_subdag_operator.py for tasks to queue
[2024-07-12T11:58:11.544+0100] {logging_mixin.py:188} INFO - [2024-07-12T11:58:11.542+0100] {dagbag.py:545} INFO - Filling up the DagBag from /home/victor/airflow_env/lib/python3.10/site-packages/airflow/example_dags/example_subdag_operator.py
[2024-07-12T11:58:11.697+0100] {processor.py:840} INFO - DAG(s) 'example_subdag_operator.section-1', 'example_subdag_operator.section-2', 'example_subdag_operator' retrieved from /home/victor/airflow_env/lib/python3.10/site-packages/airflow/example_dags/example_subdag_operator.py
[2024-07-12T11:58:11.815+0100] {logging_mixin.py:188} INFO - [2024-07-12T11:58:11.814+0100] {dag.py:3096} INFO - Sync 3 DAGs
[2024-07-12T11:58:11.934+0100] {logging_mixin.py:188} INFO - [2024-07-12T11:58:11.933+0100] {dag.py:3954} INFO - Setting next_dagrun for example_subdag_operator to 2022-01-01 00:00:00+00:00, run_after=2022-01-01 00:00:00+00:00
[2024-07-12T11:58:11.953+0100] {logging_mixin.py:188} INFO - [2024-07-12T11:58:11.952+0100] {dag.py:3954} INFO - Setting next_dagrun for example_subdag_operator.section-1 to None, run_after=None
[2024-07-12T11:58:11.962+0100] {logging_mixin.py:188} INFO - [2024-07-12T11:58:11.961+0100] {dag.py:3954} INFO - Setting next_dagrun for example_subdag_operator.section-2 to None, run_after=None
[2024-07-12T11:58:12.016+0100] {logging_mixin.py:188} INFO - [2024-07-12T11:58:12.015+0100] {dag.py:3096} INFO - Sync 2 DAGs
[2024-07-12T11:58:12.039+0100] {logging_mixin.py:188} INFO - [2024-07-12T11:58:12.038+0100] {dag.py:3954} INFO - Setting next_dagrun for example_subdag_operator.section-1 to None, run_after=None
[2024-07-12T11:58:12.042+0100] {logging_mixin.py:188} INFO - [2024-07-12T11:58:12.041+0100] {dag.py:3954} INFO - Setting next_dagrun for example_subdag_operator.section-2 to None, run_after=None
[2024-07-12T11:58:12.292+0100] {processor.py:183} INFO - Processing /home/victor/airflow_env/lib/python3.10/site-packages/airflow/example_dags/example_subdag_operator.py took 0.805 seconds
[2024-07-12T11:59:31.886+0100] {processor.py:161} INFO - Started process (PID=29813) to work on /home/victor/airflow_env/lib/python3.10/site-packages/airflow/example_dags/example_subdag_operator.py
[2024-07-12T11:59:31.903+0100] {processor.py:830} INFO - Processing file /home/victor/airflow_env/lib/python3.10/site-packages/airflow/example_dags/example_subdag_operator.py for tasks to queue
[2024-07-12T11:59:31.934+0100] {logging_mixin.py:188} INFO - [2024-07-12T11:59:31.926+0100] {dagbag.py:545} INFO - Filling up the DagBag from /home/victor/airflow_env/lib/python3.10/site-packages/airflow/example_dags/example_subdag_operator.py
[2024-07-12T11:59:32.189+0100] {processor.py:840} INFO - DAG(s) 'example_subdag_operator.section-1', 'example_subdag_operator.section-2', 'example_subdag_operator' retrieved from /home/victor/airflow_env/lib/python3.10/site-packages/airflow/example_dags/example_subdag_operator.py
[2024-07-12T11:59:32.304+0100] {logging_mixin.py:188} INFO - [2024-07-12T11:59:32.303+0100] {dag.py:3096} INFO - Sync 3 DAGs
[2024-07-12T11:59:32.416+0100] {logging_mixin.py:188} INFO - [2024-07-12T11:59:32.415+0100] {dag.py:3954} INFO - Setting next_dagrun for example_subdag_operator to 2022-01-01 00:00:00+00:00, run_after=2022-01-01 00:00:00+00:00
[2024-07-12T11:59:32.437+0100] {logging_mixin.py:188} INFO - [2024-07-12T11:59:32.436+0100] {dag.py:3954} INFO - Setting next_dagrun for example_subdag_operator.section-1 to None, run_after=None
[2024-07-12T11:59:32.447+0100] {logging_mixin.py:188} INFO - [2024-07-12T11:59:32.446+0100] {dag.py:3954} INFO - Setting next_dagrun for example_subdag_operator.section-2 to None, run_after=None
[2024-07-12T11:59:32.526+0100] {logging_mixin.py:188} INFO - [2024-07-12T11:59:32.524+0100] {dag.py:3096} INFO - Sync 2 DAGs
[2024-07-12T11:59:32.556+0100] {logging_mixin.py:188} INFO - [2024-07-12T11:59:32.555+0100] {dag.py:3954} INFO - Setting next_dagrun for example_subdag_operator.section-1 to None, run_after=None
[2024-07-12T11:59:32.561+0100] {logging_mixin.py:188} INFO - [2024-07-12T11:59:32.559+0100] {dag.py:3954} INFO - Setting next_dagrun for example_subdag_operator.section-2 to None, run_after=None
[2024-07-12T11:59:32.864+0100] {processor.py:183} INFO - Processing /home/victor/airflow_env/lib/python3.10/site-packages/airflow/example_dags/example_subdag_operator.py took 1.049 seconds
[2024-07-12T12:00:55.196+0100] {processor.py:161} INFO - Started process (PID=30156) to work on /home/victor/airflow_env/lib/python3.10/site-packages/airflow/example_dags/example_subdag_operator.py
[2024-07-12T12:00:55.203+0100] {processor.py:830} INFO - Processing file /home/victor/airflow_env/lib/python3.10/site-packages/airflow/example_dags/example_subdag_operator.py for tasks to queue
[2024-07-12T12:00:55.222+0100] {logging_mixin.py:188} INFO - [2024-07-12T12:00:55.212+0100] {dagbag.py:545} INFO - Filling up the DagBag from /home/victor/airflow_env/lib/python3.10/site-packages/airflow/example_dags/example_subdag_operator.py
[2024-07-12T12:00:55.511+0100] {processor.py:840} INFO - DAG(s) 'example_subdag_operator.section-1', 'example_subdag_operator.section-2', 'example_subdag_operator' retrieved from /home/victor/airflow_env/lib/python3.10/site-packages/airflow/example_dags/example_subdag_operator.py
[2024-07-12T12:00:55.684+0100] {logging_mixin.py:188} INFO - [2024-07-12T12:00:55.683+0100] {dag.py:3096} INFO - Sync 3 DAGs
[2024-07-12T12:00:55.880+0100] {logging_mixin.py:188} INFO - [2024-07-12T12:00:55.879+0100] {dag.py:3954} INFO - Setting next_dagrun for example_subdag_operator to 2022-01-01 00:00:00+00:00, run_after=2022-01-01 00:00:00+00:00
[2024-07-12T12:00:55.916+0100] {logging_mixin.py:188} INFO - [2024-07-12T12:00:55.915+0100] {dag.py:3954} INFO - Setting next_dagrun for example_subdag_operator.section-1 to None, run_after=None
[2024-07-12T12:00:55.933+0100] {logging_mixin.py:188} INFO - [2024-07-12T12:00:55.931+0100] {dag.py:3954} INFO - Setting next_dagrun for example_subdag_operator.section-2 to None, run_after=None
[2024-07-12T12:00:55.998+0100] {logging_mixin.py:188} INFO - [2024-07-12T12:00:55.997+0100] {dag.py:3096} INFO - Sync 2 DAGs
[2024-07-12T12:00:56.039+0100] {logging_mixin.py:188} INFO - [2024-07-12T12:00:56.038+0100] {dag.py:3954} INFO - Setting next_dagrun for example_subdag_operator.section-1 to None, run_after=None
[2024-07-12T12:00:56.053+0100] {logging_mixin.py:188} INFO - [2024-07-12T12:00:56.052+0100] {dag.py:3954} INFO - Setting next_dagrun for example_subdag_operator.section-2 to None, run_after=None
[2024-07-12T12:00:56.681+0100] {processor.py:183} INFO - Processing /home/victor/airflow_env/lib/python3.10/site-packages/airflow/example_dags/example_subdag_operator.py took 1.534 seconds
[2024-07-12T12:02:33.427+0100] {processor.py:161} INFO - Started process (PID=30553) to work on /home/victor/airflow_env/lib/python3.10/site-packages/airflow/example_dags/example_subdag_operator.py
[2024-07-12T12:02:33.432+0100] {processor.py:830} INFO - Processing file /home/victor/airflow_env/lib/python3.10/site-packages/airflow/example_dags/example_subdag_operator.py for tasks to queue
[2024-07-12T12:02:33.440+0100] {logging_mixin.py:188} INFO - [2024-07-12T12:02:33.438+0100] {dagbag.py:545} INFO - Filling up the DagBag from /home/victor/airflow_env/lib/python3.10/site-packages/airflow/example_dags/example_subdag_operator.py
[2024-07-12T12:02:33.654+0100] {processor.py:840} INFO - DAG(s) 'example_subdag_operator.section-1', 'example_subdag_operator.section-2', 'example_subdag_operator' retrieved from /home/victor/airflow_env/lib/python3.10/site-packages/airflow/example_dags/example_subdag_operator.py
[2024-07-12T12:02:33.816+0100] {logging_mixin.py:188} INFO - [2024-07-12T12:02:33.814+0100] {dag.py:3096} INFO - Sync 3 DAGs
[2024-07-12T12:02:33.970+0100] {logging_mixin.py:188} INFO - [2024-07-12T12:02:33.969+0100] {dag.py:3954} INFO - Setting next_dagrun for example_subdag_operator to 2022-01-01 00:00:00+00:00, run_after=2022-01-01 00:00:00+00:00
[2024-07-12T12:02:33.993+0100] {logging_mixin.py:188} INFO - [2024-07-12T12:02:33.992+0100] {dag.py:3954} INFO - Setting next_dagrun for example_subdag_operator.section-1 to None, run_after=None
[2024-07-12T12:02:34.004+0100] {logging_mixin.py:188} INFO - [2024-07-12T12:02:34.003+0100] {dag.py:3954} INFO - Setting next_dagrun for example_subdag_operator.section-2 to None, run_after=None
[2024-07-12T12:02:34.061+0100] {logging_mixin.py:188} INFO - [2024-07-12T12:02:34.060+0100] {dag.py:3096} INFO - Sync 2 DAGs
[2024-07-12T12:02:34.083+0100] {logging_mixin.py:188} INFO - [2024-07-12T12:02:34.082+0100] {dag.py:3954} INFO - Setting next_dagrun for example_subdag_operator.section-1 to None, run_after=None
[2024-07-12T12:02:34.086+0100] {logging_mixin.py:188} INFO - [2024-07-12T12:02:34.086+0100] {dag.py:3954} INFO - Setting next_dagrun for example_subdag_operator.section-2 to None, run_after=None
[2024-07-12T12:02:34.312+0100] {processor.py:183} INFO - Processing /home/victor/airflow_env/lib/python3.10/site-packages/airflow/example_dags/example_subdag_operator.py took 0.916 seconds
[2024-07-12T12:04:18.974+0100] {processor.py:161} INFO - Started process (PID=30978) to work on /home/victor/airflow_env/lib/python3.10/site-packages/airflow/example_dags/example_subdag_operator.py
[2024-07-12T12:04:18.981+0100] {processor.py:830} INFO - Processing file /home/victor/airflow_env/lib/python3.10/site-packages/airflow/example_dags/example_subdag_operator.py for tasks to queue
[2024-07-12T12:04:18.991+0100] {logging_mixin.py:188} INFO - [2024-07-12T12:04:18.989+0100] {dagbag.py:545} INFO - Filling up the DagBag from /home/victor/airflow_env/lib/python3.10/site-packages/airflow/example_dags/example_subdag_operator.py
[2024-07-12T12:04:19.167+0100] {processor.py:840} INFO - DAG(s) 'example_subdag_operator.section-1', 'example_subdag_operator.section-2', 'example_subdag_operator' retrieved from /home/victor/airflow_env/lib/python3.10/site-packages/airflow/example_dags/example_subdag_operator.py
[2024-07-12T12:04:19.334+0100] {logging_mixin.py:188} INFO - [2024-07-12T12:04:19.333+0100] {dag.py:3096} INFO - Sync 3 DAGs
[2024-07-12T12:04:19.530+0100] {logging_mixin.py:188} INFO - [2024-07-12T12:04:19.528+0100] {dag.py:3954} INFO - Setting next_dagrun for example_subdag_operator to 2022-01-01 00:00:00+00:00, run_after=2022-01-01 00:00:00+00:00
[2024-07-12T12:04:19.559+0100] {logging_mixin.py:188} INFO - [2024-07-12T12:04:19.557+0100] {dag.py:3954} INFO - Setting next_dagrun for example_subdag_operator.section-1 to None, run_after=None
[2024-07-12T12:04:19.574+0100] {logging_mixin.py:188} INFO - [2024-07-12T12:04:19.573+0100] {dag.py:3954} INFO - Setting next_dagrun for example_subdag_operator.section-2 to None, run_after=None
[2024-07-12T12:04:19.666+0100] {logging_mixin.py:188} INFO - [2024-07-12T12:04:19.665+0100] {dag.py:3096} INFO - Sync 2 DAGs
[2024-07-12T12:04:19.697+0100] {logging_mixin.py:188} INFO - [2024-07-12T12:04:19.696+0100] {dag.py:3954} INFO - Setting next_dagrun for example_subdag_operator.section-1 to None, run_after=None
[2024-07-12T12:04:19.700+0100] {logging_mixin.py:188} INFO - [2024-07-12T12:04:19.699+0100] {dag.py:3954} INFO - Setting next_dagrun for example_subdag_operator.section-2 to None, run_after=None
[2024-07-12T12:04:20.007+0100] {processor.py:183} INFO - Processing /home/victor/airflow_env/lib/python3.10/site-packages/airflow/example_dags/example_subdag_operator.py took 1.078 seconds
[2024-07-12T12:05:46.964+0100] {processor.py:161} INFO - Started process (PID=31339) to work on /home/victor/airflow_env/lib/python3.10/site-packages/airflow/example_dags/example_subdag_operator.py
[2024-07-12T12:05:46.971+0100] {processor.py:830} INFO - Processing file /home/victor/airflow_env/lib/python3.10/site-packages/airflow/example_dags/example_subdag_operator.py for tasks to queue
[2024-07-12T12:05:46.982+0100] {logging_mixin.py:188} INFO - [2024-07-12T12:05:46.980+0100] {dagbag.py:545} INFO - Filling up the DagBag from /home/victor/airflow_env/lib/python3.10/site-packages/airflow/example_dags/example_subdag_operator.py
[2024-07-12T12:05:47.371+0100] {processor.py:840} INFO - DAG(s) 'example_subdag_operator.section-1', 'example_subdag_operator.section-2', 'example_subdag_operator' retrieved from /home/victor/airflow_env/lib/python3.10/site-packages/airflow/example_dags/example_subdag_operator.py
[2024-07-12T12:05:47.557+0100] {logging_mixin.py:188} INFO - [2024-07-12T12:05:47.556+0100] {dag.py:3096} INFO - Sync 3 DAGs
[2024-07-12T12:05:47.709+0100] {logging_mixin.py:188} INFO - [2024-07-12T12:05:47.708+0100] {dag.py:3954} INFO - Setting next_dagrun for example_subdag_operator to 2022-01-01 00:00:00+00:00, run_after=2022-01-01 00:00:00+00:00
[2024-07-12T12:05:47.732+0100] {logging_mixin.py:188} INFO - [2024-07-12T12:05:47.731+0100] {dag.py:3954} INFO - Setting next_dagrun for example_subdag_operator.section-1 to None, run_after=None
[2024-07-12T12:05:47.744+0100] {logging_mixin.py:188} INFO - [2024-07-12T12:05:47.743+0100] {dag.py:3954} INFO - Setting next_dagrun for example_subdag_operator.section-2 to None, run_after=None
[2024-07-12T12:05:47.806+0100] {logging_mixin.py:188} INFO - [2024-07-12T12:05:47.805+0100] {dag.py:3096} INFO - Sync 2 DAGs
[2024-07-12T12:05:47.830+0100] {logging_mixin.py:188} INFO - [2024-07-12T12:05:47.829+0100] {dag.py:3954} INFO - Setting next_dagrun for example_subdag_operator.section-1 to None, run_after=None
[2024-07-12T12:05:47.834+0100] {logging_mixin.py:188} INFO - [2024-07-12T12:05:47.833+0100] {dag.py:3954} INFO - Setting next_dagrun for example_subdag_operator.section-2 to None, run_after=None
[2024-07-12T12:05:48.096+0100] {processor.py:183} INFO - Processing /home/victor/airflow_env/lib/python3.10/site-packages/airflow/example_dags/example_subdag_operator.py took 1.183 seconds
[2024-07-12T12:07:05.817+0100] {processor.py:161} INFO - Started process (PID=31668) to work on /home/victor/airflow_env/lib/python3.10/site-packages/airflow/example_dags/example_subdag_operator.py
[2024-07-12T12:07:05.823+0100] {processor.py:830} INFO - Processing file /home/victor/airflow_env/lib/python3.10/site-packages/airflow/example_dags/example_subdag_operator.py for tasks to queue
[2024-07-12T12:07:05.834+0100] {logging_mixin.py:188} INFO - [2024-07-12T12:07:05.832+0100] {dagbag.py:545} INFO - Filling up the DagBag from /home/victor/airflow_env/lib/python3.10/site-packages/airflow/example_dags/example_subdag_operator.py
[2024-07-12T12:07:06.009+0100] {processor.py:840} INFO - DAG(s) 'example_subdag_operator.section-1', 'example_subdag_operator.section-2', 'example_subdag_operator' retrieved from /home/victor/airflow_env/lib/python3.10/site-packages/airflow/example_dags/example_subdag_operator.py
[2024-07-12T12:07:06.116+0100] {logging_mixin.py:188} INFO - [2024-07-12T12:07:06.116+0100] {dag.py:3096} INFO - Sync 3 DAGs
[2024-07-12T12:07:06.254+0100] {logging_mixin.py:188} INFO - [2024-07-12T12:07:06.252+0100] {dag.py:3954} INFO - Setting next_dagrun for example_subdag_operator to 2022-01-01 00:00:00+00:00, run_after=2022-01-01 00:00:00+00:00
[2024-07-12T12:07:06.287+0100] {logging_mixin.py:188} INFO - [2024-07-12T12:07:06.286+0100] {dag.py:3954} INFO - Setting next_dagrun for example_subdag_operator.section-1 to None, run_after=None
[2024-07-12T12:07:06.302+0100] {logging_mixin.py:188} INFO - [2024-07-12T12:07:06.301+0100] {dag.py:3954} INFO - Setting next_dagrun for example_subdag_operator.section-2 to None, run_after=None
[2024-07-12T12:07:06.408+0100] {logging_mixin.py:188} INFO - [2024-07-12T12:07:06.407+0100] {dag.py:3096} INFO - Sync 2 DAGs
[2024-07-12T12:07:06.431+0100] {logging_mixin.py:188} INFO - [2024-07-12T12:07:06.429+0100] {dag.py:3954} INFO - Setting next_dagrun for example_subdag_operator.section-1 to None, run_after=None
[2024-07-12T12:07:06.434+0100] {logging_mixin.py:188} INFO - [2024-07-12T12:07:06.433+0100] {dag.py:3954} INFO - Setting next_dagrun for example_subdag_operator.section-2 to None, run_after=None
[2024-07-12T12:07:06.720+0100] {processor.py:183} INFO - Processing /home/victor/airflow_env/lib/python3.10/site-packages/airflow/example_dags/example_subdag_operator.py took 0.933 seconds
[2024-07-12T12:08:31.185+0100] {processor.py:161} INFO - Started process (PID=32016) to work on /home/victor/airflow_env/lib/python3.10/site-packages/airflow/example_dags/example_subdag_operator.py
[2024-07-12T12:08:31.199+0100] {processor.py:830} INFO - Processing file /home/victor/airflow_env/lib/python3.10/site-packages/airflow/example_dags/example_subdag_operator.py for tasks to queue
[2024-07-12T12:08:31.217+0100] {logging_mixin.py:188} INFO - [2024-07-12T12:08:31.216+0100] {dagbag.py:545} INFO - Filling up the DagBag from /home/victor/airflow_env/lib/python3.10/site-packages/airflow/example_dags/example_subdag_operator.py
[2024-07-12T12:08:31.500+0100] {processor.py:840} INFO - DAG(s) 'example_subdag_operator.section-1', 'example_subdag_operator.section-2', 'example_subdag_operator' retrieved from /home/victor/airflow_env/lib/python3.10/site-packages/airflow/example_dags/example_subdag_operator.py
[2024-07-12T12:08:31.623+0100] {logging_mixin.py:188} INFO - [2024-07-12T12:08:31.622+0100] {dag.py:3096} INFO - Sync 3 DAGs
[2024-07-12T12:08:31.752+0100] {logging_mixin.py:188} INFO - [2024-07-12T12:08:31.751+0100] {dag.py:3954} INFO - Setting next_dagrun for example_subdag_operator to 2022-01-01 00:00:00+00:00, run_after=2022-01-01 00:00:00+00:00
[2024-07-12T12:08:31.775+0100] {logging_mixin.py:188} INFO - [2024-07-12T12:08:31.774+0100] {dag.py:3954} INFO - Setting next_dagrun for example_subdag_operator.section-1 to None, run_after=None
[2024-07-12T12:08:31.787+0100] {logging_mixin.py:188} INFO - [2024-07-12T12:08:31.786+0100] {dag.py:3954} INFO - Setting next_dagrun for example_subdag_operator.section-2 to None, run_after=None
[2024-07-12T12:08:31.855+0100] {logging_mixin.py:188} INFO - [2024-07-12T12:08:31.854+0100] {dag.py:3096} INFO - Sync 2 DAGs
[2024-07-12T12:08:31.877+0100] {logging_mixin.py:188} INFO - [2024-07-12T12:08:31.877+0100] {dag.py:3954} INFO - Setting next_dagrun for example_subdag_operator.section-1 to None, run_after=None
[2024-07-12T12:08:31.881+0100] {logging_mixin.py:188} INFO - [2024-07-12T12:08:31.880+0100] {dag.py:3954} INFO - Setting next_dagrun for example_subdag_operator.section-2 to None, run_after=None
[2024-07-12T12:08:32.139+0100] {processor.py:183} INFO - Processing /home/victor/airflow_env/lib/python3.10/site-packages/airflow/example_dags/example_subdag_operator.py took 1.035 seconds
[2024-07-12T12:10:00.913+0100] {processor.py:161} INFO - Started process (PID=32389) to work on /home/victor/airflow_env/lib/python3.10/site-packages/airflow/example_dags/example_subdag_operator.py
[2024-07-12T12:10:00.924+0100] {processor.py:830} INFO - Processing file /home/victor/airflow_env/lib/python3.10/site-packages/airflow/example_dags/example_subdag_operator.py for tasks to queue
[2024-07-12T12:10:00.951+0100] {logging_mixin.py:188} INFO - [2024-07-12T12:10:00.934+0100] {dagbag.py:545} INFO - Filling up the DagBag from /home/victor/airflow_env/lib/python3.10/site-packages/airflow/example_dags/example_subdag_operator.py
[2024-07-12T12:10:01.233+0100] {processor.py:840} INFO - DAG(s) 'example_subdag_operator.section-1', 'example_subdag_operator.section-2', 'example_subdag_operator' retrieved from /home/victor/airflow_env/lib/python3.10/site-packages/airflow/example_dags/example_subdag_operator.py
[2024-07-12T12:10:01.380+0100] {logging_mixin.py:188} INFO - [2024-07-12T12:10:01.379+0100] {dag.py:3096} INFO - Sync 3 DAGs
[2024-07-12T12:10:01.511+0100] {logging_mixin.py:188} INFO - [2024-07-12T12:10:01.510+0100] {dag.py:3954} INFO - Setting next_dagrun for example_subdag_operator to 2022-01-01 00:00:00+00:00, run_after=2022-01-01 00:00:00+00:00
[2024-07-12T12:10:01.533+0100] {logging_mixin.py:188} INFO - [2024-07-12T12:10:01.533+0100] {dag.py:3954} INFO - Setting next_dagrun for example_subdag_operator.section-1 to None, run_after=None
[2024-07-12T12:10:01.544+0100] {logging_mixin.py:188} INFO - [2024-07-12T12:10:01.544+0100] {dag.py:3954} INFO - Setting next_dagrun for example_subdag_operator.section-2 to None, run_after=None
[2024-07-12T12:10:01.605+0100] {logging_mixin.py:188} INFO - [2024-07-12T12:10:01.604+0100] {dag.py:3096} INFO - Sync 2 DAGs
[2024-07-12T12:10:01.627+0100] {logging_mixin.py:188} INFO - [2024-07-12T12:10:01.626+0100] {dag.py:3954} INFO - Setting next_dagrun for example_subdag_operator.section-1 to None, run_after=None
[2024-07-12T12:10:01.629+0100] {logging_mixin.py:188} INFO - [2024-07-12T12:10:01.628+0100] {dag.py:3954} INFO - Setting next_dagrun for example_subdag_operator.section-2 to None, run_after=None
[2024-07-12T12:10:01.893+0100] {processor.py:183} INFO - Processing /home/victor/airflow_env/lib/python3.10/site-packages/airflow/example_dags/example_subdag_operator.py took 1.047 seconds
[2024-07-12T12:11:28.542+0100] {processor.py:161} INFO - Started process (PID=32750) to work on /home/victor/airflow_env/lib/python3.10/site-packages/airflow/example_dags/example_subdag_operator.py
[2024-07-12T12:11:28.547+0100] {processor.py:830} INFO - Processing file /home/victor/airflow_env/lib/python3.10/site-packages/airflow/example_dags/example_subdag_operator.py for tasks to queue
[2024-07-12T12:11:28.557+0100] {logging_mixin.py:188} INFO - [2024-07-12T12:11:28.555+0100] {dagbag.py:545} INFO - Filling up the DagBag from /home/victor/airflow_env/lib/python3.10/site-packages/airflow/example_dags/example_subdag_operator.py
[2024-07-12T12:11:28.766+0100] {processor.py:840} INFO - DAG(s) 'example_subdag_operator.section-1', 'example_subdag_operator.section-2', 'example_subdag_operator' retrieved from /home/victor/airflow_env/lib/python3.10/site-packages/airflow/example_dags/example_subdag_operator.py
[2024-07-12T12:11:28.911+0100] {logging_mixin.py:188} INFO - [2024-07-12T12:11:28.909+0100] {dag.py:3096} INFO - Sync 3 DAGs
[2024-07-12T12:11:29.077+0100] {logging_mixin.py:188} INFO - [2024-07-12T12:11:29.076+0100] {dag.py:3954} INFO - Setting next_dagrun for example_subdag_operator to 2022-01-01 00:00:00+00:00, run_after=2022-01-01 00:00:00+00:00
[2024-07-12T12:11:29.104+0100] {logging_mixin.py:188} INFO - [2024-07-12T12:11:29.103+0100] {dag.py:3954} INFO - Setting next_dagrun for example_subdag_operator.section-1 to None, run_after=None
[2024-07-12T12:11:29.120+0100] {logging_mixin.py:188} INFO - [2024-07-12T12:11:29.118+0100] {dag.py:3954} INFO - Setting next_dagrun for example_subdag_operator.section-2 to None, run_after=None
[2024-07-12T12:11:29.205+0100] {logging_mixin.py:188} INFO - [2024-07-12T12:11:29.200+0100] {dag.py:3096} INFO - Sync 2 DAGs
[2024-07-12T12:11:29.231+0100] {logging_mixin.py:188} INFO - [2024-07-12T12:11:29.230+0100] {dag.py:3954} INFO - Setting next_dagrun for example_subdag_operator.section-1 to None, run_after=None
[2024-07-12T12:11:29.234+0100] {logging_mixin.py:188} INFO - [2024-07-12T12:11:29.233+0100] {dag.py:3954} INFO - Setting next_dagrun for example_subdag_operator.section-2 to None, run_after=None
[2024-07-12T12:11:29.587+0100] {processor.py:183} INFO - Processing /home/victor/airflow_env/lib/python3.10/site-packages/airflow/example_dags/example_subdag_operator.py took 1.080 seconds
[2024-07-12T12:12:50.332+0100] {processor.py:161} INFO - Started process (PID=33090) to work on /home/victor/airflow_env/lib/python3.10/site-packages/airflow/example_dags/example_subdag_operator.py
[2024-07-12T12:12:50.339+0100] {processor.py:830} INFO - Processing file /home/victor/airflow_env/lib/python3.10/site-packages/airflow/example_dags/example_subdag_operator.py for tasks to queue
[2024-07-12T12:12:50.349+0100] {logging_mixin.py:188} INFO - [2024-07-12T12:12:50.347+0100] {dagbag.py:545} INFO - Filling up the DagBag from /home/victor/airflow_env/lib/python3.10/site-packages/airflow/example_dags/example_subdag_operator.py
[2024-07-12T12:12:50.528+0100] {processor.py:840} INFO - DAG(s) 'example_subdag_operator.section-1', 'example_subdag_operator.section-2', 'example_subdag_operator' retrieved from /home/victor/airflow_env/lib/python3.10/site-packages/airflow/example_dags/example_subdag_operator.py
[2024-07-12T12:12:50.666+0100] {logging_mixin.py:188} INFO - [2024-07-12T12:12:50.665+0100] {dag.py:3096} INFO - Sync 3 DAGs
[2024-07-12T12:12:50.831+0100] {logging_mixin.py:188} INFO - [2024-07-12T12:12:50.830+0100] {dag.py:3954} INFO - Setting next_dagrun for example_subdag_operator to 2022-01-01 00:00:00+00:00, run_after=2022-01-01 00:00:00+00:00
[2024-07-12T12:12:50.851+0100] {logging_mixin.py:188} INFO - [2024-07-12T12:12:50.850+0100] {dag.py:3954} INFO - Setting next_dagrun for example_subdag_operator.section-1 to None, run_after=None
[2024-07-12T12:12:50.861+0100] {logging_mixin.py:188} INFO - [2024-07-12T12:12:50.860+0100] {dag.py:3954} INFO - Setting next_dagrun for example_subdag_operator.section-2 to None, run_after=None
[2024-07-12T12:12:50.909+0100] {logging_mixin.py:188} INFO - [2024-07-12T12:12:50.908+0100] {dag.py:3096} INFO - Sync 2 DAGs
[2024-07-12T12:12:50.928+0100] {logging_mixin.py:188} INFO - [2024-07-12T12:12:50.928+0100] {dag.py:3954} INFO - Setting next_dagrun for example_subdag_operator.section-1 to None, run_after=None
[2024-07-12T12:12:50.931+0100] {logging_mixin.py:188} INFO - [2024-07-12T12:12:50.930+0100] {dag.py:3954} INFO - Setting next_dagrun for example_subdag_operator.section-2 to None, run_after=None
[2024-07-12T12:12:51.183+0100] {processor.py:183} INFO - Processing /home/victor/airflow_env/lib/python3.10/site-packages/airflow/example_dags/example_subdag_operator.py took 0.883 seconds
[2024-07-12T12:14:12.472+0100] {processor.py:161} INFO - Started process (PID=33428) to work on /home/victor/airflow_env/lib/python3.10/site-packages/airflow/example_dags/example_subdag_operator.py
[2024-07-12T12:14:12.477+0100] {processor.py:830} INFO - Processing file /home/victor/airflow_env/lib/python3.10/site-packages/airflow/example_dags/example_subdag_operator.py for tasks to queue
[2024-07-12T12:14:12.485+0100] {logging_mixin.py:188} INFO - [2024-07-12T12:14:12.483+0100] {dagbag.py:545} INFO - Filling up the DagBag from /home/victor/airflow_env/lib/python3.10/site-packages/airflow/example_dags/example_subdag_operator.py
[2024-07-12T12:14:12.623+0100] {processor.py:840} INFO - DAG(s) 'example_subdag_operator.section-1', 'example_subdag_operator.section-2', 'example_subdag_operator' retrieved from /home/victor/airflow_env/lib/python3.10/site-packages/airflow/example_dags/example_subdag_operator.py
[2024-07-12T12:14:12.734+0100] {logging_mixin.py:188} INFO - [2024-07-12T12:14:12.733+0100] {dag.py:3096} INFO - Sync 3 DAGs
[2024-07-12T12:14:12.863+0100] {logging_mixin.py:188} INFO - [2024-07-12T12:14:12.862+0100] {dag.py:3954} INFO - Setting next_dagrun for example_subdag_operator to 2022-01-01 00:00:00+00:00, run_after=2022-01-01 00:00:00+00:00
[2024-07-12T12:14:12.891+0100] {logging_mixin.py:188} INFO - [2024-07-12T12:14:12.889+0100] {dag.py:3954} INFO - Setting next_dagrun for example_subdag_operator.section-1 to None, run_after=None
[2024-07-12T12:14:12.902+0100] {logging_mixin.py:188} INFO - [2024-07-12T12:14:12.901+0100] {dag.py:3954} INFO - Setting next_dagrun for example_subdag_operator.section-2 to None, run_after=None
[2024-07-12T12:14:12.980+0100] {logging_mixin.py:188} INFO - [2024-07-12T12:14:12.979+0100] {dag.py:3096} INFO - Sync 2 DAGs
[2024-07-12T12:14:13.008+0100] {logging_mixin.py:188} INFO - [2024-07-12T12:14:13.007+0100] {dag.py:3954} INFO - Setting next_dagrun for example_subdag_operator.section-1 to None, run_after=None
[2024-07-12T12:14:13.012+0100] {logging_mixin.py:188} INFO - [2024-07-12T12:14:13.011+0100] {dag.py:3954} INFO - Setting next_dagrun for example_subdag_operator.section-2 to None, run_after=None
[2024-07-12T12:14:13.436+0100] {processor.py:183} INFO - Processing /home/victor/airflow_env/lib/python3.10/site-packages/airflow/example_dags/example_subdag_operator.py took 0.996 seconds
[2024-07-12T12:15:45.300+0100] {processor.py:161} INFO - Started process (PID=33803) to work on /home/victor/airflow_env/lib/python3.10/site-packages/airflow/example_dags/example_subdag_operator.py
[2024-07-12T12:15:45.306+0100] {processor.py:830} INFO - Processing file /home/victor/airflow_env/lib/python3.10/site-packages/airflow/example_dags/example_subdag_operator.py for tasks to queue
[2024-07-12T12:15:45.315+0100] {logging_mixin.py:188} INFO - [2024-07-12T12:15:45.313+0100] {dagbag.py:545} INFO - Filling up the DagBag from /home/victor/airflow_env/lib/python3.10/site-packages/airflow/example_dags/example_subdag_operator.py
[2024-07-12T12:15:45.504+0100] {processor.py:840} INFO - DAG(s) 'example_subdag_operator.section-1', 'example_subdag_operator.section-2', 'example_subdag_operator' retrieved from /home/victor/airflow_env/lib/python3.10/site-packages/airflow/example_dags/example_subdag_operator.py
[2024-07-12T12:15:45.652+0100] {logging_mixin.py:188} INFO - [2024-07-12T12:15:45.652+0100] {dag.py:3096} INFO - Sync 3 DAGs
[2024-07-12T12:15:45.859+0100] {logging_mixin.py:188} INFO - [2024-07-12T12:15:45.858+0100] {dag.py:3954} INFO - Setting next_dagrun for example_subdag_operator to 2022-01-01 00:00:00+00:00, run_after=2022-01-01 00:00:00+00:00
[2024-07-12T12:15:45.901+0100] {logging_mixin.py:188} INFO - [2024-07-12T12:15:45.900+0100] {dag.py:3954} INFO - Setting next_dagrun for example_subdag_operator.section-1 to None, run_after=None
[2024-07-12T12:15:45.922+0100] {logging_mixin.py:188} INFO - [2024-07-12T12:15:45.921+0100] {dag.py:3954} INFO - Setting next_dagrun for example_subdag_operator.section-2 to None, run_after=None
[2024-07-12T12:15:46.054+0100] {logging_mixin.py:188} INFO - [2024-07-12T12:15:46.053+0100] {dag.py:3096} INFO - Sync 2 DAGs
[2024-07-12T12:15:46.109+0100] {logging_mixin.py:188} INFO - [2024-07-12T12:15:46.108+0100] {dag.py:3954} INFO - Setting next_dagrun for example_subdag_operator.section-1 to None, run_after=None
[2024-07-12T12:15:46.124+0100] {logging_mixin.py:188} INFO - [2024-07-12T12:15:46.112+0100] {dag.py:3954} INFO - Setting next_dagrun for example_subdag_operator.section-2 to None, run_after=None
[2024-07-12T12:15:46.451+0100] {processor.py:183} INFO - Processing /home/victor/airflow_env/lib/python3.10/site-packages/airflow/example_dags/example_subdag_operator.py took 1.214 seconds
[2024-07-12T12:17:46.318+0100] {processor.py:161} INFO - Started process (PID=34288) to work on /home/victor/airflow_env/lib/python3.10/site-packages/airflow/example_dags/example_subdag_operator.py
[2024-07-12T12:17:46.323+0100] {processor.py:830} INFO - Processing file /home/victor/airflow_env/lib/python3.10/site-packages/airflow/example_dags/example_subdag_operator.py for tasks to queue
[2024-07-12T12:17:46.332+0100] {logging_mixin.py:188} INFO - [2024-07-12T12:17:46.330+0100] {dagbag.py:545} INFO - Filling up the DagBag from /home/victor/airflow_env/lib/python3.10/site-packages/airflow/example_dags/example_subdag_operator.py
[2024-07-12T12:17:46.536+0100] {processor.py:840} INFO - DAG(s) 'example_subdag_operator.section-1', 'example_subdag_operator.section-2', 'example_subdag_operator' retrieved from /home/victor/airflow_env/lib/python3.10/site-packages/airflow/example_dags/example_subdag_operator.py
[2024-07-12T12:17:46.672+0100] {logging_mixin.py:188} INFO - [2024-07-12T12:17:46.671+0100] {dag.py:3096} INFO - Sync 3 DAGs
[2024-07-12T12:17:46.828+0100] {logging_mixin.py:188} INFO - [2024-07-12T12:17:46.827+0100] {dag.py:3954} INFO - Setting next_dagrun for example_subdag_operator to 2022-01-01 00:00:00+00:00, run_after=2022-01-01 00:00:00+00:00
[2024-07-12T12:17:46.852+0100] {logging_mixin.py:188} INFO - [2024-07-12T12:17:46.851+0100] {dag.py:3954} INFO - Setting next_dagrun for example_subdag_operator.section-1 to None, run_after=None
[2024-07-12T12:17:46.865+0100] {logging_mixin.py:188} INFO - [2024-07-12T12:17:46.862+0100] {dag.py:3954} INFO - Setting next_dagrun for example_subdag_operator.section-2 to None, run_after=None
[2024-07-12T12:17:46.930+0100] {logging_mixin.py:188} INFO - [2024-07-12T12:17:46.929+0100] {dag.py:3096} INFO - Sync 2 DAGs
[2024-07-12T12:17:46.954+0100] {logging_mixin.py:188} INFO - [2024-07-12T12:17:46.953+0100] {dag.py:3954} INFO - Setting next_dagrun for example_subdag_operator.section-1 to None, run_after=None
[2024-07-12T12:17:46.957+0100] {logging_mixin.py:188} INFO - [2024-07-12T12:17:46.956+0100] {dag.py:3954} INFO - Setting next_dagrun for example_subdag_operator.section-2 to None, run_after=None
[2024-07-12T12:17:47.226+0100] {processor.py:183} INFO - Processing /home/victor/airflow_env/lib/python3.10/site-packages/airflow/example_dags/example_subdag_operator.py took 0.939 seconds
[2024-07-12T12:19:36.351+0100] {processor.py:161} INFO - Started process (PID=34734) to work on /home/victor/airflow_env/lib/python3.10/site-packages/airflow/example_dags/example_subdag_operator.py
[2024-07-12T12:19:36.367+0100] {processor.py:830} INFO - Processing file /home/victor/airflow_env/lib/python3.10/site-packages/airflow/example_dags/example_subdag_operator.py for tasks to queue
[2024-07-12T12:19:36.382+0100] {logging_mixin.py:188} INFO - [2024-07-12T12:19:36.380+0100] {dagbag.py:545} INFO - Filling up the DagBag from /home/victor/airflow_env/lib/python3.10/site-packages/airflow/example_dags/example_subdag_operator.py
[2024-07-12T12:19:36.722+0100] {processor.py:840} INFO - DAG(s) 'example_subdag_operator.section-1', 'example_subdag_operator.section-2', 'example_subdag_operator' retrieved from /home/victor/airflow_env/lib/python3.10/site-packages/airflow/example_dags/example_subdag_operator.py
[2024-07-12T12:19:37.047+0100] {logging_mixin.py:188} INFO - [2024-07-12T12:19:37.046+0100] {dag.py:3096} INFO - Sync 3 DAGs
[2024-07-12T12:19:37.395+0100] {logging_mixin.py:188} INFO - [2024-07-12T12:19:37.394+0100] {dag.py:3954} INFO - Setting next_dagrun for example_subdag_operator to 2022-01-01 00:00:00+00:00, run_after=2022-01-01 00:00:00+00:00
[2024-07-12T12:19:37.424+0100] {logging_mixin.py:188} INFO - [2024-07-12T12:19:37.422+0100] {dag.py:3954} INFO - Setting next_dagrun for example_subdag_operator.section-1 to None, run_after=None
[2024-07-12T12:19:37.437+0100] {logging_mixin.py:188} INFO - [2024-07-12T12:19:37.436+0100] {dag.py:3954} INFO - Setting next_dagrun for example_subdag_operator.section-2 to None, run_after=None
[2024-07-12T12:19:37.527+0100] {logging_mixin.py:188} INFO - [2024-07-12T12:19:37.526+0100] {dag.py:3096} INFO - Sync 2 DAGs
[2024-07-12T12:19:37.567+0100] {logging_mixin.py:188} INFO - [2024-07-12T12:19:37.566+0100] {dag.py:3954} INFO - Setting next_dagrun for example_subdag_operator.section-1 to None, run_after=None
[2024-07-12T12:19:37.571+0100] {logging_mixin.py:188} INFO - [2024-07-12T12:19:37.570+0100] {dag.py:3954} INFO - Setting next_dagrun for example_subdag_operator.section-2 to None, run_after=None
[2024-07-12T12:19:38.690+0100] {processor.py:183} INFO - Processing /home/victor/airflow_env/lib/python3.10/site-packages/airflow/example_dags/example_subdag_operator.py took 2.408 seconds
[2024-07-12T12:21:09.365+0100] {processor.py:161} INFO - Started process (PID=35115) to work on /home/victor/airflow_env/lib/python3.10/site-packages/airflow/example_dags/example_subdag_operator.py
[2024-07-12T12:21:09.371+0100] {processor.py:830} INFO - Processing file /home/victor/airflow_env/lib/python3.10/site-packages/airflow/example_dags/example_subdag_operator.py for tasks to queue
[2024-07-12T12:21:09.380+0100] {logging_mixin.py:188} INFO - [2024-07-12T12:21:09.378+0100] {dagbag.py:545} INFO - Filling up the DagBag from /home/victor/airflow_env/lib/python3.10/site-packages/airflow/example_dags/example_subdag_operator.py
[2024-07-12T12:21:09.531+0100] {processor.py:840} INFO - DAG(s) 'example_subdag_operator.section-1', 'example_subdag_operator.section-2', 'example_subdag_operator' retrieved from /home/victor/airflow_env/lib/python3.10/site-packages/airflow/example_dags/example_subdag_operator.py
[2024-07-12T12:21:09.752+0100] {logging_mixin.py:188} INFO - [2024-07-12T12:21:09.751+0100] {dag.py:3096} INFO - Sync 3 DAGs
[2024-07-12T12:21:09.973+0100] {logging_mixin.py:188} INFO - [2024-07-12T12:21:09.971+0100] {dag.py:3954} INFO - Setting next_dagrun for example_subdag_operator to 2022-01-01 00:00:00+00:00, run_after=2022-01-01 00:00:00+00:00
[2024-07-12T12:21:10.016+0100] {logging_mixin.py:188} INFO - [2024-07-12T12:21:10.015+0100] {dag.py:3954} INFO - Setting next_dagrun for example_subdag_operator.section-1 to None, run_after=None
[2024-07-12T12:21:10.034+0100] {logging_mixin.py:188} INFO - [2024-07-12T12:21:10.033+0100] {dag.py:3954} INFO - Setting next_dagrun for example_subdag_operator.section-2 to None, run_after=None
[2024-07-12T12:21:10.109+0100] {logging_mixin.py:188} INFO - [2024-07-12T12:21:10.108+0100] {dag.py:3096} INFO - Sync 2 DAGs
[2024-07-12T12:21:10.145+0100] {logging_mixin.py:188} INFO - [2024-07-12T12:21:10.144+0100] {dag.py:3954} INFO - Setting next_dagrun for example_subdag_operator.section-1 to None, run_after=None
[2024-07-12T12:21:10.154+0100] {logging_mixin.py:188} INFO - [2024-07-12T12:21:10.149+0100] {dag.py:3954} INFO - Setting next_dagrun for example_subdag_operator.section-2 to None, run_after=None
[2024-07-12T12:21:10.425+0100] {processor.py:183} INFO - Processing /home/victor/airflow_env/lib/python3.10/site-packages/airflow/example_dags/example_subdag_operator.py took 1.098 seconds
[2024-07-12T12:22:37.629+0100] {processor.py:161} INFO - Started process (PID=35479) to work on /home/victor/airflow_env/lib/python3.10/site-packages/airflow/example_dags/example_subdag_operator.py
[2024-07-12T12:22:37.635+0100] {processor.py:830} INFO - Processing file /home/victor/airflow_env/lib/python3.10/site-packages/airflow/example_dags/example_subdag_operator.py for tasks to queue
[2024-07-12T12:22:37.645+0100] {logging_mixin.py:188} INFO - [2024-07-12T12:22:37.643+0100] {dagbag.py:545} INFO - Filling up the DagBag from /home/victor/airflow_env/lib/python3.10/site-packages/airflow/example_dags/example_subdag_operator.py
[2024-07-12T12:22:37.842+0100] {processor.py:840} INFO - DAG(s) 'example_subdag_operator.section-1', 'example_subdag_operator.section-2', 'example_subdag_operator' retrieved from /home/victor/airflow_env/lib/python3.10/site-packages/airflow/example_dags/example_subdag_operator.py
[2024-07-12T12:22:37.989+0100] {logging_mixin.py:188} INFO - [2024-07-12T12:22:37.988+0100] {dag.py:3096} INFO - Sync 3 DAGs
[2024-07-12T12:22:38.130+0100] {logging_mixin.py:188} INFO - [2024-07-12T12:22:38.129+0100] {dag.py:3954} INFO - Setting next_dagrun for example_subdag_operator to 2022-01-01 00:00:00+00:00, run_after=2022-01-01 00:00:00+00:00
[2024-07-12T12:22:38.157+0100] {logging_mixin.py:188} INFO - [2024-07-12T12:22:38.156+0100] {dag.py:3954} INFO - Setting next_dagrun for example_subdag_operator.section-1 to None, run_after=None
[2024-07-12T12:22:38.181+0100] {logging_mixin.py:188} INFO - [2024-07-12T12:22:38.180+0100] {dag.py:3954} INFO - Setting next_dagrun for example_subdag_operator.section-2 to None, run_after=None
[2024-07-12T12:22:38.271+0100] {logging_mixin.py:188} INFO - [2024-07-12T12:22:38.270+0100] {dag.py:3096} INFO - Sync 2 DAGs
[2024-07-12T12:22:38.298+0100] {logging_mixin.py:188} INFO - [2024-07-12T12:22:38.297+0100] {dag.py:3954} INFO - Setting next_dagrun for example_subdag_operator.section-1 to None, run_after=None
[2024-07-12T12:22:38.301+0100] {logging_mixin.py:188} INFO - [2024-07-12T12:22:38.301+0100] {dag.py:3954} INFO - Setting next_dagrun for example_subdag_operator.section-2 to None, run_after=None
[2024-07-12T12:22:38.594+0100] {processor.py:183} INFO - Processing /home/victor/airflow_env/lib/python3.10/site-packages/airflow/example_dags/example_subdag_operator.py took 1.002 seconds
[2024-07-12T12:24:09.672+0100] {processor.py:161} INFO - Started process (PID=35852) to work on /home/victor/airflow_env/lib/python3.10/site-packages/airflow/example_dags/example_subdag_operator.py
[2024-07-12T12:24:09.684+0100] {processor.py:830} INFO - Processing file /home/victor/airflow_env/lib/python3.10/site-packages/airflow/example_dags/example_subdag_operator.py for tasks to queue
[2024-07-12T12:24:09.705+0100] {logging_mixin.py:188} INFO - [2024-07-12T12:24:09.694+0100] {dagbag.py:545} INFO - Filling up the DagBag from /home/victor/airflow_env/lib/python3.10/site-packages/airflow/example_dags/example_subdag_operator.py
[2024-07-12T12:24:10.031+0100] {processor.py:840} INFO - DAG(s) 'example_subdag_operator.section-1', 'example_subdag_operator.section-2', 'example_subdag_operator' retrieved from /home/victor/airflow_env/lib/python3.10/site-packages/airflow/example_dags/example_subdag_operator.py
[2024-07-12T12:24:10.286+0100] {logging_mixin.py:188} INFO - [2024-07-12T12:24:10.285+0100] {dag.py:3096} INFO - Sync 3 DAGs
[2024-07-12T12:24:10.555+0100] {logging_mixin.py:188} INFO - [2024-07-12T12:24:10.553+0100] {dag.py:3954} INFO - Setting next_dagrun for example_subdag_operator to 2022-01-01 00:00:00+00:00, run_after=2022-01-01 00:00:00+00:00
[2024-07-12T12:24:10.586+0100] {logging_mixin.py:188} INFO - [2024-07-12T12:24:10.585+0100] {dag.py:3954} INFO - Setting next_dagrun for example_subdag_operator.section-1 to None, run_after=None
[2024-07-12T12:24:10.606+0100] {logging_mixin.py:188} INFO - [2024-07-12T12:24:10.605+0100] {dag.py:3954} INFO - Setting next_dagrun for example_subdag_operator.section-2 to None, run_after=None
[2024-07-12T12:24:10.719+0100] {logging_mixin.py:188} INFO - [2024-07-12T12:24:10.718+0100] {dag.py:3096} INFO - Sync 2 DAGs
[2024-07-12T12:24:10.774+0100] {logging_mixin.py:188} INFO - [2024-07-12T12:24:10.773+0100] {dag.py:3954} INFO - Setting next_dagrun for example_subdag_operator.section-1 to None, run_after=None
[2024-07-12T12:24:10.784+0100] {logging_mixin.py:188} INFO - [2024-07-12T12:24:10.783+0100] {dag.py:3954} INFO - Setting next_dagrun for example_subdag_operator.section-2 to None, run_after=None
[2024-07-12T12:24:11.230+0100] {processor.py:183} INFO - Processing /home/victor/airflow_env/lib/python3.10/site-packages/airflow/example_dags/example_subdag_operator.py took 1.641 seconds
[2024-07-12T12:25:50.993+0100] {processor.py:161} INFO - Started process (PID=36262) to work on /home/victor/airflow_env/lib/python3.10/site-packages/airflow/example_dags/example_subdag_operator.py
[2024-07-12T12:25:51.000+0100] {processor.py:830} INFO - Processing file /home/victor/airflow_env/lib/python3.10/site-packages/airflow/example_dags/example_subdag_operator.py for tasks to queue
[2024-07-12T12:25:51.011+0100] {logging_mixin.py:188} INFO - [2024-07-12T12:25:51.009+0100] {dagbag.py:545} INFO - Filling up the DagBag from /home/victor/airflow_env/lib/python3.10/site-packages/airflow/example_dags/example_subdag_operator.py
[2024-07-12T12:25:51.259+0100] {processor.py:840} INFO - DAG(s) 'example_subdag_operator.section-1', 'example_subdag_operator.section-2', 'example_subdag_operator' retrieved from /home/victor/airflow_env/lib/python3.10/site-packages/airflow/example_dags/example_subdag_operator.py
[2024-07-12T12:25:51.384+0100] {logging_mixin.py:188} INFO - [2024-07-12T12:25:51.383+0100] {dag.py:3096} INFO - Sync 3 DAGs
[2024-07-12T12:25:51.518+0100] {logging_mixin.py:188} INFO - [2024-07-12T12:25:51.517+0100] {dag.py:3954} INFO - Setting next_dagrun for example_subdag_operator to 2022-01-01 00:00:00+00:00, run_after=2022-01-01 00:00:00+00:00
[2024-07-12T12:25:51.547+0100] {logging_mixin.py:188} INFO - [2024-07-12T12:25:51.546+0100] {dag.py:3954} INFO - Setting next_dagrun for example_subdag_operator.section-1 to None, run_after=None
[2024-07-12T12:25:51.558+0100] {logging_mixin.py:188} INFO - [2024-07-12T12:25:51.557+0100] {dag.py:3954} INFO - Setting next_dagrun for example_subdag_operator.section-2 to None, run_after=None
[2024-07-12T12:25:51.614+0100] {logging_mixin.py:188} INFO - [2024-07-12T12:25:51.613+0100] {dag.py:3096} INFO - Sync 2 DAGs
[2024-07-12T12:25:51.639+0100] {logging_mixin.py:188} INFO - [2024-07-12T12:25:51.636+0100] {dag.py:3954} INFO - Setting next_dagrun for example_subdag_operator.section-1 to None, run_after=None
[2024-07-12T12:25:51.646+0100] {logging_mixin.py:188} INFO - [2024-07-12T12:25:51.642+0100] {dag.py:3954} INFO - Setting next_dagrun for example_subdag_operator.section-2 to None, run_after=None
[2024-07-12T12:25:51.991+0100] {processor.py:183} INFO - Processing /home/victor/airflow_env/lib/python3.10/site-packages/airflow/example_dags/example_subdag_operator.py took 1.038 seconds
[2024-07-12T12:27:22.169+0100] {processor.py:161} INFO - Started process (PID=36635) to work on /home/victor/airflow_env/lib/python3.10/site-packages/airflow/example_dags/example_subdag_operator.py
[2024-07-12T12:27:22.174+0100] {processor.py:830} INFO - Processing file /home/victor/airflow_env/lib/python3.10/site-packages/airflow/example_dags/example_subdag_operator.py for tasks to queue
[2024-07-12T12:27:22.183+0100] {logging_mixin.py:188} INFO - [2024-07-12T12:27:22.181+0100] {dagbag.py:545} INFO - Filling up the DagBag from /home/victor/airflow_env/lib/python3.10/site-packages/airflow/example_dags/example_subdag_operator.py
[2024-07-12T12:27:22.330+0100] {processor.py:840} INFO - DAG(s) 'example_subdag_operator.section-1', 'example_subdag_operator.section-2', 'example_subdag_operator' retrieved from /home/victor/airflow_env/lib/python3.10/site-packages/airflow/example_dags/example_subdag_operator.py
[2024-07-12T12:27:22.458+0100] {logging_mixin.py:188} INFO - [2024-07-12T12:27:22.457+0100] {dag.py:3096} INFO - Sync 3 DAGs
[2024-07-12T12:27:22.608+0100] {logging_mixin.py:188} INFO - [2024-07-12T12:27:22.607+0100] {dag.py:3954} INFO - Setting next_dagrun for example_subdag_operator to 2022-01-01 00:00:00+00:00, run_after=2022-01-01 00:00:00+00:00
[2024-07-12T12:27:22.633+0100] {logging_mixin.py:188} INFO - [2024-07-12T12:27:22.632+0100] {dag.py:3954} INFO - Setting next_dagrun for example_subdag_operator.section-1 to None, run_after=None
[2024-07-12T12:27:22.647+0100] {logging_mixin.py:188} INFO - [2024-07-12T12:27:22.646+0100] {dag.py:3954} INFO - Setting next_dagrun for example_subdag_operator.section-2 to None, run_after=None
[2024-07-12T12:27:22.703+0100] {logging_mixin.py:188} INFO - [2024-07-12T12:27:22.702+0100] {dag.py:3096} INFO - Sync 2 DAGs
[2024-07-12T12:27:22.723+0100] {logging_mixin.py:188} INFO - [2024-07-12T12:27:22.722+0100] {dag.py:3954} INFO - Setting next_dagrun for example_subdag_operator.section-1 to None, run_after=None
[2024-07-12T12:27:22.726+0100] {logging_mixin.py:188} INFO - [2024-07-12T12:27:22.725+0100] {dag.py:3954} INFO - Setting next_dagrun for example_subdag_operator.section-2 to None, run_after=None
[2024-07-12T12:27:22.994+0100] {processor.py:183} INFO - Processing /home/victor/airflow_env/lib/python3.10/site-packages/airflow/example_dags/example_subdag_operator.py took 0.856 seconds
[2024-07-12T12:28:51.038+0100] {processor.py:161} INFO - Started process (PID=36998) to work on /home/victor/airflow_env/lib/python3.10/site-packages/airflow/example_dags/example_subdag_operator.py
[2024-07-12T12:28:51.043+0100] {processor.py:830} INFO - Processing file /home/victor/airflow_env/lib/python3.10/site-packages/airflow/example_dags/example_subdag_operator.py for tasks to queue
[2024-07-12T12:28:51.052+0100] {logging_mixin.py:188} INFO - [2024-07-12T12:28:51.050+0100] {dagbag.py:545} INFO - Filling up the DagBag from /home/victor/airflow_env/lib/python3.10/site-packages/airflow/example_dags/example_subdag_operator.py
[2024-07-12T12:28:51.199+0100] {processor.py:840} INFO - DAG(s) 'example_subdag_operator.section-1', 'example_subdag_operator.section-2', 'example_subdag_operator' retrieved from /home/victor/airflow_env/lib/python3.10/site-packages/airflow/example_dags/example_subdag_operator.py
[2024-07-12T12:28:51.337+0100] {logging_mixin.py:188} INFO - [2024-07-12T12:28:51.336+0100] {dag.py:3096} INFO - Sync 3 DAGs
[2024-07-12T12:28:51.473+0100] {logging_mixin.py:188} INFO - [2024-07-12T12:28:51.471+0100] {dag.py:3954} INFO - Setting next_dagrun for example_subdag_operator to 2022-01-01 00:00:00+00:00, run_after=2022-01-01 00:00:00+00:00
[2024-07-12T12:28:51.505+0100] {logging_mixin.py:188} INFO - [2024-07-12T12:28:51.504+0100] {dag.py:3954} INFO - Setting next_dagrun for example_subdag_operator.section-1 to None, run_after=None
[2024-07-12T12:28:51.516+0100] {logging_mixin.py:188} INFO - [2024-07-12T12:28:51.515+0100] {dag.py:3954} INFO - Setting next_dagrun for example_subdag_operator.section-2 to None, run_after=None
[2024-07-12T12:28:51.568+0100] {logging_mixin.py:188} INFO - [2024-07-12T12:28:51.567+0100] {dag.py:3096} INFO - Sync 2 DAGs
[2024-07-12T12:28:51.593+0100] {logging_mixin.py:188} INFO - [2024-07-12T12:28:51.592+0100] {dag.py:3954} INFO - Setting next_dagrun for example_subdag_operator.section-1 to None, run_after=None
[2024-07-12T12:28:51.600+0100] {logging_mixin.py:188} INFO - [2024-07-12T12:28:51.598+0100] {dag.py:3954} INFO - Setting next_dagrun for example_subdag_operator.section-2 to None, run_after=None
[2024-07-12T12:28:51.847+0100] {processor.py:183} INFO - Processing /home/victor/airflow_env/lib/python3.10/site-packages/airflow/example_dags/example_subdag_operator.py took 0.846 seconds
[2024-07-12T12:30:27.074+0100] {processor.py:161} INFO - Started process (PID=37390) to work on /home/victor/airflow_env/lib/python3.10/site-packages/airflow/example_dags/example_subdag_operator.py
[2024-07-12T12:30:27.079+0100] {processor.py:830} INFO - Processing file /home/victor/airflow_env/lib/python3.10/site-packages/airflow/example_dags/example_subdag_operator.py for tasks to queue
[2024-07-12T12:30:27.088+0100] {logging_mixin.py:188} INFO - [2024-07-12T12:30:27.086+0100] {dagbag.py:545} INFO - Filling up the DagBag from /home/victor/airflow_env/lib/python3.10/site-packages/airflow/example_dags/example_subdag_operator.py
[2024-07-12T12:30:27.242+0100] {processor.py:840} INFO - DAG(s) 'example_subdag_operator.section-1', 'example_subdag_operator.section-2', 'example_subdag_operator' retrieved from /home/victor/airflow_env/lib/python3.10/site-packages/airflow/example_dags/example_subdag_operator.py
[2024-07-12T12:30:27.353+0100] {logging_mixin.py:188} INFO - [2024-07-12T12:30:27.352+0100] {dag.py:3096} INFO - Sync 3 DAGs
[2024-07-12T12:30:27.476+0100] {logging_mixin.py:188} INFO - [2024-07-12T12:30:27.475+0100] {dag.py:3954} INFO - Setting next_dagrun for example_subdag_operator to 2022-01-01 00:00:00+00:00, run_after=2022-01-01 00:00:00+00:00
[2024-07-12T12:30:27.499+0100] {logging_mixin.py:188} INFO - [2024-07-12T12:30:27.498+0100] {dag.py:3954} INFO - Setting next_dagrun for example_subdag_operator.section-1 to None, run_after=None
[2024-07-12T12:30:27.509+0100] {logging_mixin.py:188} INFO - [2024-07-12T12:30:27.508+0100] {dag.py:3954} INFO - Setting next_dagrun for example_subdag_operator.section-2 to None, run_after=None
[2024-07-12T12:30:27.568+0100] {logging_mixin.py:188} INFO - [2024-07-12T12:30:27.567+0100] {dag.py:3096} INFO - Sync 2 DAGs
[2024-07-12T12:30:27.590+0100] {logging_mixin.py:188} INFO - [2024-07-12T12:30:27.589+0100] {dag.py:3954} INFO - Setting next_dagrun for example_subdag_operator.section-1 to None, run_after=None
[2024-07-12T12:30:27.592+0100] {logging_mixin.py:188} INFO - [2024-07-12T12:30:27.592+0100] {dag.py:3954} INFO - Setting next_dagrun for example_subdag_operator.section-2 to None, run_after=None
[2024-07-12T12:30:27.865+0100] {processor.py:183} INFO - Processing /home/victor/airflow_env/lib/python3.10/site-packages/airflow/example_dags/example_subdag_operator.py took 0.822 seconds
[2024-07-12T12:31:56.295+0100] {processor.py:161} INFO - Started process (PID=37760) to work on /home/victor/airflow_env/lib/python3.10/site-packages/airflow/example_dags/example_subdag_operator.py
[2024-07-12T12:31:56.300+0100] {processor.py:830} INFO - Processing file /home/victor/airflow_env/lib/python3.10/site-packages/airflow/example_dags/example_subdag_operator.py for tasks to queue
[2024-07-12T12:31:56.308+0100] {logging_mixin.py:188} INFO - [2024-07-12T12:31:56.307+0100] {dagbag.py:545} INFO - Filling up the DagBag from /home/victor/airflow_env/lib/python3.10/site-packages/airflow/example_dags/example_subdag_operator.py
[2024-07-12T12:31:56.474+0100] {processor.py:840} INFO - DAG(s) 'example_subdag_operator.section-1', 'example_subdag_operator.section-2', 'example_subdag_operator' retrieved from /home/victor/airflow_env/lib/python3.10/site-packages/airflow/example_dags/example_subdag_operator.py
[2024-07-12T12:31:56.584+0100] {logging_mixin.py:188} INFO - [2024-07-12T12:31:56.583+0100] {dag.py:3096} INFO - Sync 3 DAGs
[2024-07-12T12:31:56.714+0100] {logging_mixin.py:188} INFO - [2024-07-12T12:31:56.713+0100] {dag.py:3954} INFO - Setting next_dagrun for example_subdag_operator to 2022-01-01 00:00:00+00:00, run_after=2022-01-01 00:00:00+00:00
[2024-07-12T12:31:56.734+0100] {logging_mixin.py:188} INFO - [2024-07-12T12:31:56.733+0100] {dag.py:3954} INFO - Setting next_dagrun for example_subdag_operator.section-1 to None, run_after=None
[2024-07-12T12:31:56.746+0100] {logging_mixin.py:188} INFO - [2024-07-12T12:31:56.745+0100] {dag.py:3954} INFO - Setting next_dagrun for example_subdag_operator.section-2 to None, run_after=None
[2024-07-12T12:31:56.797+0100] {logging_mixin.py:188} INFO - [2024-07-12T12:31:56.796+0100] {dag.py:3096} INFO - Sync 2 DAGs
[2024-07-12T12:31:56.819+0100] {logging_mixin.py:188} INFO - [2024-07-12T12:31:56.818+0100] {dag.py:3954} INFO - Setting next_dagrun for example_subdag_operator.section-1 to None, run_after=None
[2024-07-12T12:31:56.821+0100] {logging_mixin.py:188} INFO - [2024-07-12T12:31:56.821+0100] {dag.py:3954} INFO - Setting next_dagrun for example_subdag_operator.section-2 to None, run_after=None
[2024-07-12T12:31:57.062+0100] {processor.py:183} INFO - Processing /home/victor/airflow_env/lib/python3.10/site-packages/airflow/example_dags/example_subdag_operator.py took 0.799 seconds
