[2024-07-12T11:06:19.493+0100] {processor.py:161} INFO - Started process (PID=16328) to work on /home/victor/airflow_env/lib/python3.10/site-packages/airflow/example_dags/example_datasets.py
[2024-07-12T11:06:19.498+0100] {processor.py:830} INFO - Processing file /home/victor/airflow_env/lib/python3.10/site-packages/airflow/example_dags/example_datasets.py for tasks to queue
[2024-07-12T11:06:19.506+0100] {logging_mixin.py:188} INFO - [2024-07-12T11:06:19.505+0100] {dagbag.py:545} INFO - Filling up the DagBag from /home/victor/airflow_env/lib/python3.10/site-packages/airflow/example_dags/example_datasets.py
[2024-07-12T11:06:19.571+0100] {processor.py:840} INFO - DAG(s) 'dataset_produces_2', 'dataset_consumes_1_never_scheduled', 'dataset_consumes_unknown_never_scheduled', 'conditional_dataset_and_time_based_timetable', 'consume_1_or_2_with_dataset_expressions', 'dataset_produces_1', 'consume_1_and_2_with_dataset_expressions', 'dataset_consumes_1_and_2', 'consume_1_or_both_2_and_3_with_dataset_expressions', 'dataset_consumes_1' retrieved from /home/victor/airflow_env/lib/python3.10/site-packages/airflow/example_dags/example_datasets.py
[2024-07-12T11:06:20.347+0100] {logging_mixin.py:188} INFO - [2024-07-12T11:06:20.345+0100] {override.py:1847} INFO - Created Permission View: can edit on DAG:dataset_produces_2
[2024-07-12T11:06:20.520+0100] {logging_mixin.py:188} INFO - [2024-07-12T11:06:20.519+0100] {override.py:1847} INFO - Created Permission View: can read on DAG:dataset_produces_2
[2024-07-12T11:06:20.705+0100] {logging_mixin.py:188} INFO - [2024-07-12T11:06:20.703+0100] {override.py:1847} INFO - Created Permission View: can delete on DAG:dataset_produces_2
[2024-07-12T11:06:21.125+0100] {logging_mixin.py:188} INFO - [2024-07-12T11:06:21.123+0100] {override.py:1847} INFO - Created Permission View: can edit on DAG:dataset_consumes_1_never_scheduled
[2024-07-12T11:06:21.317+0100] {logging_mixin.py:188} INFO - [2024-07-12T11:06:21.315+0100] {override.py:1847} INFO - Created Permission View: can read on DAG:dataset_consumes_1_never_scheduled
[2024-07-12T11:06:21.587+0100] {logging_mixin.py:188} INFO - [2024-07-12T11:06:21.586+0100] {override.py:1847} INFO - Created Permission View: can delete on DAG:dataset_consumes_1_never_scheduled
[2024-07-12T11:06:22.072+0100] {logging_mixin.py:188} INFO - [2024-07-12T11:06:22.071+0100] {override.py:1847} INFO - Created Permission View: can edit on DAG:dataset_consumes_unknown_never_scheduled
[2024-07-12T11:06:22.302+0100] {logging_mixin.py:188} INFO - [2024-07-12T11:06:22.300+0100] {override.py:1847} INFO - Created Permission View: can read on DAG:dataset_consumes_unknown_never_scheduled
[2024-07-12T11:06:22.473+0100] {logging_mixin.py:188} INFO - [2024-07-12T11:06:22.471+0100] {override.py:1847} INFO - Created Permission View: can delete on DAG:dataset_consumes_unknown_never_scheduled
[2024-07-12T11:06:22.946+0100] {logging_mixin.py:188} INFO - [2024-07-12T11:06:22.944+0100] {override.py:1847} INFO - Created Permission View: can edit on DAG:conditional_dataset_and_time_based_timetable
[2024-07-12T11:06:23.138+0100] {logging_mixin.py:188} INFO - [2024-07-12T11:06:23.136+0100] {override.py:1847} INFO - Created Permission View: can read on DAG:conditional_dataset_and_time_based_timetable
[2024-07-12T11:06:23.332+0100] {logging_mixin.py:188} INFO - [2024-07-12T11:06:23.331+0100] {override.py:1847} INFO - Created Permission View: can delete on DAG:conditional_dataset_and_time_based_timetable
[2024-07-12T11:06:24.292+0100] {logging_mixin.py:188} INFO - [2024-07-12T11:06:24.290+0100] {override.py:1847} INFO - Created Permission View: can edit on DAG:consume_1_or_2_with_dataset_expressions
[2024-07-12T11:06:24.536+0100] {logging_mixin.py:188} INFO - [2024-07-12T11:06:24.535+0100] {override.py:1847} INFO - Created Permission View: can read on DAG:consume_1_or_2_with_dataset_expressions
[2024-07-12T11:06:24.892+0100] {logging_mixin.py:188} INFO - [2024-07-12T11:06:24.890+0100] {override.py:1847} INFO - Created Permission View: can delete on DAG:consume_1_or_2_with_dataset_expressions
[2024-07-12T11:06:25.451+0100] {logging_mixin.py:188} INFO - [2024-07-12T11:06:25.450+0100] {override.py:1847} INFO - Created Permission View: can edit on DAG:dataset_produces_1
[2024-07-12T11:06:25.701+0100] {logging_mixin.py:188} INFO - [2024-07-12T11:06:25.699+0100] {override.py:1847} INFO - Created Permission View: can read on DAG:dataset_produces_1
[2024-07-12T11:06:25.922+0100] {logging_mixin.py:188} INFO - [2024-07-12T11:06:25.921+0100] {override.py:1847} INFO - Created Permission View: can delete on DAG:dataset_produces_1
[2024-07-12T11:06:26.397+0100] {logging_mixin.py:188} INFO - [2024-07-12T11:06:26.395+0100] {override.py:1847} INFO - Created Permission View: can edit on DAG:consume_1_and_2_with_dataset_expressions
[2024-07-12T11:06:26.597+0100] {logging_mixin.py:188} INFO - [2024-07-12T11:06:26.595+0100] {override.py:1847} INFO - Created Permission View: can read on DAG:consume_1_and_2_with_dataset_expressions
[2024-07-12T11:06:27.114+0100] {logging_mixin.py:188} INFO - [2024-07-12T11:06:27.112+0100] {override.py:1847} INFO - Created Permission View: can delete on DAG:consume_1_and_2_with_dataset_expressions
[2024-07-12T11:06:27.742+0100] {logging_mixin.py:188} INFO - [2024-07-12T11:06:27.741+0100] {override.py:1847} INFO - Created Permission View: can edit on DAG:dataset_consumes_1_and_2
[2024-07-12T11:06:28.008+0100] {logging_mixin.py:188} INFO - [2024-07-12T11:06:28.007+0100] {override.py:1847} INFO - Created Permission View: can read on DAG:dataset_consumes_1_and_2
[2024-07-12T11:06:28.206+0100] {logging_mixin.py:188} INFO - [2024-07-12T11:06:28.205+0100] {override.py:1847} INFO - Created Permission View: can delete on DAG:dataset_consumes_1_and_2
[2024-07-12T11:06:28.592+0100] {logging_mixin.py:188} INFO - [2024-07-12T11:06:28.590+0100] {override.py:1847} INFO - Created Permission View: can edit on DAG:consume_1_or_both_2_and_3_with_dataset_expressions
[2024-07-12T11:06:28.789+0100] {logging_mixin.py:188} INFO - [2024-07-12T11:06:28.787+0100] {override.py:1847} INFO - Created Permission View: can read on DAG:consume_1_or_both_2_and_3_with_dataset_expressions
[2024-07-12T11:06:29.030+0100] {logging_mixin.py:188} INFO - [2024-07-12T11:06:29.029+0100] {override.py:1847} INFO - Created Permission View: can delete on DAG:consume_1_or_both_2_and_3_with_dataset_expressions
[2024-07-12T11:06:29.442+0100] {logging_mixin.py:188} INFO - [2024-07-12T11:06:29.440+0100] {override.py:1847} INFO - Created Permission View: can edit on DAG:dataset_consumes_1
[2024-07-12T11:06:30.091+0100] {logging_mixin.py:188} INFO - [2024-07-12T11:06:30.089+0100] {override.py:1847} INFO - Created Permission View: can read on DAG:dataset_consumes_1
[2024-07-12T11:06:30.279+0100] {logging_mixin.py:188} INFO - [2024-07-12T11:06:30.278+0100] {override.py:1847} INFO - Created Permission View: can delete on DAG:dataset_consumes_1
[2024-07-12T11:06:30.283+0100] {logging_mixin.py:188} INFO - [2024-07-12T11:06:30.281+0100] {dag.py:3096} INFO - Sync 10 DAGs
[2024-07-12T11:06:30.372+0100] {logging_mixin.py:188} INFO - [2024-07-12T11:06:30.371+0100] {dag.py:3118} INFO - Creating ORM DAG for dataset_produces_2
[2024-07-12T11:06:30.381+0100] {logging_mixin.py:188} INFO - [2024-07-12T11:06:30.380+0100] {dag.py:3118} INFO - Creating ORM DAG for dataset_consumes_1_never_scheduled
[2024-07-12T11:06:30.386+0100] {logging_mixin.py:188} INFO - [2024-07-12T11:06:30.385+0100] {dag.py:3118} INFO - Creating ORM DAG for consume_1_or_2_with_dataset_expressions
[2024-07-12T11:06:30.390+0100] {logging_mixin.py:188} INFO - [2024-07-12T11:06:30.389+0100] {dag.py:3118} INFO - Creating ORM DAG for dataset_consumes_unknown_never_scheduled
[2024-07-12T11:06:30.394+0100] {logging_mixin.py:188} INFO - [2024-07-12T11:06:30.393+0100] {dag.py:3118} INFO - Creating ORM DAG for consume_1_or_both_2_and_3_with_dataset_expressions
[2024-07-12T11:06:30.398+0100] {logging_mixin.py:188} INFO - [2024-07-12T11:06:30.397+0100] {dag.py:3118} INFO - Creating ORM DAG for dataset_produces_1
[2024-07-12T11:06:30.402+0100] {logging_mixin.py:188} INFO - [2024-07-12T11:06:30.401+0100] {dag.py:3118} INFO - Creating ORM DAG for consume_1_and_2_with_dataset_expressions
[2024-07-12T11:06:30.406+0100] {logging_mixin.py:188} INFO - [2024-07-12T11:06:30.405+0100] {dag.py:3118} INFO - Creating ORM DAG for conditional_dataset_and_time_based_timetable
[2024-07-12T11:06:30.410+0100] {logging_mixin.py:188} INFO - [2024-07-12T11:06:30.409+0100] {dag.py:3118} INFO - Creating ORM DAG for dataset_consumes_1
[2024-07-12T11:06:30.414+0100] {logging_mixin.py:188} INFO - [2024-07-12T11:06:30.413+0100] {dag.py:3118} INFO - Creating ORM DAG for dataset_consumes_1_and_2
[2024-07-12T11:06:30.465+0100] {logging_mixin.py:188} INFO - [2024-07-12T11:06:30.465+0100] {dag.py:3954} INFO - Setting next_dagrun for conditional_dataset_and_time_based_timetable to 2024-07-10 01:00:00+00:00, run_after=2024-07-10 01:00:00+00:00
[2024-07-12T11:06:30.469+0100] {logging_mixin.py:188} INFO - [2024-07-12T11:06:30.469+0100] {dag.py:3954} INFO - Setting next_dagrun for consume_1_and_2_with_dataset_expressions to None, run_after=None
[2024-07-12T11:06:30.472+0100] {logging_mixin.py:188} INFO - [2024-07-12T11:06:30.472+0100] {dag.py:3954} INFO - Setting next_dagrun for consume_1_or_2_with_dataset_expressions to None, run_after=None
[2024-07-12T11:06:30.475+0100] {logging_mixin.py:188} INFO - [2024-07-12T11:06:30.475+0100] {dag.py:3954} INFO - Setting next_dagrun for consume_1_or_both_2_and_3_with_dataset_expressions to None, run_after=None
[2024-07-12T11:06:30.478+0100] {logging_mixin.py:188} INFO - [2024-07-12T11:06:30.478+0100] {dag.py:3954} INFO - Setting next_dagrun for dataset_consumes_1 to None, run_after=None
[2024-07-12T11:06:30.483+0100] {logging_mixin.py:188} INFO - [2024-07-12T11:06:30.481+0100] {dag.py:3954} INFO - Setting next_dagrun for dataset_consumes_1_and_2 to None, run_after=None
[2024-07-12T11:06:30.487+0100] {logging_mixin.py:188} INFO - [2024-07-12T11:06:30.486+0100] {dag.py:3954} INFO - Setting next_dagrun for dataset_consumes_1_never_scheduled to None, run_after=None
[2024-07-12T11:06:30.491+0100] {logging_mixin.py:188} INFO - [2024-07-12T11:06:30.490+0100] {dag.py:3954} INFO - Setting next_dagrun for dataset_consumes_unknown_never_scheduled to None, run_after=None
[2024-07-12T11:06:30.501+0100] {logging_mixin.py:188} INFO - [2024-07-12T11:06:30.500+0100] {dag.py:3954} INFO - Setting next_dagrun for dataset_produces_1 to 2024-07-11 00:00:00+00:00, run_after=2024-07-12 00:00:00+00:00
[2024-07-12T11:06:30.505+0100] {logging_mixin.py:188} INFO - [2024-07-12T11:06:30.504+0100] {dag.py:3954} INFO - Setting next_dagrun for dataset_produces_2 to None, run_after=None
[2024-07-12T11:06:31.137+0100] {processor.py:183} INFO - Processing /home/victor/airflow_env/lib/python3.10/site-packages/airflow/example_dags/example_datasets.py took 11.672 seconds
[2024-07-12T11:09:27.274+0100] {processor.py:161} INFO - Started process (PID=17059) to work on /home/victor/airflow_env/lib/python3.10/site-packages/airflow/example_dags/example_datasets.py
[2024-07-12T11:09:27.279+0100] {processor.py:830} INFO - Processing file /home/victor/airflow_env/lib/python3.10/site-packages/airflow/example_dags/example_datasets.py for tasks to queue
[2024-07-12T11:09:27.291+0100] {logging_mixin.py:188} INFO - [2024-07-12T11:09:27.289+0100] {dagbag.py:545} INFO - Filling up the DagBag from /home/victor/airflow_env/lib/python3.10/site-packages/airflow/example_dags/example_datasets.py
[2024-07-12T11:09:27.395+0100] {processor.py:840} INFO - DAG(s) 'dataset_produces_1', 'dataset_consumes_1_never_scheduled', 'dataset_consumes_1_and_2', 'consume_1_or_2_with_dataset_expressions', 'consume_1_and_2_with_dataset_expressions', 'dataset_consumes_unknown_never_scheduled', 'dataset_consumes_1', 'consume_1_or_both_2_and_3_with_dataset_expressions', 'dataset_produces_2', 'conditional_dataset_and_time_based_timetable' retrieved from /home/victor/airflow_env/lib/python3.10/site-packages/airflow/example_dags/example_datasets.py
[2024-07-12T11:09:29.013+0100] {logging_mixin.py:188} INFO - [2024-07-12T11:09:29.012+0100] {dag.py:3096} INFO - Sync 10 DAGs
[2024-07-12T11:09:29.614+0100] {logging_mixin.py:188} INFO - [2024-07-12T11:09:29.613+0100] {dag.py:3954} INFO - Setting next_dagrun for conditional_dataset_and_time_based_timetable to 2024-07-10 01:00:00+00:00, run_after=2024-07-10 01:00:00+00:00
[2024-07-12T11:09:30.726+0100] {logging_mixin.py:188} INFO - [2024-07-12T11:09:30.722+0100] {dag.py:3954} INFO - Setting next_dagrun for consume_1_and_2_with_dataset_expressions to None, run_after=None
[2024-07-12T11:09:30.774+0100] {logging_mixin.py:188} INFO - [2024-07-12T11:09:30.772+0100] {dag.py:3954} INFO - Setting next_dagrun for consume_1_or_2_with_dataset_expressions to None, run_after=None
[2024-07-12T11:09:30.802+0100] {logging_mixin.py:188} INFO - [2024-07-12T11:09:30.801+0100] {dag.py:3954} INFO - Setting next_dagrun for consume_1_or_both_2_and_3_with_dataset_expressions to None, run_after=None
[2024-07-12T11:09:30.833+0100] {logging_mixin.py:188} INFO - [2024-07-12T11:09:30.832+0100] {dag.py:3954} INFO - Setting next_dagrun for dataset_consumes_1 to None, run_after=None
[2024-07-12T11:09:31.107+0100] {logging_mixin.py:188} INFO - [2024-07-12T11:09:31.107+0100] {dag.py:3954} INFO - Setting next_dagrun for dataset_consumes_1_and_2 to None, run_after=None
[2024-07-12T11:09:31.131+0100] {logging_mixin.py:188} INFO - [2024-07-12T11:09:31.130+0100] {dag.py:3954} INFO - Setting next_dagrun for dataset_consumes_1_never_scheduled to None, run_after=None
[2024-07-12T11:09:31.161+0100] {logging_mixin.py:188} INFO - [2024-07-12T11:09:31.152+0100] {dag.py:3954} INFO - Setting next_dagrun for dataset_consumes_unknown_never_scheduled to None, run_after=None
[2024-07-12T11:09:31.212+0100] {logging_mixin.py:188} INFO - [2024-07-12T11:09:31.211+0100] {dag.py:3954} INFO - Setting next_dagrun for dataset_produces_1 to 2024-07-11 00:00:00+00:00, run_after=2024-07-12 00:00:00+00:00
[2024-07-12T11:09:31.243+0100] {logging_mixin.py:188} INFO - [2024-07-12T11:09:31.242+0100] {dag.py:3954} INFO - Setting next_dagrun for dataset_produces_2 to None, run_after=None
[2024-07-12T11:09:32.717+0100] {processor.py:183} INFO - Processing /home/victor/airflow_env/lib/python3.10/site-packages/airflow/example_dags/example_datasets.py took 5.492 seconds
[2024-07-12T11:13:04.695+0100] {processor.py:161} INFO - Started process (PID=17944) to work on /home/victor/airflow_env/lib/python3.10/site-packages/airflow/example_dags/example_datasets.py
[2024-07-12T11:13:04.700+0100] {processor.py:830} INFO - Processing file /home/victor/airflow_env/lib/python3.10/site-packages/airflow/example_dags/example_datasets.py for tasks to queue
[2024-07-12T11:13:04.715+0100] {logging_mixin.py:188} INFO - [2024-07-12T11:13:04.709+0100] {dagbag.py:545} INFO - Filling up the DagBag from /home/victor/airflow_env/lib/python3.10/site-packages/airflow/example_dags/example_datasets.py
[2024-07-12T11:13:04.815+0100] {processor.py:840} INFO - DAG(s) 'dataset_consumes_unknown_never_scheduled', 'consume_1_and_2_with_dataset_expressions', 'conditional_dataset_and_time_based_timetable', 'dataset_produces_2', 'consume_1_or_both_2_and_3_with_dataset_expressions', 'dataset_produces_1', 'dataset_consumes_1_and_2', 'dataset_consumes_1', 'consume_1_or_2_with_dataset_expressions', 'dataset_consumes_1_never_scheduled' retrieved from /home/victor/airflow_env/lib/python3.10/site-packages/airflow/example_dags/example_datasets.py
[2024-07-12T11:13:05.455+0100] {logging_mixin.py:188} INFO - [2024-07-12T11:13:05.455+0100] {dag.py:3096} INFO - Sync 10 DAGs
[2024-07-12T11:13:05.619+0100] {logging_mixin.py:188} INFO - [2024-07-12T11:13:05.618+0100] {dag.py:3954} INFO - Setting next_dagrun for conditional_dataset_and_time_based_timetable to 2024-07-10 01:00:00+00:00, run_after=2024-07-10 01:00:00+00:00
[2024-07-12T11:13:05.642+0100] {logging_mixin.py:188} INFO - [2024-07-12T11:13:05.640+0100] {dag.py:3954} INFO - Setting next_dagrun for consume_1_and_2_with_dataset_expressions to None, run_after=None
[2024-07-12T11:13:05.653+0100] {logging_mixin.py:188} INFO - [2024-07-12T11:13:05.652+0100] {dag.py:3954} INFO - Setting next_dagrun for consume_1_or_2_with_dataset_expressions to None, run_after=None
[2024-07-12T11:13:05.666+0100] {logging_mixin.py:188} INFO - [2024-07-12T11:13:05.665+0100] {dag.py:3954} INFO - Setting next_dagrun for consume_1_or_both_2_and_3_with_dataset_expressions to None, run_after=None
[2024-07-12T11:13:05.679+0100] {logging_mixin.py:188} INFO - [2024-07-12T11:13:05.678+0100] {dag.py:3954} INFO - Setting next_dagrun for dataset_consumes_1 to None, run_after=None
[2024-07-12T11:13:05.690+0100] {logging_mixin.py:188} INFO - [2024-07-12T11:13:05.689+0100] {dag.py:3954} INFO - Setting next_dagrun for dataset_consumes_1_and_2 to None, run_after=None
[2024-07-12T11:13:05.704+0100] {logging_mixin.py:188} INFO - [2024-07-12T11:13:05.702+0100] {dag.py:3954} INFO - Setting next_dagrun for dataset_consumes_1_never_scheduled to None, run_after=None
[2024-07-12T11:13:05.716+0100] {logging_mixin.py:188} INFO - [2024-07-12T11:13:05.715+0100] {dag.py:3954} INFO - Setting next_dagrun for dataset_consumes_unknown_never_scheduled to None, run_after=None
[2024-07-12T11:13:05.734+0100] {logging_mixin.py:188} INFO - [2024-07-12T11:13:05.733+0100] {dag.py:3954} INFO - Setting next_dagrun for dataset_produces_1 to 2024-07-11 00:00:00+00:00, run_after=2024-07-12 00:00:00+00:00
[2024-07-12T11:13:05.746+0100] {logging_mixin.py:188} INFO - [2024-07-12T11:13:05.745+0100] {dag.py:3954} INFO - Setting next_dagrun for dataset_produces_2 to None, run_after=None
[2024-07-12T11:13:06.164+0100] {processor.py:183} INFO - Processing /home/victor/airflow_env/lib/python3.10/site-packages/airflow/example_dags/example_datasets.py took 1.508 seconds
[2024-07-12T11:17:35.479+0100] {processor.py:161} INFO - Started process (PID=19048) to work on /home/victor/airflow_env/lib/python3.10/site-packages/airflow/example_dags/example_datasets.py
[2024-07-12T11:17:35.494+0100] {processor.py:830} INFO - Processing file /home/victor/airflow_env/lib/python3.10/site-packages/airflow/example_dags/example_datasets.py for tasks to queue
[2024-07-12T11:17:35.512+0100] {logging_mixin.py:188} INFO - [2024-07-12T11:17:35.501+0100] {dagbag.py:545} INFO - Filling up the DagBag from /home/victor/airflow_env/lib/python3.10/site-packages/airflow/example_dags/example_datasets.py
[2024-07-12T11:17:35.675+0100] {processor.py:840} INFO - DAG(s) 'consume_1_and_2_with_dataset_expressions', 'consume_1_or_2_with_dataset_expressions', 'dataset_consumes_1', 'dataset_consumes_1_never_scheduled', 'dataset_consumes_unknown_never_scheduled', 'conditional_dataset_and_time_based_timetable', 'dataset_produces_2', 'dataset_consumes_1_and_2', 'consume_1_or_both_2_and_3_with_dataset_expressions', 'dataset_produces_1' retrieved from /home/victor/airflow_env/lib/python3.10/site-packages/airflow/example_dags/example_datasets.py
[2024-07-12T11:17:36.344+0100] {logging_mixin.py:188} INFO - [2024-07-12T11:17:36.342+0100] {dag.py:3096} INFO - Sync 10 DAGs
[2024-07-12T11:17:36.491+0100] {logging_mixin.py:188} INFO - [2024-07-12T11:17:36.490+0100] {dag.py:3954} INFO - Setting next_dagrun for conditional_dataset_and_time_based_timetable to 2024-07-10 01:00:00+00:00, run_after=2024-07-10 01:00:00+00:00
[2024-07-12T11:17:36.512+0100] {logging_mixin.py:188} INFO - [2024-07-12T11:17:36.511+0100] {dag.py:3954} INFO - Setting next_dagrun for consume_1_and_2_with_dataset_expressions to None, run_after=None
[2024-07-12T11:17:36.522+0100] {logging_mixin.py:188} INFO - [2024-07-12T11:17:36.522+0100] {dag.py:3954} INFO - Setting next_dagrun for consume_1_or_2_with_dataset_expressions to None, run_after=None
[2024-07-12T11:17:36.533+0100] {logging_mixin.py:188} INFO - [2024-07-12T11:17:36.532+0100] {dag.py:3954} INFO - Setting next_dagrun for consume_1_or_both_2_and_3_with_dataset_expressions to None, run_after=None
[2024-07-12T11:17:36.542+0100] {logging_mixin.py:188} INFO - [2024-07-12T11:17:36.541+0100] {dag.py:3954} INFO - Setting next_dagrun for dataset_consumes_1 to None, run_after=None
[2024-07-12T11:17:36.556+0100] {logging_mixin.py:188} INFO - [2024-07-12T11:17:36.555+0100] {dag.py:3954} INFO - Setting next_dagrun for dataset_consumes_1_and_2 to None, run_after=None
[2024-07-12T11:17:36.571+0100] {logging_mixin.py:188} INFO - [2024-07-12T11:17:36.570+0100] {dag.py:3954} INFO - Setting next_dagrun for dataset_consumes_1_never_scheduled to None, run_after=None
[2024-07-12T11:17:36.581+0100] {logging_mixin.py:188} INFO - [2024-07-12T11:17:36.580+0100] {dag.py:3954} INFO - Setting next_dagrun for dataset_consumes_unknown_never_scheduled to None, run_after=None
[2024-07-12T11:17:36.601+0100] {logging_mixin.py:188} INFO - [2024-07-12T11:17:36.600+0100] {dag.py:3954} INFO - Setting next_dagrun for dataset_produces_1 to 2024-07-11 00:00:00+00:00, run_after=2024-07-12 00:00:00+00:00
[2024-07-12T11:17:36.614+0100] {logging_mixin.py:188} INFO - [2024-07-12T11:17:36.612+0100] {dag.py:3954} INFO - Setting next_dagrun for dataset_produces_2 to None, run_after=None
[2024-07-12T11:17:37.266+0100] {processor.py:183} INFO - Processing /home/victor/airflow_env/lib/python3.10/site-packages/airflow/example_dags/example_datasets.py took 1.867 seconds
[2024-07-12T11:20:43.554+0100] {processor.py:161} INFO - Started process (PID=19824) to work on /home/victor/airflow_env/lib/python3.10/site-packages/airflow/example_dags/example_datasets.py
[2024-07-12T11:20:43.558+0100] {processor.py:830} INFO - Processing file /home/victor/airflow_env/lib/python3.10/site-packages/airflow/example_dags/example_datasets.py for tasks to queue
[2024-07-12T11:20:43.567+0100] {logging_mixin.py:188} INFO - [2024-07-12T11:20:43.565+0100] {dagbag.py:545} INFO - Filling up the DagBag from /home/victor/airflow_env/lib/python3.10/site-packages/airflow/example_dags/example_datasets.py
[2024-07-12T11:20:43.650+0100] {processor.py:840} INFO - DAG(s) 'dataset_consumes_1', 'conditional_dataset_and_time_based_timetable', 'dataset_produces_1', 'dataset_consumes_1_and_2', 'consume_1_or_both_2_and_3_with_dataset_expressions', 'dataset_produces_2', 'dataset_consumes_1_never_scheduled', 'consume_1_and_2_with_dataset_expressions', 'dataset_consumes_unknown_never_scheduled', 'consume_1_or_2_with_dataset_expressions' retrieved from /home/victor/airflow_env/lib/python3.10/site-packages/airflow/example_dags/example_datasets.py
[2024-07-12T11:20:44.031+0100] {logging_mixin.py:188} INFO - [2024-07-12T11:20:44.030+0100] {dag.py:3096} INFO - Sync 10 DAGs
[2024-07-12T11:20:44.180+0100] {logging_mixin.py:188} INFO - [2024-07-12T11:20:44.179+0100] {dag.py:3954} INFO - Setting next_dagrun for conditional_dataset_and_time_based_timetable to 2024-07-10 01:00:00+00:00, run_after=2024-07-10 01:00:00+00:00
[2024-07-12T11:20:44.202+0100] {logging_mixin.py:188} INFO - [2024-07-12T11:20:44.200+0100] {dag.py:3954} INFO - Setting next_dagrun for consume_1_and_2_with_dataset_expressions to None, run_after=None
[2024-07-12T11:20:44.217+0100] {logging_mixin.py:188} INFO - [2024-07-12T11:20:44.216+0100] {dag.py:3954} INFO - Setting next_dagrun for consume_1_or_2_with_dataset_expressions to None, run_after=None
[2024-07-12T11:20:44.230+0100] {logging_mixin.py:188} INFO - [2024-07-12T11:20:44.229+0100] {dag.py:3954} INFO - Setting next_dagrun for consume_1_or_both_2_and_3_with_dataset_expressions to None, run_after=None
[2024-07-12T11:20:44.241+0100] {logging_mixin.py:188} INFO - [2024-07-12T11:20:44.240+0100] {dag.py:3954} INFO - Setting next_dagrun for dataset_consumes_1 to None, run_after=None
[2024-07-12T11:20:44.250+0100] {logging_mixin.py:188} INFO - [2024-07-12T11:20:44.250+0100] {dag.py:3954} INFO - Setting next_dagrun for dataset_consumes_1_and_2 to None, run_after=None
[2024-07-12T11:20:44.261+0100] {logging_mixin.py:188} INFO - [2024-07-12T11:20:44.261+0100] {dag.py:3954} INFO - Setting next_dagrun for dataset_consumes_1_never_scheduled to None, run_after=None
[2024-07-12T11:20:44.272+0100] {logging_mixin.py:188} INFO - [2024-07-12T11:20:44.271+0100] {dag.py:3954} INFO - Setting next_dagrun for dataset_consumes_unknown_never_scheduled to None, run_after=None
[2024-07-12T11:20:44.288+0100] {logging_mixin.py:188} INFO - [2024-07-12T11:20:44.288+0100] {dag.py:3954} INFO - Setting next_dagrun for dataset_produces_1 to 2024-07-11 00:00:00+00:00, run_after=2024-07-12 00:00:00+00:00
[2024-07-12T11:20:44.299+0100] {logging_mixin.py:188} INFO - [2024-07-12T11:20:44.298+0100] {dag.py:3954} INFO - Setting next_dagrun for dataset_produces_2 to None, run_after=None
[2024-07-12T11:20:44.711+0100] {processor.py:183} INFO - Processing /home/victor/airflow_env/lib/python3.10/site-packages/airflow/example_dags/example_datasets.py took 1.188 seconds
[2024-07-12T11:24:06.885+0100] {processor.py:161} INFO - Started process (PID=20664) to work on /home/victor/airflow_env/lib/python3.10/site-packages/airflow/example_dags/example_datasets.py
[2024-07-12T11:24:06.889+0100] {processor.py:830} INFO - Processing file /home/victor/airflow_env/lib/python3.10/site-packages/airflow/example_dags/example_datasets.py for tasks to queue
[2024-07-12T11:24:06.898+0100] {logging_mixin.py:188} INFO - [2024-07-12T11:24:06.896+0100] {dagbag.py:545} INFO - Filling up the DagBag from /home/victor/airflow_env/lib/python3.10/site-packages/airflow/example_dags/example_datasets.py
[2024-07-12T11:24:06.963+0100] {processor.py:840} INFO - DAG(s) 'dataset_produces_2', 'dataset_consumes_1_never_scheduled', 'consume_1_and_2_with_dataset_expressions', 'consume_1_or_both_2_and_3_with_dataset_expressions', 'dataset_consumes_unknown_never_scheduled', 'conditional_dataset_and_time_based_timetable', 'dataset_consumes_1_and_2', 'consume_1_or_2_with_dataset_expressions', 'dataset_produces_1', 'dataset_consumes_1' retrieved from /home/victor/airflow_env/lib/python3.10/site-packages/airflow/example_dags/example_datasets.py
[2024-07-12T11:24:07.314+0100] {logging_mixin.py:188} INFO - [2024-07-12T11:24:07.313+0100] {dag.py:3096} INFO - Sync 10 DAGs
[2024-07-12T11:24:07.449+0100] {logging_mixin.py:188} INFO - [2024-07-12T11:24:07.448+0100] {dag.py:3954} INFO - Setting next_dagrun for conditional_dataset_and_time_based_timetable to 2024-07-10 01:00:00+00:00, run_after=2024-07-10 01:00:00+00:00
[2024-07-12T11:24:07.477+0100] {logging_mixin.py:188} INFO - [2024-07-12T11:24:07.476+0100] {dag.py:3954} INFO - Setting next_dagrun for consume_1_and_2_with_dataset_expressions to None, run_after=None
[2024-07-12T11:24:07.486+0100] {logging_mixin.py:188} INFO - [2024-07-12T11:24:07.485+0100] {dag.py:3954} INFO - Setting next_dagrun for consume_1_or_2_with_dataset_expressions to None, run_after=None
[2024-07-12T11:24:07.496+0100] {logging_mixin.py:188} INFO - [2024-07-12T11:24:07.495+0100] {dag.py:3954} INFO - Setting next_dagrun for consume_1_or_both_2_and_3_with_dataset_expressions to None, run_after=None
[2024-07-12T11:24:07.505+0100] {logging_mixin.py:188} INFO - [2024-07-12T11:24:07.504+0100] {dag.py:3954} INFO - Setting next_dagrun for dataset_consumes_1 to None, run_after=None
[2024-07-12T11:24:07.516+0100] {logging_mixin.py:188} INFO - [2024-07-12T11:24:07.516+0100] {dag.py:3954} INFO - Setting next_dagrun for dataset_consumes_1_and_2 to None, run_after=None
[2024-07-12T11:24:07.528+0100] {logging_mixin.py:188} INFO - [2024-07-12T11:24:07.527+0100] {dag.py:3954} INFO - Setting next_dagrun for dataset_consumes_1_never_scheduled to None, run_after=None
[2024-07-12T11:24:07.541+0100] {logging_mixin.py:188} INFO - [2024-07-12T11:24:07.541+0100] {dag.py:3954} INFO - Setting next_dagrun for dataset_consumes_unknown_never_scheduled to None, run_after=None
[2024-07-12T11:24:07.558+0100] {logging_mixin.py:188} INFO - [2024-07-12T11:24:07.558+0100] {dag.py:3954} INFO - Setting next_dagrun for dataset_produces_1 to 2024-07-11 00:00:00+00:00, run_after=2024-07-12 00:00:00+00:00
[2024-07-12T11:24:07.569+0100] {logging_mixin.py:188} INFO - [2024-07-12T11:24:07.568+0100] {dag.py:3954} INFO - Setting next_dagrun for dataset_produces_2 to None, run_after=None
[2024-07-12T11:24:08.014+0100] {processor.py:183} INFO - Processing /home/victor/airflow_env/lib/python3.10/site-packages/airflow/example_dags/example_datasets.py took 1.160 seconds
[2024-07-12T11:27:26.852+0100] {processor.py:161} INFO - Started process (PID=21481) to work on /home/victor/airflow_env/lib/python3.10/site-packages/airflow/example_dags/example_datasets.py
[2024-07-12T11:27:26.856+0100] {processor.py:830} INFO - Processing file /home/victor/airflow_env/lib/python3.10/site-packages/airflow/example_dags/example_datasets.py for tasks to queue
[2024-07-12T11:27:26.864+0100] {logging_mixin.py:188} INFO - [2024-07-12T11:27:26.863+0100] {dagbag.py:545} INFO - Filling up the DagBag from /home/victor/airflow_env/lib/python3.10/site-packages/airflow/example_dags/example_datasets.py
[2024-07-12T11:27:26.940+0100] {processor.py:840} INFO - DAG(s) 'dataset_consumes_1', 'dataset_produces_1', 'dataset_consumes_1_and_2', 'dataset_consumes_1_never_scheduled', 'dataset_consumes_unknown_never_scheduled', 'conditional_dataset_and_time_based_timetable', 'dataset_produces_2', 'consume_1_or_2_with_dataset_expressions', 'consume_1_and_2_with_dataset_expressions', 'consume_1_or_both_2_and_3_with_dataset_expressions' retrieved from /home/victor/airflow_env/lib/python3.10/site-packages/airflow/example_dags/example_datasets.py
[2024-07-12T11:27:27.265+0100] {logging_mixin.py:188} INFO - [2024-07-12T11:27:27.265+0100] {dag.py:3096} INFO - Sync 10 DAGs
[2024-07-12T11:27:27.401+0100] {logging_mixin.py:188} INFO - [2024-07-12T11:27:27.400+0100] {dag.py:3954} INFO - Setting next_dagrun for conditional_dataset_and_time_based_timetable to 2024-07-10 01:00:00+00:00, run_after=2024-07-10 01:00:00+00:00
[2024-07-12T11:27:27.421+0100] {logging_mixin.py:188} INFO - [2024-07-12T11:27:27.420+0100] {dag.py:3954} INFO - Setting next_dagrun for consume_1_and_2_with_dataset_expressions to None, run_after=None
[2024-07-12T11:27:27.431+0100] {logging_mixin.py:188} INFO - [2024-07-12T11:27:27.430+0100] {dag.py:3954} INFO - Setting next_dagrun for consume_1_or_2_with_dataset_expressions to None, run_after=None
[2024-07-12T11:27:27.440+0100] {logging_mixin.py:188} INFO - [2024-07-12T11:27:27.439+0100] {dag.py:3954} INFO - Setting next_dagrun for consume_1_or_both_2_and_3_with_dataset_expressions to None, run_after=None
[2024-07-12T11:27:27.450+0100] {logging_mixin.py:188} INFO - [2024-07-12T11:27:27.449+0100] {dag.py:3954} INFO - Setting next_dagrun for dataset_consumes_1 to None, run_after=None
[2024-07-12T11:27:27.460+0100] {logging_mixin.py:188} INFO - [2024-07-12T11:27:27.459+0100] {dag.py:3954} INFO - Setting next_dagrun for dataset_consumes_1_and_2 to None, run_after=None
[2024-07-12T11:27:27.470+0100] {logging_mixin.py:188} INFO - [2024-07-12T11:27:27.469+0100] {dag.py:3954} INFO - Setting next_dagrun for dataset_consumes_1_never_scheduled to None, run_after=None
[2024-07-12T11:27:27.481+0100] {logging_mixin.py:188} INFO - [2024-07-12T11:27:27.480+0100] {dag.py:3954} INFO - Setting next_dagrun for dataset_consumes_unknown_never_scheduled to None, run_after=None
[2024-07-12T11:27:27.499+0100] {logging_mixin.py:188} INFO - [2024-07-12T11:27:27.498+0100] {dag.py:3954} INFO - Setting next_dagrun for dataset_produces_1 to 2024-07-11 00:00:00+00:00, run_after=2024-07-12 00:00:00+00:00
[2024-07-12T11:27:27.510+0100] {logging_mixin.py:188} INFO - [2024-07-12T11:27:27.509+0100] {dag.py:3954} INFO - Setting next_dagrun for dataset_produces_2 to None, run_after=None
[2024-07-12T11:27:27.969+0100] {processor.py:183} INFO - Processing /home/victor/airflow_env/lib/python3.10/site-packages/airflow/example_dags/example_datasets.py took 1.149 seconds
[2024-07-12T11:31:03.030+0100] {processor.py:161} INFO - Started process (PID=22355) to work on /home/victor/airflow_env/lib/python3.10/site-packages/airflow/example_dags/example_datasets.py
[2024-07-12T11:31:03.043+0100] {processor.py:830} INFO - Processing file /home/victor/airflow_env/lib/python3.10/site-packages/airflow/example_dags/example_datasets.py for tasks to queue
[2024-07-12T11:31:03.082+0100] {logging_mixin.py:188} INFO - [2024-07-12T11:31:03.079+0100] {dagbag.py:545} INFO - Filling up the DagBag from /home/victor/airflow_env/lib/python3.10/site-packages/airflow/example_dags/example_datasets.py
[2024-07-12T11:31:03.231+0100] {processor.py:840} INFO - DAG(s) 'conditional_dataset_and_time_based_timetable', 'dataset_consumes_1_never_scheduled', 'consume_1_and_2_with_dataset_expressions', 'dataset_produces_2', 'dataset_consumes_1', 'consume_1_or_both_2_and_3_with_dataset_expressions', 'dataset_consumes_unknown_never_scheduled', 'dataset_consumes_1_and_2', 'consume_1_or_2_with_dataset_expressions', 'dataset_produces_1' retrieved from /home/victor/airflow_env/lib/python3.10/site-packages/airflow/example_dags/example_datasets.py
[2024-07-12T11:31:04.483+0100] {logging_mixin.py:188} INFO - [2024-07-12T11:31:04.482+0100] {dag.py:3096} INFO - Sync 10 DAGs
[2024-07-12T11:31:04.975+0100] {logging_mixin.py:188} INFO - [2024-07-12T11:31:04.974+0100] {dag.py:3954} INFO - Setting next_dagrun for conditional_dataset_and_time_based_timetable to 2024-07-10 01:00:00+00:00, run_after=2024-07-10 01:00:00+00:00
[2024-07-12T11:31:05.031+0100] {logging_mixin.py:188} INFO - [2024-07-12T11:31:05.029+0100] {dag.py:3954} INFO - Setting next_dagrun for consume_1_and_2_with_dataset_expressions to None, run_after=None
[2024-07-12T11:31:05.085+0100] {logging_mixin.py:188} INFO - [2024-07-12T11:31:05.084+0100] {dag.py:3954} INFO - Setting next_dagrun for consume_1_or_2_with_dataset_expressions to None, run_after=None
[2024-07-12T11:31:05.114+0100] {logging_mixin.py:188} INFO - [2024-07-12T11:31:05.113+0100] {dag.py:3954} INFO - Setting next_dagrun for consume_1_or_both_2_and_3_with_dataset_expressions to None, run_after=None
[2024-07-12T11:31:05.133+0100] {logging_mixin.py:188} INFO - [2024-07-12T11:31:05.132+0100] {dag.py:3954} INFO - Setting next_dagrun for dataset_consumes_1 to None, run_after=None
[2024-07-12T11:31:05.152+0100] {logging_mixin.py:188} INFO - [2024-07-12T11:31:05.151+0100] {dag.py:3954} INFO - Setting next_dagrun for dataset_consumes_1_and_2 to None, run_after=None
[2024-07-12T11:31:05.170+0100] {logging_mixin.py:188} INFO - [2024-07-12T11:31:05.169+0100] {dag.py:3954} INFO - Setting next_dagrun for dataset_consumes_1_never_scheduled to None, run_after=None
[2024-07-12T11:31:05.186+0100] {logging_mixin.py:188} INFO - [2024-07-12T11:31:05.185+0100] {dag.py:3954} INFO - Setting next_dagrun for dataset_consumes_unknown_never_scheduled to None, run_after=None
[2024-07-12T11:31:05.220+0100] {logging_mixin.py:188} INFO - [2024-07-12T11:31:05.219+0100] {dag.py:3954} INFO - Setting next_dagrun for dataset_produces_1 to 2024-07-11 00:00:00+00:00, run_after=2024-07-12 00:00:00+00:00
[2024-07-12T11:31:05.301+0100] {logging_mixin.py:188} INFO - [2024-07-12T11:31:05.300+0100] {dag.py:3954} INFO - Setting next_dagrun for dataset_produces_2 to None, run_after=None
[2024-07-12T11:31:06.373+0100] {processor.py:183} INFO - Processing /home/victor/airflow_env/lib/python3.10/site-packages/airflow/example_dags/example_datasets.py took 3.446 seconds
[2024-07-12T11:35:32.847+0100] {processor.py:161} INFO - Started process (PID=23844) to work on /home/victor/airflow_env/lib/python3.10/site-packages/airflow/example_dags/example_datasets.py
[2024-07-12T11:35:32.852+0100] {processor.py:830} INFO - Processing file /home/victor/airflow_env/lib/python3.10/site-packages/airflow/example_dags/example_datasets.py for tasks to queue
[2024-07-12T11:35:32.866+0100] {logging_mixin.py:188} INFO - [2024-07-12T11:35:32.859+0100] {dagbag.py:545} INFO - Filling up the DagBag from /home/victor/airflow_env/lib/python3.10/site-packages/airflow/example_dags/example_datasets.py
[2024-07-12T11:35:32.993+0100] {processor.py:840} INFO - DAG(s) 'dataset_consumes_1_and_2', 'consume_1_or_2_with_dataset_expressions', 'dataset_produces_2', 'consume_1_and_2_with_dataset_expressions', 'dataset_produces_1', 'conditional_dataset_and_time_based_timetable', 'dataset_consumes_1_never_scheduled', 'dataset_consumes_unknown_never_scheduled', 'consume_1_or_both_2_and_3_with_dataset_expressions', 'dataset_consumes_1' retrieved from /home/victor/airflow_env/lib/python3.10/site-packages/airflow/example_dags/example_datasets.py
[2024-07-12T11:35:33.387+0100] {logging_mixin.py:188} INFO - [2024-07-12T11:35:33.386+0100] {dag.py:3096} INFO - Sync 10 DAGs
[2024-07-12T11:35:33.544+0100] {logging_mixin.py:188} INFO - [2024-07-12T11:35:33.544+0100] {dag.py:3954} INFO - Setting next_dagrun for conditional_dataset_and_time_based_timetable to 2024-07-10 01:00:00+00:00, run_after=2024-07-10 01:00:00+00:00
[2024-07-12T11:35:33.570+0100] {logging_mixin.py:188} INFO - [2024-07-12T11:35:33.569+0100] {dag.py:3954} INFO - Setting next_dagrun for consume_1_and_2_with_dataset_expressions to None, run_after=None
[2024-07-12T11:35:33.586+0100] {logging_mixin.py:188} INFO - [2024-07-12T11:35:33.583+0100] {dag.py:3954} INFO - Setting next_dagrun for consume_1_or_2_with_dataset_expressions to None, run_after=None
[2024-07-12T11:35:33.609+0100] {logging_mixin.py:188} INFO - [2024-07-12T11:35:33.608+0100] {dag.py:3954} INFO - Setting next_dagrun for consume_1_or_both_2_and_3_with_dataset_expressions to None, run_after=None
[2024-07-12T11:35:33.623+0100] {logging_mixin.py:188} INFO - [2024-07-12T11:35:33.622+0100] {dag.py:3954} INFO - Setting next_dagrun for dataset_consumes_1 to None, run_after=None
[2024-07-12T11:35:33.641+0100] {logging_mixin.py:188} INFO - [2024-07-12T11:35:33.640+0100] {dag.py:3954} INFO - Setting next_dagrun for dataset_consumes_1_and_2 to None, run_after=None
[2024-07-12T11:35:33.655+0100] {logging_mixin.py:188} INFO - [2024-07-12T11:35:33.654+0100] {dag.py:3954} INFO - Setting next_dagrun for dataset_consumes_1_never_scheduled to None, run_after=None
[2024-07-12T11:35:33.669+0100] {logging_mixin.py:188} INFO - [2024-07-12T11:35:33.668+0100] {dag.py:3954} INFO - Setting next_dagrun for dataset_consumes_unknown_never_scheduled to None, run_after=None
[2024-07-12T11:35:33.694+0100] {logging_mixin.py:188} INFO - [2024-07-12T11:35:33.693+0100] {dag.py:3954} INFO - Setting next_dagrun for dataset_produces_1 to 2024-07-11 00:00:00+00:00, run_after=2024-07-12 00:00:00+00:00
[2024-07-12T11:35:33.712+0100] {logging_mixin.py:188} INFO - [2024-07-12T11:35:33.711+0100] {dag.py:3954} INFO - Setting next_dagrun for dataset_produces_2 to None, run_after=None
[2024-07-12T11:35:34.351+0100] {processor.py:183} INFO - Processing /home/victor/airflow_env/lib/python3.10/site-packages/airflow/example_dags/example_datasets.py took 1.542 seconds
[2024-07-12T11:38:27.411+0100] {processor.py:161} INFO - Started process (PID=24603) to work on /home/victor/airflow_env/lib/python3.10/site-packages/airflow/example_dags/example_datasets.py
[2024-07-12T11:38:27.417+0100] {processor.py:830} INFO - Processing file /home/victor/airflow_env/lib/python3.10/site-packages/airflow/example_dags/example_datasets.py for tasks to queue
[2024-07-12T11:38:27.425+0100] {logging_mixin.py:188} INFO - [2024-07-12T11:38:27.424+0100] {dagbag.py:545} INFO - Filling up the DagBag from /home/victor/airflow_env/lib/python3.10/site-packages/airflow/example_dags/example_datasets.py
[2024-07-12T11:38:27.495+0100] {processor.py:840} INFO - DAG(s) 'dataset_consumes_unknown_never_scheduled', 'dataset_produces_2', 'consume_1_and_2_with_dataset_expressions', 'conditional_dataset_and_time_based_timetable', 'consume_1_or_both_2_and_3_with_dataset_expressions', 'dataset_produces_1', 'dataset_consumes_1_and_2', 'dataset_consumes_1_never_scheduled', 'consume_1_or_2_with_dataset_expressions', 'dataset_consumes_1' retrieved from /home/victor/airflow_env/lib/python3.10/site-packages/airflow/example_dags/example_datasets.py
[2024-07-12T11:38:27.829+0100] {logging_mixin.py:188} INFO - [2024-07-12T11:38:27.828+0100] {dag.py:3096} INFO - Sync 10 DAGs
[2024-07-12T11:38:27.960+0100] {logging_mixin.py:188} INFO - [2024-07-12T11:38:27.959+0100] {dag.py:3954} INFO - Setting next_dagrun for conditional_dataset_and_time_based_timetable to 2024-07-10 01:00:00+00:00, run_after=2024-07-10 01:00:00+00:00
[2024-07-12T11:38:27.980+0100] {logging_mixin.py:188} INFO - [2024-07-12T11:38:27.979+0100] {dag.py:3954} INFO - Setting next_dagrun for consume_1_and_2_with_dataset_expressions to None, run_after=None
[2024-07-12T11:38:27.990+0100] {logging_mixin.py:188} INFO - [2024-07-12T11:38:27.989+0100] {dag.py:3954} INFO - Setting next_dagrun for consume_1_or_2_with_dataset_expressions to None, run_after=None
[2024-07-12T11:38:28.000+0100] {logging_mixin.py:188} INFO - [2024-07-12T11:38:27.999+0100] {dag.py:3954} INFO - Setting next_dagrun for consume_1_or_both_2_and_3_with_dataset_expressions to None, run_after=None
[2024-07-12T11:38:28.010+0100] {logging_mixin.py:188} INFO - [2024-07-12T11:38:28.009+0100] {dag.py:3954} INFO - Setting next_dagrun for dataset_consumes_1 to None, run_after=None
[2024-07-12T11:38:28.020+0100] {logging_mixin.py:188} INFO - [2024-07-12T11:38:28.019+0100] {dag.py:3954} INFO - Setting next_dagrun for dataset_consumes_1_and_2 to None, run_after=None
[2024-07-12T11:38:28.029+0100] {logging_mixin.py:188} INFO - [2024-07-12T11:38:28.029+0100] {dag.py:3954} INFO - Setting next_dagrun for dataset_consumes_1_never_scheduled to None, run_after=None
[2024-07-12T11:38:28.040+0100] {logging_mixin.py:188} INFO - [2024-07-12T11:38:28.039+0100] {dag.py:3954} INFO - Setting next_dagrun for dataset_consumes_unknown_never_scheduled to None, run_after=None
[2024-07-12T11:38:28.056+0100] {logging_mixin.py:188} INFO - [2024-07-12T11:38:28.055+0100] {dag.py:3954} INFO - Setting next_dagrun for dataset_produces_1 to 2024-07-11 00:00:00+00:00, run_after=2024-07-12 00:00:00+00:00
[2024-07-12T11:38:28.067+0100] {logging_mixin.py:188} INFO - [2024-07-12T11:38:28.066+0100] {dag.py:3954} INFO - Setting next_dagrun for dataset_produces_2 to None, run_after=None
[2024-07-12T11:38:28.507+0100] {processor.py:183} INFO - Processing /home/victor/airflow_env/lib/python3.10/site-packages/airflow/example_dags/example_datasets.py took 1.129 seconds
[2024-07-12T11:41:29.843+0100] {processor.py:161} INFO - Started process (PID=25346) to work on /home/victor/airflow_env/lib/python3.10/site-packages/airflow/example_dags/example_datasets.py
[2024-07-12T11:41:29.862+0100] {processor.py:830} INFO - Processing file /home/victor/airflow_env/lib/python3.10/site-packages/airflow/example_dags/example_datasets.py for tasks to queue
[2024-07-12T11:41:29.874+0100] {logging_mixin.py:188} INFO - [2024-07-12T11:41:29.872+0100] {dagbag.py:545} INFO - Filling up the DagBag from /home/victor/airflow_env/lib/python3.10/site-packages/airflow/example_dags/example_datasets.py
[2024-07-12T11:41:29.996+0100] {processor.py:840} INFO - DAG(s) 'consume_1_and_2_with_dataset_expressions', 'dataset_consumes_1', 'dataset_produces_1', 'dataset_consumes_1_never_scheduled', 'dataset_consumes_1_and_2', 'consume_1_or_both_2_and_3_with_dataset_expressions', 'dataset_consumes_unknown_never_scheduled', 'consume_1_or_2_with_dataset_expressions', 'dataset_produces_2', 'conditional_dataset_and_time_based_timetable' retrieved from /home/victor/airflow_env/lib/python3.10/site-packages/airflow/example_dags/example_datasets.py
[2024-07-12T11:41:30.652+0100] {logging_mixin.py:188} INFO - [2024-07-12T11:41:30.651+0100] {dag.py:3096} INFO - Sync 10 DAGs
[2024-07-12T11:41:30.891+0100] {logging_mixin.py:188} INFO - [2024-07-12T11:41:30.890+0100] {dag.py:3954} INFO - Setting next_dagrun for conditional_dataset_and_time_based_timetable to 2024-07-10 01:00:00+00:00, run_after=2024-07-10 01:00:00+00:00
[2024-07-12T11:41:30.933+0100] {logging_mixin.py:188} INFO - [2024-07-12T11:41:30.931+0100] {dag.py:3954} INFO - Setting next_dagrun for consume_1_and_2_with_dataset_expressions to None, run_after=None
[2024-07-12T11:41:30.948+0100] {logging_mixin.py:188} INFO - [2024-07-12T11:41:30.946+0100] {dag.py:3954} INFO - Setting next_dagrun for consume_1_or_2_with_dataset_expressions to None, run_after=None
[2024-07-12T11:41:30.963+0100] {logging_mixin.py:188} INFO - [2024-07-12T11:41:30.962+0100] {dag.py:3954} INFO - Setting next_dagrun for consume_1_or_both_2_and_3_with_dataset_expressions to None, run_after=None
[2024-07-12T11:41:30.979+0100] {logging_mixin.py:188} INFO - [2024-07-12T11:41:30.978+0100] {dag.py:3954} INFO - Setting next_dagrun for dataset_consumes_1 to None, run_after=None
[2024-07-12T11:41:30.996+0100] {logging_mixin.py:188} INFO - [2024-07-12T11:41:30.995+0100] {dag.py:3954} INFO - Setting next_dagrun for dataset_consumes_1_and_2 to None, run_after=None
[2024-07-12T11:41:31.013+0100] {logging_mixin.py:188} INFO - [2024-07-12T11:41:31.011+0100] {dag.py:3954} INFO - Setting next_dagrun for dataset_consumes_1_never_scheduled to None, run_after=None
[2024-07-12T11:41:31.028+0100] {logging_mixin.py:188} INFO - [2024-07-12T11:41:31.027+0100] {dag.py:3954} INFO - Setting next_dagrun for dataset_consumes_unknown_never_scheduled to None, run_after=None
[2024-07-12T11:41:31.054+0100] {logging_mixin.py:188} INFO - [2024-07-12T11:41:31.052+0100] {dag.py:3954} INFO - Setting next_dagrun for dataset_produces_1 to 2024-07-11 00:00:00+00:00, run_after=2024-07-12 00:00:00+00:00
[2024-07-12T11:41:31.068+0100] {logging_mixin.py:188} INFO - [2024-07-12T11:41:31.067+0100] {dag.py:3954} INFO - Setting next_dagrun for dataset_produces_2 to None, run_after=None
[2024-07-12T11:41:31.796+0100] {processor.py:183} INFO - Processing /home/victor/airflow_env/lib/python3.10/site-packages/airflow/example_dags/example_datasets.py took 2.010 seconds
[2024-07-12T11:44:22.081+0100] {processor.py:161} INFO - Started process (PID=26054) to work on /home/victor/airflow_env/lib/python3.10/site-packages/airflow/example_dags/example_datasets.py
[2024-07-12T11:44:22.097+0100] {processor.py:830} INFO - Processing file /home/victor/airflow_env/lib/python3.10/site-packages/airflow/example_dags/example_datasets.py for tasks to queue
[2024-07-12T11:44:22.125+0100] {logging_mixin.py:188} INFO - [2024-07-12T11:44:22.113+0100] {dagbag.py:545} INFO - Filling up the DagBag from /home/victor/airflow_env/lib/python3.10/site-packages/airflow/example_dags/example_datasets.py
[2024-07-12T11:44:22.253+0100] {processor.py:840} INFO - DAG(s) 'dataset_consumes_1_never_scheduled', 'dataset_consumes_1', 'dataset_consumes_unknown_never_scheduled', 'dataset_consumes_1_and_2', 'consume_1_and_2_with_dataset_expressions', 'conditional_dataset_and_time_based_timetable', 'consume_1_or_both_2_and_3_with_dataset_expressions', 'dataset_produces_1', 'consume_1_or_2_with_dataset_expressions', 'dataset_produces_2' retrieved from /home/victor/airflow_env/lib/python3.10/site-packages/airflow/example_dags/example_datasets.py
[2024-07-12T11:44:22.671+0100] {logging_mixin.py:188} INFO - [2024-07-12T11:44:22.670+0100] {dag.py:3096} INFO - Sync 10 DAGs
[2024-07-12T11:44:22.829+0100] {logging_mixin.py:188} INFO - [2024-07-12T11:44:22.828+0100] {dag.py:3954} INFO - Setting next_dagrun for conditional_dataset_and_time_based_timetable to 2024-07-10 01:00:00+00:00, run_after=2024-07-10 01:00:00+00:00
[2024-07-12T11:44:22.854+0100] {logging_mixin.py:188} INFO - [2024-07-12T11:44:22.853+0100] {dag.py:3954} INFO - Setting next_dagrun for consume_1_and_2_with_dataset_expressions to None, run_after=None
[2024-07-12T11:44:22.867+0100] {logging_mixin.py:188} INFO - [2024-07-12T11:44:22.866+0100] {dag.py:3954} INFO - Setting next_dagrun for consume_1_or_2_with_dataset_expressions to None, run_after=None
[2024-07-12T11:44:22.879+0100] {logging_mixin.py:188} INFO - [2024-07-12T11:44:22.878+0100] {dag.py:3954} INFO - Setting next_dagrun for consume_1_or_both_2_and_3_with_dataset_expressions to None, run_after=None
[2024-07-12T11:44:22.890+0100] {logging_mixin.py:188} INFO - [2024-07-12T11:44:22.889+0100] {dag.py:3954} INFO - Setting next_dagrun for dataset_consumes_1 to None, run_after=None
[2024-07-12T11:44:22.902+0100] {logging_mixin.py:188} INFO - [2024-07-12T11:44:22.901+0100] {dag.py:3954} INFO - Setting next_dagrun for dataset_consumes_1_and_2 to None, run_after=None
[2024-07-12T11:44:22.916+0100] {logging_mixin.py:188} INFO - [2024-07-12T11:44:22.915+0100] {dag.py:3954} INFO - Setting next_dagrun for dataset_consumes_1_never_scheduled to None, run_after=None
[2024-07-12T11:44:22.932+0100] {logging_mixin.py:188} INFO - [2024-07-12T11:44:22.930+0100] {dag.py:3954} INFO - Setting next_dagrun for dataset_consumes_unknown_never_scheduled to None, run_after=None
[2024-07-12T11:44:22.952+0100] {logging_mixin.py:188} INFO - [2024-07-12T11:44:22.951+0100] {dag.py:3954} INFO - Setting next_dagrun for dataset_produces_1 to 2024-07-11 00:00:00+00:00, run_after=2024-07-12 00:00:00+00:00
[2024-07-12T11:44:22.963+0100] {logging_mixin.py:188} INFO - [2024-07-12T11:44:22.962+0100] {dag.py:3954} INFO - Setting next_dagrun for dataset_produces_2 to None, run_after=None
[2024-07-12T11:44:23.428+0100] {processor.py:183} INFO - Processing /home/victor/airflow_env/lib/python3.10/site-packages/airflow/example_dags/example_datasets.py took 1.432 seconds
[2024-07-12T11:47:08.348+0100] {processor.py:161} INFO - Started process (PID=26750) to work on /home/victor/airflow_env/lib/python3.10/site-packages/airflow/example_dags/example_datasets.py
[2024-07-12T11:47:08.353+0100] {processor.py:830} INFO - Processing file /home/victor/airflow_env/lib/python3.10/site-packages/airflow/example_dags/example_datasets.py for tasks to queue
[2024-07-12T11:47:08.362+0100] {logging_mixin.py:188} INFO - [2024-07-12T11:47:08.360+0100] {dagbag.py:545} INFO - Filling up the DagBag from /home/victor/airflow_env/lib/python3.10/site-packages/airflow/example_dags/example_datasets.py
[2024-07-12T11:47:08.435+0100] {processor.py:840} INFO - DAG(s) 'dataset_consumes_1_never_scheduled', 'conditional_dataset_and_time_based_timetable', 'consume_1_and_2_with_dataset_expressions', 'dataset_consumes_unknown_never_scheduled', 'consume_1_or_both_2_and_3_with_dataset_expressions', 'dataset_consumes_1', 'dataset_produces_1', 'dataset_consumes_1_and_2', 'dataset_produces_2', 'consume_1_or_2_with_dataset_expressions' retrieved from /home/victor/airflow_env/lib/python3.10/site-packages/airflow/example_dags/example_datasets.py
[2024-07-12T11:47:08.777+0100] {logging_mixin.py:188} INFO - [2024-07-12T11:47:08.776+0100] {dag.py:3096} INFO - Sync 10 DAGs
[2024-07-12T11:47:08.920+0100] {logging_mixin.py:188} INFO - [2024-07-12T11:47:08.919+0100] {dag.py:3954} INFO - Setting next_dagrun for conditional_dataset_and_time_based_timetable to 2024-07-10 01:00:00+00:00, run_after=2024-07-10 01:00:00+00:00
[2024-07-12T11:47:08.943+0100] {logging_mixin.py:188} INFO - [2024-07-12T11:47:08.942+0100] {dag.py:3954} INFO - Setting next_dagrun for consume_1_and_2_with_dataset_expressions to None, run_after=None
[2024-07-12T11:47:08.955+0100] {logging_mixin.py:188} INFO - [2024-07-12T11:47:08.955+0100] {dag.py:3954} INFO - Setting next_dagrun for consume_1_or_2_with_dataset_expressions to None, run_after=None
[2024-07-12T11:47:08.967+0100] {logging_mixin.py:188} INFO - [2024-07-12T11:47:08.966+0100] {dag.py:3954} INFO - Setting next_dagrun for consume_1_or_both_2_and_3_with_dataset_expressions to None, run_after=None
[2024-07-12T11:47:08.978+0100] {logging_mixin.py:188} INFO - [2024-07-12T11:47:08.977+0100] {dag.py:3954} INFO - Setting next_dagrun for dataset_consumes_1 to None, run_after=None
[2024-07-12T11:47:08.989+0100] {logging_mixin.py:188} INFO - [2024-07-12T11:47:08.988+0100] {dag.py:3954} INFO - Setting next_dagrun for dataset_consumes_1_and_2 to None, run_after=None
[2024-07-12T11:47:09.002+0100] {logging_mixin.py:188} INFO - [2024-07-12T11:47:09.001+0100] {dag.py:3954} INFO - Setting next_dagrun for dataset_consumes_1_never_scheduled to None, run_after=None
[2024-07-12T11:47:09.019+0100] {logging_mixin.py:188} INFO - [2024-07-12T11:47:09.018+0100] {dag.py:3954} INFO - Setting next_dagrun for dataset_consumes_unknown_never_scheduled to None, run_after=None
[2024-07-12T11:47:09.038+0100] {logging_mixin.py:188} INFO - [2024-07-12T11:47:09.037+0100] {dag.py:3954} INFO - Setting next_dagrun for dataset_produces_1 to 2024-07-11 00:00:00+00:00, run_after=2024-07-12 00:00:00+00:00
[2024-07-12T11:47:09.051+0100] {logging_mixin.py:188} INFO - [2024-07-12T11:47:09.049+0100] {dag.py:3954} INFO - Setting next_dagrun for dataset_produces_2 to None, run_after=None
[2024-07-12T11:47:09.467+0100] {processor.py:183} INFO - Processing /home/victor/airflow_env/lib/python3.10/site-packages/airflow/example_dags/example_datasets.py took 1.152 seconds
[2024-07-12T11:50:22.910+0100] {processor.py:161} INFO - Started process (PID=27548) to work on /home/victor/airflow_env/lib/python3.10/site-packages/airflow/example_dags/example_datasets.py
[2024-07-12T11:50:22.915+0100] {processor.py:830} INFO - Processing file /home/victor/airflow_env/lib/python3.10/site-packages/airflow/example_dags/example_datasets.py for tasks to queue
[2024-07-12T11:50:22.924+0100] {logging_mixin.py:188} INFO - [2024-07-12T11:50:22.922+0100] {dagbag.py:545} INFO - Filling up the DagBag from /home/victor/airflow_env/lib/python3.10/site-packages/airflow/example_dags/example_datasets.py
[2024-07-12T11:50:22.989+0100] {processor.py:840} INFO - DAG(s) 'dataset_produces_1', 'dataset_consumes_1_and_2', 'consume_1_and_2_with_dataset_expressions', 'consume_1_or_2_with_dataset_expressions', 'dataset_produces_2', 'dataset_consumes_unknown_never_scheduled', 'conditional_dataset_and_time_based_timetable', 'dataset_consumes_1_never_scheduled', 'dataset_consumes_1', 'consume_1_or_both_2_and_3_with_dataset_expressions' retrieved from /home/victor/airflow_env/lib/python3.10/site-packages/airflow/example_dags/example_datasets.py
[2024-07-12T11:50:23.290+0100] {logging_mixin.py:188} INFO - [2024-07-12T11:50:23.289+0100] {dag.py:3096} INFO - Sync 10 DAGs
[2024-07-12T11:50:23.456+0100] {logging_mixin.py:188} INFO - [2024-07-12T11:50:23.455+0100] {dag.py:3954} INFO - Setting next_dagrun for conditional_dataset_and_time_based_timetable to 2024-07-10 01:00:00+00:00, run_after=2024-07-10 01:00:00+00:00
[2024-07-12T11:50:23.482+0100] {logging_mixin.py:188} INFO - [2024-07-12T11:50:23.481+0100] {dag.py:3954} INFO - Setting next_dagrun for consume_1_and_2_with_dataset_expressions to None, run_after=None
[2024-07-12T11:50:23.493+0100] {logging_mixin.py:188} INFO - [2024-07-12T11:50:23.492+0100] {dag.py:3954} INFO - Setting next_dagrun for consume_1_or_2_with_dataset_expressions to None, run_after=None
[2024-07-12T11:50:23.504+0100] {logging_mixin.py:188} INFO - [2024-07-12T11:50:23.503+0100] {dag.py:3954} INFO - Setting next_dagrun for consume_1_or_both_2_and_3_with_dataset_expressions to None, run_after=None
[2024-07-12T11:50:23.514+0100] {logging_mixin.py:188} INFO - [2024-07-12T11:50:23.513+0100] {dag.py:3954} INFO - Setting next_dagrun for dataset_consumes_1 to None, run_after=None
[2024-07-12T11:50:23.524+0100] {logging_mixin.py:188} INFO - [2024-07-12T11:50:23.523+0100] {dag.py:3954} INFO - Setting next_dagrun for dataset_consumes_1_and_2 to None, run_after=None
[2024-07-12T11:50:23.542+0100] {logging_mixin.py:188} INFO - [2024-07-12T11:50:23.541+0100] {dag.py:3954} INFO - Setting next_dagrun for dataset_consumes_1_never_scheduled to None, run_after=None
[2024-07-12T11:50:23.555+0100] {logging_mixin.py:188} INFO - [2024-07-12T11:50:23.554+0100] {dag.py:3954} INFO - Setting next_dagrun for dataset_consumes_unknown_never_scheduled to None, run_after=None
[2024-07-12T11:50:23.576+0100] {logging_mixin.py:188} INFO - [2024-07-12T11:50:23.575+0100] {dag.py:3954} INFO - Setting next_dagrun for dataset_produces_1 to 2024-07-11 00:00:00+00:00, run_after=2024-07-12 00:00:00+00:00
[2024-07-12T11:50:23.586+0100] {logging_mixin.py:188} INFO - [2024-07-12T11:50:23.586+0100] {dag.py:3954} INFO - Setting next_dagrun for dataset_produces_2 to None, run_after=None
[2024-07-12T11:50:24.037+0100] {processor.py:183} INFO - Processing /home/victor/airflow_env/lib/python3.10/site-packages/airflow/example_dags/example_datasets.py took 1.156 seconds
[2024-07-12T11:53:03.952+0100] {processor.py:161} INFO - Started process (PID=28215) to work on /home/victor/airflow_env/lib/python3.10/site-packages/airflow/example_dags/example_datasets.py
[2024-07-12T11:53:03.956+0100] {processor.py:830} INFO - Processing file /home/victor/airflow_env/lib/python3.10/site-packages/airflow/example_dags/example_datasets.py for tasks to queue
[2024-07-12T11:53:03.964+0100] {logging_mixin.py:188} INFO - [2024-07-12T11:53:03.962+0100] {dagbag.py:545} INFO - Filling up the DagBag from /home/victor/airflow_env/lib/python3.10/site-packages/airflow/example_dags/example_datasets.py
[2024-07-12T11:53:04.026+0100] {processor.py:840} INFO - DAG(s) 'conditional_dataset_and_time_based_timetable', 'consume_1_or_both_2_and_3_with_dataset_expressions', 'dataset_produces_1', 'dataset_consumes_1', 'dataset_consumes_1_never_scheduled', 'dataset_consumes_unknown_never_scheduled', 'dataset_consumes_1_and_2', 'consume_1_or_2_with_dataset_expressions', 'consume_1_and_2_with_dataset_expressions', 'dataset_produces_2' retrieved from /home/victor/airflow_env/lib/python3.10/site-packages/airflow/example_dags/example_datasets.py
[2024-07-12T11:53:04.355+0100] {logging_mixin.py:188} INFO - [2024-07-12T11:53:04.354+0100] {dag.py:3096} INFO - Sync 10 DAGs
[2024-07-12T11:53:04.514+0100] {logging_mixin.py:188} INFO - [2024-07-12T11:53:04.513+0100] {dag.py:3954} INFO - Setting next_dagrun for conditional_dataset_and_time_based_timetable to 2024-07-10 01:00:00+00:00, run_after=2024-07-10 01:00:00+00:00
[2024-07-12T11:53:04.535+0100] {logging_mixin.py:188} INFO - [2024-07-12T11:53:04.534+0100] {dag.py:3954} INFO - Setting next_dagrun for consume_1_and_2_with_dataset_expressions to None, run_after=None
[2024-07-12T11:53:04.545+0100] {logging_mixin.py:188} INFO - [2024-07-12T11:53:04.544+0100] {dag.py:3954} INFO - Setting next_dagrun for consume_1_or_2_with_dataset_expressions to None, run_after=None
[2024-07-12T11:53:04.555+0100] {logging_mixin.py:188} INFO - [2024-07-12T11:53:04.555+0100] {dag.py:3954} INFO - Setting next_dagrun for consume_1_or_both_2_and_3_with_dataset_expressions to None, run_after=None
[2024-07-12T11:53:04.565+0100] {logging_mixin.py:188} INFO - [2024-07-12T11:53:04.564+0100] {dag.py:3954} INFO - Setting next_dagrun for dataset_consumes_1 to None, run_after=None
[2024-07-12T11:53:04.576+0100] {logging_mixin.py:188} INFO - [2024-07-12T11:53:04.575+0100] {dag.py:3954} INFO - Setting next_dagrun for dataset_consumes_1_and_2 to None, run_after=None
[2024-07-12T11:53:04.586+0100] {logging_mixin.py:188} INFO - [2024-07-12T11:53:04.585+0100] {dag.py:3954} INFO - Setting next_dagrun for dataset_consumes_1_never_scheduled to None, run_after=None
[2024-07-12T11:53:04.596+0100] {logging_mixin.py:188} INFO - [2024-07-12T11:53:04.595+0100] {dag.py:3954} INFO - Setting next_dagrun for dataset_consumes_unknown_never_scheduled to None, run_after=None
[2024-07-12T11:53:04.613+0100] {logging_mixin.py:188} INFO - [2024-07-12T11:53:04.613+0100] {dag.py:3954} INFO - Setting next_dagrun for dataset_produces_1 to 2024-07-11 00:00:00+00:00, run_after=2024-07-12 00:00:00+00:00
[2024-07-12T11:53:04.625+0100] {logging_mixin.py:188} INFO - [2024-07-12T11:53:04.623+0100] {dag.py:3954} INFO - Setting next_dagrun for dataset_produces_2 to None, run_after=None
[2024-07-12T11:53:05.101+0100] {processor.py:183} INFO - Processing /home/victor/airflow_env/lib/python3.10/site-packages/airflow/example_dags/example_datasets.py took 1.179 seconds
[2024-07-12T11:55:47.753+0100] {processor.py:161} INFO - Started process (PID=28891) to work on /home/victor/airflow_env/lib/python3.10/site-packages/airflow/example_dags/example_datasets.py
[2024-07-12T11:55:47.761+0100] {processor.py:830} INFO - Processing file /home/victor/airflow_env/lib/python3.10/site-packages/airflow/example_dags/example_datasets.py for tasks to queue
[2024-07-12T11:55:47.772+0100] {logging_mixin.py:188} INFO - [2024-07-12T11:55:47.769+0100] {dagbag.py:545} INFO - Filling up the DagBag from /home/victor/airflow_env/lib/python3.10/site-packages/airflow/example_dags/example_datasets.py
[2024-07-12T11:55:47.856+0100] {processor.py:840} INFO - DAG(s) 'dataset_consumes_1_never_scheduled', 'consume_1_or_2_with_dataset_expressions', 'consume_1_or_both_2_and_3_with_dataset_expressions', 'conditional_dataset_and_time_based_timetable', 'consume_1_and_2_with_dataset_expressions', 'dataset_produces_1', 'dataset_consumes_unknown_never_scheduled', 'dataset_produces_2', 'dataset_consumes_1_and_2', 'dataset_consumes_1' retrieved from /home/victor/airflow_env/lib/python3.10/site-packages/airflow/example_dags/example_datasets.py
[2024-07-12T11:55:48.253+0100] {logging_mixin.py:188} INFO - [2024-07-12T11:55:48.251+0100] {dag.py:3096} INFO - Sync 10 DAGs
[2024-07-12T11:55:48.398+0100] {logging_mixin.py:188} INFO - [2024-07-12T11:55:48.397+0100] {dag.py:3954} INFO - Setting next_dagrun for conditional_dataset_and_time_based_timetable to 2024-07-10 01:00:00+00:00, run_after=2024-07-10 01:00:00+00:00
[2024-07-12T11:55:48.419+0100] {logging_mixin.py:188} INFO - [2024-07-12T11:55:48.418+0100] {dag.py:3954} INFO - Setting next_dagrun for consume_1_and_2_with_dataset_expressions to None, run_after=None
[2024-07-12T11:55:48.428+0100] {logging_mixin.py:188} INFO - [2024-07-12T11:55:48.427+0100] {dag.py:3954} INFO - Setting next_dagrun for consume_1_or_2_with_dataset_expressions to None, run_after=None
[2024-07-12T11:55:48.438+0100] {logging_mixin.py:188} INFO - [2024-07-12T11:55:48.437+0100] {dag.py:3954} INFO - Setting next_dagrun for consume_1_or_both_2_and_3_with_dataset_expressions to None, run_after=None
[2024-07-12T11:55:48.447+0100] {logging_mixin.py:188} INFO - [2024-07-12T11:55:48.447+0100] {dag.py:3954} INFO - Setting next_dagrun for dataset_consumes_1 to None, run_after=None
[2024-07-12T11:55:48.457+0100] {logging_mixin.py:188} INFO - [2024-07-12T11:55:48.456+0100] {dag.py:3954} INFO - Setting next_dagrun for dataset_consumes_1_and_2 to None, run_after=None
[2024-07-12T11:55:48.466+0100] {logging_mixin.py:188} INFO - [2024-07-12T11:55:48.465+0100] {dag.py:3954} INFO - Setting next_dagrun for dataset_consumes_1_never_scheduled to None, run_after=None
[2024-07-12T11:55:48.480+0100] {logging_mixin.py:188} INFO - [2024-07-12T11:55:48.479+0100] {dag.py:3954} INFO - Setting next_dagrun for dataset_consumes_unknown_never_scheduled to None, run_after=None
[2024-07-12T11:55:48.505+0100] {logging_mixin.py:188} INFO - [2024-07-12T11:55:48.504+0100] {dag.py:3954} INFO - Setting next_dagrun for dataset_produces_1 to 2024-07-11 00:00:00+00:00, run_after=2024-07-12 00:00:00+00:00
[2024-07-12T11:55:48.515+0100] {logging_mixin.py:188} INFO - [2024-07-12T11:55:48.514+0100] {dag.py:3954} INFO - Setting next_dagrun for dataset_produces_2 to None, run_after=None
[2024-07-12T11:55:48.919+0100] {processor.py:183} INFO - Processing /home/victor/airflow_env/lib/python3.10/site-packages/airflow/example_dags/example_datasets.py took 1.219 seconds
[2024-07-12T11:58:38.408+0100] {processor.py:161} INFO - Started process (PID=29591) to work on /home/victor/airflow_env/lib/python3.10/site-packages/airflow/example_dags/example_datasets.py
[2024-07-12T11:58:38.413+0100] {processor.py:830} INFO - Processing file /home/victor/airflow_env/lib/python3.10/site-packages/airflow/example_dags/example_datasets.py for tasks to queue
[2024-07-12T11:58:38.426+0100] {logging_mixin.py:188} INFO - [2024-07-12T11:58:38.422+0100] {dagbag.py:545} INFO - Filling up the DagBag from /home/victor/airflow_env/lib/python3.10/site-packages/airflow/example_dags/example_datasets.py
[2024-07-12T11:58:38.524+0100] {processor.py:840} INFO - DAG(s) 'dataset_consumes_1_never_scheduled', 'dataset_consumes_1_and_2', 'dataset_produces_1', 'dataset_consumes_unknown_never_scheduled', 'dataset_consumes_1', 'consume_1_and_2_with_dataset_expressions', 'consume_1_or_both_2_and_3_with_dataset_expressions', 'dataset_produces_2', 'consume_1_or_2_with_dataset_expressions', 'conditional_dataset_and_time_based_timetable' retrieved from /home/victor/airflow_env/lib/python3.10/site-packages/airflow/example_dags/example_datasets.py
[2024-07-12T11:58:38.876+0100] {logging_mixin.py:188} INFO - [2024-07-12T11:58:38.875+0100] {dag.py:3096} INFO - Sync 10 DAGs
[2024-07-12T11:58:39.023+0100] {logging_mixin.py:188} INFO - [2024-07-12T11:58:39.022+0100] {dag.py:3954} INFO - Setting next_dagrun for conditional_dataset_and_time_based_timetable to 2024-07-10 01:00:00+00:00, run_after=2024-07-10 01:00:00+00:00
[2024-07-12T11:58:39.044+0100] {logging_mixin.py:188} INFO - [2024-07-12T11:58:39.043+0100] {dag.py:3954} INFO - Setting next_dagrun for consume_1_and_2_with_dataset_expressions to None, run_after=None
[2024-07-12T11:58:39.055+0100] {logging_mixin.py:188} INFO - [2024-07-12T11:58:39.054+0100] {dag.py:3954} INFO - Setting next_dagrun for consume_1_or_2_with_dataset_expressions to None, run_after=None
[2024-07-12T11:58:39.065+0100] {logging_mixin.py:188} INFO - [2024-07-12T11:58:39.064+0100] {dag.py:3954} INFO - Setting next_dagrun for consume_1_or_both_2_and_3_with_dataset_expressions to None, run_after=None
[2024-07-12T11:58:39.075+0100] {logging_mixin.py:188} INFO - [2024-07-12T11:58:39.074+0100] {dag.py:3954} INFO - Setting next_dagrun for dataset_consumes_1 to None, run_after=None
[2024-07-12T11:58:39.086+0100] {logging_mixin.py:188} INFO - [2024-07-12T11:58:39.085+0100] {dag.py:3954} INFO - Setting next_dagrun for dataset_consumes_1_and_2 to None, run_after=None
[2024-07-12T11:58:39.096+0100] {logging_mixin.py:188} INFO - [2024-07-12T11:58:39.095+0100] {dag.py:3954} INFO - Setting next_dagrun for dataset_consumes_1_never_scheduled to None, run_after=None
[2024-07-12T11:58:39.106+0100] {logging_mixin.py:188} INFO - [2024-07-12T11:58:39.105+0100] {dag.py:3954} INFO - Setting next_dagrun for dataset_consumes_unknown_never_scheduled to None, run_after=None
[2024-07-12T11:58:39.124+0100] {logging_mixin.py:188} INFO - [2024-07-12T11:58:39.123+0100] {dag.py:3954} INFO - Setting next_dagrun for dataset_produces_1 to 2024-07-11 00:00:00+00:00, run_after=2024-07-12 00:00:00+00:00
[2024-07-12T11:58:39.134+0100] {logging_mixin.py:188} INFO - [2024-07-12T11:58:39.133+0100] {dag.py:3954} INFO - Setting next_dagrun for dataset_produces_2 to None, run_after=None
[2024-07-12T11:58:39.602+0100] {processor.py:183} INFO - Processing /home/victor/airflow_env/lib/python3.10/site-packages/airflow/example_dags/example_datasets.py took 1.227 seconds
[2024-07-12T12:01:34.501+0100] {processor.py:161} INFO - Started process (PID=30311) to work on /home/victor/airflow_env/lib/python3.10/site-packages/airflow/example_dags/example_datasets.py
[2024-07-12T12:01:34.506+0100] {processor.py:830} INFO - Processing file /home/victor/airflow_env/lib/python3.10/site-packages/airflow/example_dags/example_datasets.py for tasks to queue
[2024-07-12T12:01:34.514+0100] {logging_mixin.py:188} INFO - [2024-07-12T12:01:34.512+0100] {dagbag.py:545} INFO - Filling up the DagBag from /home/victor/airflow_env/lib/python3.10/site-packages/airflow/example_dags/example_datasets.py
[2024-07-12T12:01:34.583+0100] {processor.py:840} INFO - DAG(s) 'consume_1_or_2_with_dataset_expressions', 'consume_1_or_both_2_and_3_with_dataset_expressions', 'consume_1_and_2_with_dataset_expressions', 'dataset_consumes_1', 'dataset_produces_2', 'dataset_produces_1', 'dataset_consumes_1_and_2', 'dataset_consumes_unknown_never_scheduled', 'dataset_consumes_1_never_scheduled', 'conditional_dataset_and_time_based_timetable' retrieved from /home/victor/airflow_env/lib/python3.10/site-packages/airflow/example_dags/example_datasets.py
[2024-07-12T12:01:34.988+0100] {logging_mixin.py:188} INFO - [2024-07-12T12:01:34.987+0100] {dag.py:3096} INFO - Sync 10 DAGs
[2024-07-12T12:01:35.167+0100] {logging_mixin.py:188} INFO - [2024-07-12T12:01:35.166+0100] {dag.py:3954} INFO - Setting next_dagrun for conditional_dataset_and_time_based_timetable to 2024-07-10 01:00:00+00:00, run_after=2024-07-10 01:00:00+00:00
[2024-07-12T12:01:35.187+0100] {logging_mixin.py:188} INFO - [2024-07-12T12:01:35.186+0100] {dag.py:3954} INFO - Setting next_dagrun for consume_1_and_2_with_dataset_expressions to None, run_after=None
[2024-07-12T12:01:35.197+0100] {logging_mixin.py:188} INFO - [2024-07-12T12:01:35.196+0100] {dag.py:3954} INFO - Setting next_dagrun for consume_1_or_2_with_dataset_expressions to None, run_after=None
[2024-07-12T12:01:35.209+0100] {logging_mixin.py:188} INFO - [2024-07-12T12:01:35.208+0100] {dag.py:3954} INFO - Setting next_dagrun for consume_1_or_both_2_and_3_with_dataset_expressions to None, run_after=None
[2024-07-12T12:01:35.221+0100] {logging_mixin.py:188} INFO - [2024-07-12T12:01:35.220+0100] {dag.py:3954} INFO - Setting next_dagrun for dataset_consumes_1 to None, run_after=None
[2024-07-12T12:01:35.237+0100] {logging_mixin.py:188} INFO - [2024-07-12T12:01:35.236+0100] {dag.py:3954} INFO - Setting next_dagrun for dataset_consumes_1_and_2 to None, run_after=None
[2024-07-12T12:01:35.250+0100] {logging_mixin.py:188} INFO - [2024-07-12T12:01:35.249+0100] {dag.py:3954} INFO - Setting next_dagrun for dataset_consumes_1_never_scheduled to None, run_after=None
[2024-07-12T12:01:35.261+0100] {logging_mixin.py:188} INFO - [2024-07-12T12:01:35.260+0100] {dag.py:3954} INFO - Setting next_dagrun for dataset_consumes_unknown_never_scheduled to None, run_after=None
[2024-07-12T12:01:35.277+0100] {logging_mixin.py:188} INFO - [2024-07-12T12:01:35.276+0100] {dag.py:3954} INFO - Setting next_dagrun for dataset_produces_1 to 2024-07-11 00:00:00+00:00, run_after=2024-07-12 00:00:00+00:00
[2024-07-12T12:01:35.287+0100] {logging_mixin.py:188} INFO - [2024-07-12T12:01:35.286+0100] {dag.py:3954} INFO - Setting next_dagrun for dataset_produces_2 to None, run_after=None
[2024-07-12T12:01:35.757+0100] {processor.py:183} INFO - Processing /home/victor/airflow_env/lib/python3.10/site-packages/airflow/example_dags/example_datasets.py took 1.285 seconds
[2024-07-12T12:04:47.960+0100] {processor.py:161} INFO - Started process (PID=31097) to work on /home/victor/airflow_env/lib/python3.10/site-packages/airflow/example_dags/example_datasets.py
[2024-07-12T12:04:47.968+0100] {processor.py:830} INFO - Processing file /home/victor/airflow_env/lib/python3.10/site-packages/airflow/example_dags/example_datasets.py for tasks to queue
[2024-07-12T12:04:47.979+0100] {logging_mixin.py:188} INFO - [2024-07-12T12:04:47.976+0100] {dagbag.py:545} INFO - Filling up the DagBag from /home/victor/airflow_env/lib/python3.10/site-packages/airflow/example_dags/example_datasets.py
[2024-07-12T12:04:48.067+0100] {processor.py:840} INFO - DAG(s) 'consume_1_or_2_with_dataset_expressions', 'dataset_consumes_1_never_scheduled', 'consume_1_and_2_with_dataset_expressions', 'dataset_produces_1', 'dataset_consumes_1_and_2', 'consume_1_or_both_2_and_3_with_dataset_expressions', 'dataset_consumes_unknown_never_scheduled', 'dataset_consumes_1', 'dataset_produces_2', 'conditional_dataset_and_time_based_timetable' retrieved from /home/victor/airflow_env/lib/python3.10/site-packages/airflow/example_dags/example_datasets.py
[2024-07-12T12:04:48.508+0100] {logging_mixin.py:188} INFO - [2024-07-12T12:04:48.507+0100] {dag.py:3096} INFO - Sync 10 DAGs
[2024-07-12T12:04:48.687+0100] {logging_mixin.py:188} INFO - [2024-07-12T12:04:48.686+0100] {dag.py:3954} INFO - Setting next_dagrun for conditional_dataset_and_time_based_timetable to 2024-07-10 01:00:00+00:00, run_after=2024-07-10 01:00:00+00:00
[2024-07-12T12:04:48.711+0100] {logging_mixin.py:188} INFO - [2024-07-12T12:04:48.710+0100] {dag.py:3954} INFO - Setting next_dagrun for consume_1_and_2_with_dataset_expressions to None, run_after=None
[2024-07-12T12:04:48.723+0100] {logging_mixin.py:188} INFO - [2024-07-12T12:04:48.723+0100] {dag.py:3954} INFO - Setting next_dagrun for consume_1_or_2_with_dataset_expressions to None, run_after=None
[2024-07-12T12:04:48.736+0100] {logging_mixin.py:188} INFO - [2024-07-12T12:04:48.735+0100] {dag.py:3954} INFO - Setting next_dagrun for consume_1_or_both_2_and_3_with_dataset_expressions to None, run_after=None
[2024-07-12T12:04:48.747+0100] {logging_mixin.py:188} INFO - [2024-07-12T12:04:48.746+0100] {dag.py:3954} INFO - Setting next_dagrun for dataset_consumes_1 to None, run_after=None
[2024-07-12T12:04:48.758+0100] {logging_mixin.py:188} INFO - [2024-07-12T12:04:48.757+0100] {dag.py:3954} INFO - Setting next_dagrun for dataset_consumes_1_and_2 to None, run_after=None
[2024-07-12T12:04:48.771+0100] {logging_mixin.py:188} INFO - [2024-07-12T12:04:48.770+0100] {dag.py:3954} INFO - Setting next_dagrun for dataset_consumes_1_never_scheduled to None, run_after=None
[2024-07-12T12:04:48.785+0100] {logging_mixin.py:188} INFO - [2024-07-12T12:04:48.784+0100] {dag.py:3954} INFO - Setting next_dagrun for dataset_consumes_unknown_never_scheduled to None, run_after=None
[2024-07-12T12:04:48.805+0100] {logging_mixin.py:188} INFO - [2024-07-12T12:04:48.804+0100] {dag.py:3954} INFO - Setting next_dagrun for dataset_produces_1 to 2024-07-11 00:00:00+00:00, run_after=2024-07-12 00:00:00+00:00
[2024-07-12T12:04:48.817+0100] {logging_mixin.py:188} INFO - [2024-07-12T12:04:48.817+0100] {dag.py:3954} INFO - Setting next_dagrun for dataset_produces_2 to None, run_after=None
[2024-07-12T12:04:49.284+0100] {processor.py:183} INFO - Processing /home/victor/airflow_env/lib/python3.10/site-packages/airflow/example_dags/example_datasets.py took 1.366 seconds
[2024-07-12T12:07:30.343+0100] {processor.py:161} INFO - Started process (PID=31768) to work on /home/victor/airflow_env/lib/python3.10/site-packages/airflow/example_dags/example_datasets.py
[2024-07-12T12:07:30.349+0100] {processor.py:830} INFO - Processing file /home/victor/airflow_env/lib/python3.10/site-packages/airflow/example_dags/example_datasets.py for tasks to queue
[2024-07-12T12:07:30.357+0100] {logging_mixin.py:188} INFO - [2024-07-12T12:07:30.355+0100] {dagbag.py:545} INFO - Filling up the DagBag from /home/victor/airflow_env/lib/python3.10/site-packages/airflow/example_dags/example_datasets.py
[2024-07-12T12:07:30.442+0100] {processor.py:840} INFO - DAG(s) 'consume_1_or_2_with_dataset_expressions', 'dataset_consumes_1_never_scheduled', 'dataset_consumes_1', 'dataset_consumes_1_and_2', 'dataset_consumes_unknown_never_scheduled', 'dataset_produces_2', 'consume_1_or_both_2_and_3_with_dataset_expressions', 'consume_1_and_2_with_dataset_expressions', 'dataset_produces_1', 'conditional_dataset_and_time_based_timetable' retrieved from /home/victor/airflow_env/lib/python3.10/site-packages/airflow/example_dags/example_datasets.py
[2024-07-12T12:07:30.828+0100] {logging_mixin.py:188} INFO - [2024-07-12T12:07:30.827+0100] {dag.py:3096} INFO - Sync 10 DAGs
[2024-07-12T12:07:31.003+0100] {logging_mixin.py:188} INFO - [2024-07-12T12:07:31.002+0100] {dag.py:3954} INFO - Setting next_dagrun for conditional_dataset_and_time_based_timetable to 2024-07-10 01:00:00+00:00, run_after=2024-07-10 01:00:00+00:00
[2024-07-12T12:07:31.027+0100] {logging_mixin.py:188} INFO - [2024-07-12T12:07:31.026+0100] {dag.py:3954} INFO - Setting next_dagrun for consume_1_and_2_with_dataset_expressions to None, run_after=None
[2024-07-12T12:07:31.039+0100] {logging_mixin.py:188} INFO - [2024-07-12T12:07:31.038+0100] {dag.py:3954} INFO - Setting next_dagrun for consume_1_or_2_with_dataset_expressions to None, run_after=None
[2024-07-12T12:07:31.051+0100] {logging_mixin.py:188} INFO - [2024-07-12T12:07:31.050+0100] {dag.py:3954} INFO - Setting next_dagrun for consume_1_or_both_2_and_3_with_dataset_expressions to None, run_after=None
[2024-07-12T12:07:31.063+0100] {logging_mixin.py:188} INFO - [2024-07-12T12:07:31.063+0100] {dag.py:3954} INFO - Setting next_dagrun for dataset_consumes_1 to None, run_after=None
[2024-07-12T12:07:31.076+0100] {logging_mixin.py:188} INFO - [2024-07-12T12:07:31.075+0100] {dag.py:3954} INFO - Setting next_dagrun for dataset_consumes_1_and_2 to None, run_after=None
[2024-07-12T12:07:31.087+0100] {logging_mixin.py:188} INFO - [2024-07-12T12:07:31.086+0100] {dag.py:3954} INFO - Setting next_dagrun for dataset_consumes_1_never_scheduled to None, run_after=None
[2024-07-12T12:07:31.099+0100] {logging_mixin.py:188} INFO - [2024-07-12T12:07:31.098+0100] {dag.py:3954} INFO - Setting next_dagrun for dataset_consumes_unknown_never_scheduled to None, run_after=None
[2024-07-12T12:07:31.124+0100] {logging_mixin.py:188} INFO - [2024-07-12T12:07:31.123+0100] {dag.py:3954} INFO - Setting next_dagrun for dataset_produces_1 to 2024-07-11 00:00:00+00:00, run_after=2024-07-12 00:00:00+00:00
[2024-07-12T12:07:31.148+0100] {logging_mixin.py:188} INFO - [2024-07-12T12:07:31.139+0100] {dag.py:3954} INFO - Setting next_dagrun for dataset_produces_2 to None, run_after=None
[2024-07-12T12:07:31.983+0100] {processor.py:183} INFO - Processing /home/victor/airflow_env/lib/python3.10/site-packages/airflow/example_dags/example_datasets.py took 1.677 seconds
[2024-07-12T12:10:27.905+0100] {processor.py:161} INFO - Started process (PID=32500) to work on /home/victor/airflow_env/lib/python3.10/site-packages/airflow/example_dags/example_datasets.py
[2024-07-12T12:10:27.909+0100] {processor.py:830} INFO - Processing file /home/victor/airflow_env/lib/python3.10/site-packages/airflow/example_dags/example_datasets.py for tasks to queue
[2024-07-12T12:10:27.919+0100] {logging_mixin.py:188} INFO - [2024-07-12T12:10:27.917+0100] {dagbag.py:545} INFO - Filling up the DagBag from /home/victor/airflow_env/lib/python3.10/site-packages/airflow/example_dags/example_datasets.py
[2024-07-12T12:10:28.023+0100] {processor.py:840} INFO - DAG(s) 'dataset_consumes_unknown_never_scheduled', 'consume_1_and_2_with_dataset_expressions', 'dataset_produces_1', 'dataset_consumes_1', 'dataset_consumes_1_never_scheduled', 'dataset_consumes_1_and_2', 'dataset_produces_2', 'consume_1_or_both_2_and_3_with_dataset_expressions', 'conditional_dataset_and_time_based_timetable', 'consume_1_or_2_with_dataset_expressions' retrieved from /home/victor/airflow_env/lib/python3.10/site-packages/airflow/example_dags/example_datasets.py
[2024-07-12T12:10:28.406+0100] {logging_mixin.py:188} INFO - [2024-07-12T12:10:28.404+0100] {dag.py:3096} INFO - Sync 10 DAGs
[2024-07-12T12:10:28.551+0100] {logging_mixin.py:188} INFO - [2024-07-12T12:10:28.550+0100] {dag.py:3954} INFO - Setting next_dagrun for conditional_dataset_and_time_based_timetable to 2024-07-10 01:00:00+00:00, run_after=2024-07-10 01:00:00+00:00
[2024-07-12T12:10:28.575+0100] {logging_mixin.py:188} INFO - [2024-07-12T12:10:28.574+0100] {dag.py:3954} INFO - Setting next_dagrun for consume_1_and_2_with_dataset_expressions to None, run_after=None
[2024-07-12T12:10:28.586+0100] {logging_mixin.py:188} INFO - [2024-07-12T12:10:28.585+0100] {dag.py:3954} INFO - Setting next_dagrun for consume_1_or_2_with_dataset_expressions to None, run_after=None
[2024-07-12T12:10:28.599+0100] {logging_mixin.py:188} INFO - [2024-07-12T12:10:28.598+0100] {dag.py:3954} INFO - Setting next_dagrun for consume_1_or_both_2_and_3_with_dataset_expressions to None, run_after=None
[2024-07-12T12:10:28.610+0100] {logging_mixin.py:188} INFO - [2024-07-12T12:10:28.609+0100] {dag.py:3954} INFO - Setting next_dagrun for dataset_consumes_1 to None, run_after=None
[2024-07-12T12:10:28.621+0100] {logging_mixin.py:188} INFO - [2024-07-12T12:10:28.619+0100] {dag.py:3954} INFO - Setting next_dagrun for dataset_consumes_1_and_2 to None, run_after=None
[2024-07-12T12:10:28.632+0100] {logging_mixin.py:188} INFO - [2024-07-12T12:10:28.631+0100] {dag.py:3954} INFO - Setting next_dagrun for dataset_consumes_1_never_scheduled to None, run_after=None
[2024-07-12T12:10:28.643+0100] {logging_mixin.py:188} INFO - [2024-07-12T12:10:28.642+0100] {dag.py:3954} INFO - Setting next_dagrun for dataset_consumes_unknown_never_scheduled to None, run_after=None
[2024-07-12T12:10:28.661+0100] {logging_mixin.py:188} INFO - [2024-07-12T12:10:28.660+0100] {dag.py:3954} INFO - Setting next_dagrun for dataset_produces_1 to 2024-07-11 00:00:00+00:00, run_after=2024-07-12 00:00:00+00:00
[2024-07-12T12:10:28.672+0100] {logging_mixin.py:188} INFO - [2024-07-12T12:10:28.671+0100] {dag.py:3954} INFO - Setting next_dagrun for dataset_produces_2 to None, run_after=None
[2024-07-12T12:10:29.187+0100] {processor.py:183} INFO - Processing /home/victor/airflow_env/lib/python3.10/site-packages/airflow/example_dags/example_datasets.py took 1.323 seconds
[2024-07-12T12:13:14.105+0100] {processor.py:161} INFO - Started process (PID=33188) to work on /home/victor/airflow_env/lib/python3.10/site-packages/airflow/example_dags/example_datasets.py
[2024-07-12T12:13:14.152+0100] {processor.py:830} INFO - Processing file /home/victor/airflow_env/lib/python3.10/site-packages/airflow/example_dags/example_datasets.py for tasks to queue
[2024-07-12T12:13:14.164+0100] {logging_mixin.py:188} INFO - [2024-07-12T12:13:14.162+0100] {dagbag.py:545} INFO - Filling up the DagBag from /home/victor/airflow_env/lib/python3.10/site-packages/airflow/example_dags/example_datasets.py
[2024-07-12T12:13:14.309+0100] {processor.py:840} INFO - DAG(s) 'consume_1_and_2_with_dataset_expressions', 'conditional_dataset_and_time_based_timetable', 'consume_1_or_2_with_dataset_expressions', 'dataset_consumes_1_never_scheduled', 'dataset_consumes_1', 'dataset_produces_1', 'consume_1_or_both_2_and_3_with_dataset_expressions', 'dataset_consumes_1_and_2', 'dataset_consumes_unknown_never_scheduled', 'dataset_produces_2' retrieved from /home/victor/airflow_env/lib/python3.10/site-packages/airflow/example_dags/example_datasets.py
[2024-07-12T12:13:14.688+0100] {logging_mixin.py:188} INFO - [2024-07-12T12:13:14.687+0100] {dag.py:3096} INFO - Sync 10 DAGs
[2024-07-12T12:13:14.832+0100] {logging_mixin.py:188} INFO - [2024-07-12T12:13:14.831+0100] {dag.py:3954} INFO - Setting next_dagrun for conditional_dataset_and_time_based_timetable to 2024-07-10 01:00:00+00:00, run_after=2024-07-10 01:00:00+00:00
[2024-07-12T12:13:14.853+0100] {logging_mixin.py:188} INFO - [2024-07-12T12:13:14.852+0100] {dag.py:3954} INFO - Setting next_dagrun for consume_1_and_2_with_dataset_expressions to None, run_after=None
[2024-07-12T12:13:14.871+0100] {logging_mixin.py:188} INFO - [2024-07-12T12:13:14.870+0100] {dag.py:3954} INFO - Setting next_dagrun for consume_1_or_2_with_dataset_expressions to None, run_after=None
[2024-07-12T12:13:14.884+0100] {logging_mixin.py:188} INFO - [2024-07-12T12:13:14.883+0100] {dag.py:3954} INFO - Setting next_dagrun for consume_1_or_both_2_and_3_with_dataset_expressions to None, run_after=None
[2024-07-12T12:13:14.895+0100] {logging_mixin.py:188} INFO - [2024-07-12T12:13:14.894+0100] {dag.py:3954} INFO - Setting next_dagrun for dataset_consumes_1 to None, run_after=None
[2024-07-12T12:13:14.906+0100] {logging_mixin.py:188} INFO - [2024-07-12T12:13:14.905+0100] {dag.py:3954} INFO - Setting next_dagrun for dataset_consumes_1_and_2 to None, run_after=None
[2024-07-12T12:13:14.916+0100] {logging_mixin.py:188} INFO - [2024-07-12T12:13:14.915+0100] {dag.py:3954} INFO - Setting next_dagrun for dataset_consumes_1_never_scheduled to None, run_after=None
[2024-07-12T12:13:14.926+0100] {logging_mixin.py:188} INFO - [2024-07-12T12:13:14.925+0100] {dag.py:3954} INFO - Setting next_dagrun for dataset_consumes_unknown_never_scheduled to None, run_after=None
[2024-07-12T12:13:14.942+0100] {logging_mixin.py:188} INFO - [2024-07-12T12:13:14.942+0100] {dag.py:3954} INFO - Setting next_dagrun for dataset_produces_1 to 2024-07-11 00:00:00+00:00, run_after=2024-07-12 00:00:00+00:00
[2024-07-12T12:13:14.952+0100] {logging_mixin.py:188} INFO - [2024-07-12T12:13:14.951+0100] {dag.py:3954} INFO - Setting next_dagrun for dataset_produces_2 to None, run_after=None
[2024-07-12T12:13:15.353+0100] {processor.py:183} INFO - Processing /home/victor/airflow_env/lib/python3.10/site-packages/airflow/example_dags/example_datasets.py took 1.316 seconds
[2024-07-12T12:16:27.623+0100] {processor.py:161} INFO - Started process (PID=33969) to work on /home/victor/airflow_env/lib/python3.10/site-packages/airflow/example_dags/example_datasets.py
[2024-07-12T12:16:27.668+0100] {processor.py:830} INFO - Processing file /home/victor/airflow_env/lib/python3.10/site-packages/airflow/example_dags/example_datasets.py for tasks to queue
[2024-07-12T12:16:27.719+0100] {logging_mixin.py:188} INFO - [2024-07-12T12:16:27.717+0100] {dagbag.py:545} INFO - Filling up the DagBag from /home/victor/airflow_env/lib/python3.10/site-packages/airflow/example_dags/example_datasets.py
[2024-07-12T12:16:27.987+0100] {processor.py:840} INFO - DAG(s) 'consume_1_or_both_2_and_3_with_dataset_expressions', 'conditional_dataset_and_time_based_timetable', 'dataset_consumes_unknown_never_scheduled', 'dataset_consumes_1', 'consume_1_or_2_with_dataset_expressions', 'dataset_consumes_1_never_scheduled', 'dataset_produces_2', 'dataset_consumes_1_and_2', 'dataset_produces_1', 'consume_1_and_2_with_dataset_expressions' retrieved from /home/victor/airflow_env/lib/python3.10/site-packages/airflow/example_dags/example_datasets.py
[2024-07-12T12:16:29.496+0100] {logging_mixin.py:188} INFO - [2024-07-12T12:16:29.494+0100] {dag.py:3096} INFO - Sync 10 DAGs
[2024-07-12T12:16:29.877+0100] {logging_mixin.py:188} INFO - [2024-07-12T12:16:29.876+0100] {dag.py:3954} INFO - Setting next_dagrun for conditional_dataset_and_time_based_timetable to 2024-07-10 01:00:00+00:00, run_after=2024-07-10 01:00:00+00:00
[2024-07-12T12:16:29.937+0100] {logging_mixin.py:188} INFO - [2024-07-12T12:16:29.935+0100] {dag.py:3954} INFO - Setting next_dagrun for consume_1_and_2_with_dataset_expressions to None, run_after=None
[2024-07-12T12:16:29.959+0100] {logging_mixin.py:188} INFO - [2024-07-12T12:16:29.958+0100] {dag.py:3954} INFO - Setting next_dagrun for consume_1_or_2_with_dataset_expressions to None, run_after=None
[2024-07-12T12:16:30.000+0100] {logging_mixin.py:188} INFO - [2024-07-12T12:16:29.999+0100] {dag.py:3954} INFO - Setting next_dagrun for consume_1_or_both_2_and_3_with_dataset_expressions to None, run_after=None
[2024-07-12T12:16:30.023+0100] {logging_mixin.py:188} INFO - [2024-07-12T12:16:30.022+0100] {dag.py:3954} INFO - Setting next_dagrun for dataset_consumes_1 to None, run_after=None
[2024-07-12T12:16:30.062+0100] {logging_mixin.py:188} INFO - [2024-07-12T12:16:30.061+0100] {dag.py:3954} INFO - Setting next_dagrun for dataset_consumes_1_and_2 to None, run_after=None
[2024-07-12T12:16:30.134+0100] {logging_mixin.py:188} INFO - [2024-07-12T12:16:30.133+0100] {dag.py:3954} INFO - Setting next_dagrun for dataset_consumes_1_never_scheduled to None, run_after=None
[2024-07-12T12:16:30.313+0100] {logging_mixin.py:188} INFO - [2024-07-12T12:16:30.312+0100] {dag.py:3954} INFO - Setting next_dagrun for dataset_consumes_unknown_never_scheduled to None, run_after=None
[2024-07-12T12:16:30.435+0100] {logging_mixin.py:188} INFO - [2024-07-12T12:16:30.433+0100] {dag.py:3954} INFO - Setting next_dagrun for dataset_produces_1 to 2024-07-11 00:00:00+00:00, run_after=2024-07-12 00:00:00+00:00
[2024-07-12T12:16:30.571+0100] {logging_mixin.py:188} INFO - [2024-07-12T12:16:30.561+0100] {dag.py:3954} INFO - Setting next_dagrun for dataset_produces_2 to None, run_after=None
[2024-07-12T12:16:31.954+0100] {processor.py:183} INFO - Processing /home/victor/airflow_env/lib/python3.10/site-packages/airflow/example_dags/example_datasets.py took 4.430 seconds
[2024-07-12T12:20:11.788+0100] {processor.py:161} INFO - Started process (PID=34878) to work on /home/victor/airflow_env/lib/python3.10/site-packages/airflow/example_dags/example_datasets.py
[2024-07-12T12:20:11.793+0100] {processor.py:830} INFO - Processing file /home/victor/airflow_env/lib/python3.10/site-packages/airflow/example_dags/example_datasets.py for tasks to queue
[2024-07-12T12:20:11.802+0100] {logging_mixin.py:188} INFO - [2024-07-12T12:20:11.800+0100] {dagbag.py:545} INFO - Filling up the DagBag from /home/victor/airflow_env/lib/python3.10/site-packages/airflow/example_dags/example_datasets.py
[2024-07-12T12:20:11.876+0100] {processor.py:840} INFO - DAG(s) 'consume_1_or_both_2_and_3_with_dataset_expressions', 'dataset_consumes_1_and_2', 'dataset_produces_1', 'dataset_produces_2', 'dataset_consumes_1_never_scheduled', 'dataset_consumes_unknown_never_scheduled', 'dataset_consumes_1', 'consume_1_or_2_with_dataset_expressions', 'conditional_dataset_and_time_based_timetable', 'consume_1_and_2_with_dataset_expressions' retrieved from /home/victor/airflow_env/lib/python3.10/site-packages/airflow/example_dags/example_datasets.py
[2024-07-12T12:20:12.282+0100] {logging_mixin.py:188} INFO - [2024-07-12T12:20:12.281+0100] {dag.py:3096} INFO - Sync 10 DAGs
[2024-07-12T12:20:12.421+0100] {logging_mixin.py:188} INFO - [2024-07-12T12:20:12.419+0100] {dag.py:3954} INFO - Setting next_dagrun for conditional_dataset_and_time_based_timetable to 2024-07-10 01:00:00+00:00, run_after=2024-07-10 01:00:00+00:00
[2024-07-12T12:20:12.447+0100] {logging_mixin.py:188} INFO - [2024-07-12T12:20:12.446+0100] {dag.py:3954} INFO - Setting next_dagrun for consume_1_and_2_with_dataset_expressions to None, run_after=None
[2024-07-12T12:20:12.457+0100] {logging_mixin.py:188} INFO - [2024-07-12T12:20:12.456+0100] {dag.py:3954} INFO - Setting next_dagrun for consume_1_or_2_with_dataset_expressions to None, run_after=None
[2024-07-12T12:20:12.468+0100] {logging_mixin.py:188} INFO - [2024-07-12T12:20:12.467+0100] {dag.py:3954} INFO - Setting next_dagrun for consume_1_or_both_2_and_3_with_dataset_expressions to None, run_after=None
[2024-07-12T12:20:12.478+0100] {logging_mixin.py:188} INFO - [2024-07-12T12:20:12.477+0100] {dag.py:3954} INFO - Setting next_dagrun for dataset_consumes_1 to None, run_after=None
[2024-07-12T12:20:12.487+0100] {logging_mixin.py:188} INFO - [2024-07-12T12:20:12.487+0100] {dag.py:3954} INFO - Setting next_dagrun for dataset_consumes_1_and_2 to None, run_after=None
[2024-07-12T12:20:12.498+0100] {logging_mixin.py:188} INFO - [2024-07-12T12:20:12.497+0100] {dag.py:3954} INFO - Setting next_dagrun for dataset_consumes_1_never_scheduled to None, run_after=None
[2024-07-12T12:20:12.508+0100] {logging_mixin.py:188} INFO - [2024-07-12T12:20:12.508+0100] {dag.py:3954} INFO - Setting next_dagrun for dataset_consumes_unknown_never_scheduled to None, run_after=None
[2024-07-12T12:20:12.525+0100] {logging_mixin.py:188} INFO - [2024-07-12T12:20:12.524+0100] {dag.py:3954} INFO - Setting next_dagrun for dataset_produces_1 to 2024-07-11 00:00:00+00:00, run_after=2024-07-12 00:00:00+00:00
[2024-07-12T12:20:12.534+0100] {logging_mixin.py:188} INFO - [2024-07-12T12:20:12.534+0100] {dag.py:3954} INFO - Setting next_dagrun for dataset_produces_2 to None, run_after=None
[2024-07-12T12:20:12.926+0100] {processor.py:183} INFO - Processing /home/victor/airflow_env/lib/python3.10/site-packages/airflow/example_dags/example_datasets.py took 1.174 seconds
[2024-07-12T12:23:09.870+0100] {processor.py:161} INFO - Started process (PID=35608) to work on /home/victor/airflow_env/lib/python3.10/site-packages/airflow/example_dags/example_datasets.py
[2024-07-12T12:23:09.875+0100] {processor.py:830} INFO - Processing file /home/victor/airflow_env/lib/python3.10/site-packages/airflow/example_dags/example_datasets.py for tasks to queue
[2024-07-12T12:23:09.892+0100] {logging_mixin.py:188} INFO - [2024-07-12T12:23:09.890+0100] {dagbag.py:545} INFO - Filling up the DagBag from /home/victor/airflow_env/lib/python3.10/site-packages/airflow/example_dags/example_datasets.py
[2024-07-12T12:23:09.974+0100] {processor.py:840} INFO - DAG(s) 'dataset_consumes_1_never_scheduled', 'dataset_consumes_unknown_never_scheduled', 'dataset_consumes_1_and_2', 'dataset_consumes_1', 'consume_1_or_2_with_dataset_expressions', 'conditional_dataset_and_time_based_timetable', 'consume_1_and_2_with_dataset_expressions', 'dataset_produces_2', 'dataset_produces_1', 'consume_1_or_both_2_and_3_with_dataset_expressions' retrieved from /home/victor/airflow_env/lib/python3.10/site-packages/airflow/example_dags/example_datasets.py
[2024-07-12T12:23:10.391+0100] {logging_mixin.py:188} INFO - [2024-07-12T12:23:10.390+0100] {dag.py:3096} INFO - Sync 10 DAGs
[2024-07-12T12:23:10.539+0100] {logging_mixin.py:188} INFO - [2024-07-12T12:23:10.538+0100] {dag.py:3954} INFO - Setting next_dagrun for conditional_dataset_and_time_based_timetable to 2024-07-10 01:00:00+00:00, run_after=2024-07-10 01:00:00+00:00
[2024-07-12T12:23:10.560+0100] {logging_mixin.py:188} INFO - [2024-07-12T12:23:10.559+0100] {dag.py:3954} INFO - Setting next_dagrun for consume_1_and_2_with_dataset_expressions to None, run_after=None
[2024-07-12T12:23:10.569+0100] {logging_mixin.py:188} INFO - [2024-07-12T12:23:10.569+0100] {dag.py:3954} INFO - Setting next_dagrun for consume_1_or_2_with_dataset_expressions to None, run_after=None
[2024-07-12T12:23:10.579+0100] {logging_mixin.py:188} INFO - [2024-07-12T12:23:10.578+0100] {dag.py:3954} INFO - Setting next_dagrun for consume_1_or_both_2_and_3_with_dataset_expressions to None, run_after=None
[2024-07-12T12:23:10.588+0100] {logging_mixin.py:188} INFO - [2024-07-12T12:23:10.588+0100] {dag.py:3954} INFO - Setting next_dagrun for dataset_consumes_1 to None, run_after=None
[2024-07-12T12:23:10.598+0100] {logging_mixin.py:188} INFO - [2024-07-12T12:23:10.597+0100] {dag.py:3954} INFO - Setting next_dagrun for dataset_consumes_1_and_2 to None, run_after=None
[2024-07-12T12:23:10.610+0100] {logging_mixin.py:188} INFO - [2024-07-12T12:23:10.609+0100] {dag.py:3954} INFO - Setting next_dagrun for dataset_consumes_1_never_scheduled to None, run_after=None
[2024-07-12T12:23:10.620+0100] {logging_mixin.py:188} INFO - [2024-07-12T12:23:10.619+0100] {dag.py:3954} INFO - Setting next_dagrun for dataset_consumes_unknown_never_scheduled to None, run_after=None
[2024-07-12T12:23:10.638+0100] {logging_mixin.py:188} INFO - [2024-07-12T12:23:10.637+0100] {dag.py:3954} INFO - Setting next_dagrun for dataset_produces_1 to 2024-07-11 00:00:00+00:00, run_after=2024-07-12 00:00:00+00:00
[2024-07-12T12:23:10.650+0100] {logging_mixin.py:188} INFO - [2024-07-12T12:23:10.649+0100] {dag.py:3954} INFO - Setting next_dagrun for dataset_produces_2 to None, run_after=None
[2024-07-12T12:23:11.097+0100] {processor.py:183} INFO - Processing /home/victor/airflow_env/lib/python3.10/site-packages/airflow/example_dags/example_datasets.py took 1.263 seconds
[2024-07-12T12:26:27.174+0100] {processor.py:161} INFO - Started process (PID=36407) to work on /home/victor/airflow_env/lib/python3.10/site-packages/airflow/example_dags/example_datasets.py
[2024-07-12T12:26:27.180+0100] {processor.py:830} INFO - Processing file /home/victor/airflow_env/lib/python3.10/site-packages/airflow/example_dags/example_datasets.py for tasks to queue
[2024-07-12T12:26:27.198+0100] {logging_mixin.py:188} INFO - [2024-07-12T12:26:27.195+0100] {dagbag.py:545} INFO - Filling up the DagBag from /home/victor/airflow_env/lib/python3.10/site-packages/airflow/example_dags/example_datasets.py
[2024-07-12T12:26:27.295+0100] {processor.py:840} INFO - DAG(s) 'dataset_produces_1', 'consume_1_or_2_with_dataset_expressions', 'consume_1_and_2_with_dataset_expressions', 'dataset_consumes_1_never_scheduled', 'consume_1_or_both_2_and_3_with_dataset_expressions', 'conditional_dataset_and_time_based_timetable', 'dataset_consumes_unknown_never_scheduled', 'dataset_produces_2', 'dataset_consumes_1_and_2', 'dataset_consumes_1' retrieved from /home/victor/airflow_env/lib/python3.10/site-packages/airflow/example_dags/example_datasets.py
[2024-07-12T12:26:27.824+0100] {logging_mixin.py:188} INFO - [2024-07-12T12:26:27.823+0100] {dag.py:3096} INFO - Sync 10 DAGs
[2024-07-12T12:26:27.990+0100] {logging_mixin.py:188} INFO - [2024-07-12T12:26:27.989+0100] {dag.py:3954} INFO - Setting next_dagrun for conditional_dataset_and_time_based_timetable to 2024-07-10 01:00:00+00:00, run_after=2024-07-10 01:00:00+00:00
[2024-07-12T12:26:28.014+0100] {logging_mixin.py:188} INFO - [2024-07-12T12:26:28.013+0100] {dag.py:3954} INFO - Setting next_dagrun for consume_1_and_2_with_dataset_expressions to None, run_after=None
[2024-07-12T12:26:28.026+0100] {logging_mixin.py:188} INFO - [2024-07-12T12:26:28.025+0100] {dag.py:3954} INFO - Setting next_dagrun for consume_1_or_2_with_dataset_expressions to None, run_after=None
[2024-07-12T12:26:28.037+0100] {logging_mixin.py:188} INFO - [2024-07-12T12:26:28.036+0100] {dag.py:3954} INFO - Setting next_dagrun for consume_1_or_both_2_and_3_with_dataset_expressions to None, run_after=None
[2024-07-12T12:26:28.049+0100] {logging_mixin.py:188} INFO - [2024-07-12T12:26:28.048+0100] {dag.py:3954} INFO - Setting next_dagrun for dataset_consumes_1 to None, run_after=None
[2024-07-12T12:26:28.060+0100] {logging_mixin.py:188} INFO - [2024-07-12T12:26:28.059+0100] {dag.py:3954} INFO - Setting next_dagrun for dataset_consumes_1_and_2 to None, run_after=None
[2024-07-12T12:26:28.072+0100] {logging_mixin.py:188} INFO - [2024-07-12T12:26:28.071+0100] {dag.py:3954} INFO - Setting next_dagrun for dataset_consumes_1_never_scheduled to None, run_after=None
[2024-07-12T12:26:28.092+0100] {logging_mixin.py:188} INFO - [2024-07-12T12:26:28.090+0100] {dag.py:3954} INFO - Setting next_dagrun for dataset_consumes_unknown_never_scheduled to None, run_after=None
[2024-07-12T12:26:28.115+0100] {logging_mixin.py:188} INFO - [2024-07-12T12:26:28.114+0100] {dag.py:3954} INFO - Setting next_dagrun for dataset_produces_1 to 2024-07-11 00:00:00+00:00, run_after=2024-07-12 00:00:00+00:00
[2024-07-12T12:26:28.127+0100] {logging_mixin.py:188} INFO - [2024-07-12T12:26:28.125+0100] {dag.py:3954} INFO - Setting next_dagrun for dataset_produces_2 to None, run_after=None
[2024-07-12T12:26:28.619+0100] {processor.py:183} INFO - Processing /home/victor/airflow_env/lib/python3.10/site-packages/airflow/example_dags/example_datasets.py took 1.528 seconds
[2024-07-12T12:29:19.270+0100] {processor.py:161} INFO - Started process (PID=37114) to work on /home/victor/airflow_env/lib/python3.10/site-packages/airflow/example_dags/example_datasets.py
[2024-07-12T12:29:19.285+0100] {processor.py:830} INFO - Processing file /home/victor/airflow_env/lib/python3.10/site-packages/airflow/example_dags/example_datasets.py for tasks to queue
[2024-07-12T12:29:19.308+0100] {logging_mixin.py:188} INFO - [2024-07-12T12:29:19.306+0100] {dagbag.py:545} INFO - Filling up the DagBag from /home/victor/airflow_env/lib/python3.10/site-packages/airflow/example_dags/example_datasets.py
[2024-07-12T12:29:19.428+0100] {processor.py:840} INFO - DAG(s) 'dataset_consumes_unknown_never_scheduled', 'consume_1_or_both_2_and_3_with_dataset_expressions', 'dataset_consumes_1_and_2', 'dataset_produces_2', 'dataset_consumes_1', 'dataset_consumes_1_never_scheduled', 'consume_1_or_2_with_dataset_expressions', 'dataset_produces_1', 'consume_1_and_2_with_dataset_expressions', 'conditional_dataset_and_time_based_timetable' retrieved from /home/victor/airflow_env/lib/python3.10/site-packages/airflow/example_dags/example_datasets.py
[2024-07-12T12:29:20.493+0100] {logging_mixin.py:188} INFO - [2024-07-12T12:29:20.492+0100] {dag.py:3096} INFO - Sync 10 DAGs
[2024-07-12T12:29:20.657+0100] {logging_mixin.py:188} INFO - [2024-07-12T12:29:20.655+0100] {dag.py:3954} INFO - Setting next_dagrun for conditional_dataset_and_time_based_timetable to 2024-07-10 01:00:00+00:00, run_after=2024-07-10 01:00:00+00:00
[2024-07-12T12:29:20.694+0100] {logging_mixin.py:188} INFO - [2024-07-12T12:29:20.693+0100] {dag.py:3954} INFO - Setting next_dagrun for consume_1_and_2_with_dataset_expressions to None, run_after=None
[2024-07-12T12:29:20.707+0100] {logging_mixin.py:188} INFO - [2024-07-12T12:29:20.706+0100] {dag.py:3954} INFO - Setting next_dagrun for consume_1_or_2_with_dataset_expressions to None, run_after=None
[2024-07-12T12:29:20.720+0100] {logging_mixin.py:188} INFO - [2024-07-12T12:29:20.719+0100] {dag.py:3954} INFO - Setting next_dagrun for consume_1_or_both_2_and_3_with_dataset_expressions to None, run_after=None
[2024-07-12T12:29:20.750+0100] {logging_mixin.py:188} INFO - [2024-07-12T12:29:20.749+0100] {dag.py:3954} INFO - Setting next_dagrun for dataset_consumes_1 to None, run_after=None
[2024-07-12T12:29:20.773+0100] {logging_mixin.py:188} INFO - [2024-07-12T12:29:20.772+0100] {dag.py:3954} INFO - Setting next_dagrun for dataset_consumes_1_and_2 to None, run_after=None
[2024-07-12T12:29:20.787+0100] {logging_mixin.py:188} INFO - [2024-07-12T12:29:20.785+0100] {dag.py:3954} INFO - Setting next_dagrun for dataset_consumes_1_never_scheduled to None, run_after=None
[2024-07-12T12:29:20.797+0100] {logging_mixin.py:188} INFO - [2024-07-12T12:29:20.796+0100] {dag.py:3954} INFO - Setting next_dagrun for dataset_consumes_unknown_never_scheduled to None, run_after=None
[2024-07-12T12:29:20.818+0100] {logging_mixin.py:188} INFO - [2024-07-12T12:29:20.817+0100] {dag.py:3954} INFO - Setting next_dagrun for dataset_produces_1 to 2024-07-11 00:00:00+00:00, run_after=2024-07-12 00:00:00+00:00
[2024-07-12T12:29:20.831+0100] {logging_mixin.py:188} INFO - [2024-07-12T12:29:20.830+0100] {dag.py:3954} INFO - Setting next_dagrun for dataset_produces_2 to None, run_after=None
[2024-07-12T12:29:21.508+0100] {processor.py:183} INFO - Processing /home/victor/airflow_env/lib/python3.10/site-packages/airflow/example_dags/example_datasets.py took 2.272 seconds
[2024-07-12T12:32:22.338+0100] {processor.py:161} INFO - Started process (PID=37865) to work on /home/victor/airflow_env/lib/python3.10/site-packages/airflow/example_dags/example_datasets.py
[2024-07-12T12:32:22.343+0100] {processor.py:830} INFO - Processing file /home/victor/airflow_env/lib/python3.10/site-packages/airflow/example_dags/example_datasets.py for tasks to queue
[2024-07-12T12:32:22.352+0100] {logging_mixin.py:188} INFO - [2024-07-12T12:32:22.350+0100] {dagbag.py:545} INFO - Filling up the DagBag from /home/victor/airflow_env/lib/python3.10/site-packages/airflow/example_dags/example_datasets.py
[2024-07-12T12:32:22.429+0100] {processor.py:840} INFO - DAG(s) 'dataset_consumes_1', 'consume_1_or_2_with_dataset_expressions', 'consume_1_or_both_2_and_3_with_dataset_expressions', 'dataset_produces_2', 'dataset_consumes_unknown_never_scheduled', 'conditional_dataset_and_time_based_timetable', 'dataset_produces_1', 'dataset_consumes_1_never_scheduled', 'dataset_consumes_1_and_2', 'consume_1_and_2_with_dataset_expressions' retrieved from /home/victor/airflow_env/lib/python3.10/site-packages/airflow/example_dags/example_datasets.py
[2024-07-12T12:32:22.964+0100] {logging_mixin.py:188} INFO - [2024-07-12T12:32:22.963+0100] {dag.py:3096} INFO - Sync 10 DAGs
[2024-07-12T12:32:23.132+0100] {logging_mixin.py:188} INFO - [2024-07-12T12:32:23.131+0100] {dag.py:3954} INFO - Setting next_dagrun for conditional_dataset_and_time_based_timetable to 2024-07-10 01:00:00+00:00, run_after=2024-07-10 01:00:00+00:00
[2024-07-12T12:32:23.157+0100] {logging_mixin.py:188} INFO - [2024-07-12T12:32:23.156+0100] {dag.py:3954} INFO - Setting next_dagrun for consume_1_and_2_with_dataset_expressions to None, run_after=None
[2024-07-12T12:32:23.170+0100] {logging_mixin.py:188} INFO - [2024-07-12T12:32:23.169+0100] {dag.py:3954} INFO - Setting next_dagrun for consume_1_or_2_with_dataset_expressions to None, run_after=None
[2024-07-12T12:32:23.182+0100] {logging_mixin.py:188} INFO - [2024-07-12T12:32:23.181+0100] {dag.py:3954} INFO - Setting next_dagrun for consume_1_or_both_2_and_3_with_dataset_expressions to None, run_after=None
[2024-07-12T12:32:23.195+0100] {logging_mixin.py:188} INFO - [2024-07-12T12:32:23.194+0100] {dag.py:3954} INFO - Setting next_dagrun for dataset_consumes_1 to None, run_after=None
[2024-07-12T12:32:23.208+0100] {logging_mixin.py:188} INFO - [2024-07-12T12:32:23.206+0100] {dag.py:3954} INFO - Setting next_dagrun for dataset_consumes_1_and_2 to None, run_after=None
[2024-07-12T12:32:23.220+0100] {logging_mixin.py:188} INFO - [2024-07-12T12:32:23.219+0100] {dag.py:3954} INFO - Setting next_dagrun for dataset_consumes_1_never_scheduled to None, run_after=None
[2024-07-12T12:32:23.233+0100] {logging_mixin.py:188} INFO - [2024-07-12T12:32:23.232+0100] {dag.py:3954} INFO - Setting next_dagrun for dataset_consumes_unknown_never_scheduled to None, run_after=None
[2024-07-12T12:32:23.256+0100] {logging_mixin.py:188} INFO - [2024-07-12T12:32:23.255+0100] {dag.py:3954} INFO - Setting next_dagrun for dataset_produces_1 to 2024-07-11 00:00:00+00:00, run_after=2024-07-12 00:00:00+00:00
[2024-07-12T12:32:23.270+0100] {logging_mixin.py:188} INFO - [2024-07-12T12:32:23.268+0100] {dag.py:3954} INFO - Setting next_dagrun for dataset_produces_2 to None, run_after=None
[2024-07-12T12:32:23.898+0100] {processor.py:183} INFO - Processing /home/victor/airflow_env/lib/python3.10/site-packages/airflow/example_dags/example_datasets.py took 1.591 seconds
