[2024-07-15T11:02:16.726+0100] {processor.py:161} INFO - Started process (PID=38584) to work on /mnt/c/Users/Victor/Desktop/Final_Semester/data-engineering-final-semester-portfolio/airflow/dags/first_dag.py
[2024-07-15T11:02:16.731+0100] {processor.py:830} INFO - Processing file /mnt/c/Users/Victor/Desktop/Final_Semester/data-engineering-final-semester-portfolio/airflow/dags/first_dag.py for tasks to queue
[2024-07-15T11:02:16.744+0100] {logging_mixin.py:188} INFO - [2024-07-15T11:02:16.741+0100] {dagbag.py:545} INFO - Filling up the DagBag from /mnt/c/Users/Victor/Desktop/Final_Semester/data-engineering-final-semester-portfolio/airflow/dags/first_dag.py
[2024-07-15T11:02:16.839+0100] {logging_mixin.py:188} INFO - [2024-07-15T11:02:16.809+0100] {dagbag.py:355} ERROR - Failed to import: /mnt/c/Users/Victor/Desktop/Final_Semester/data-engineering-final-semester-portfolio/airflow/dags/first_dag.py
Traceback (most recent call last):
  File "/home/victor/airflow_env/lib/python3.10/site-packages/airflow/models/dagbag.py", line 351, in parse
    loader.exec_module(new_module)
  File "<frozen importlib._bootstrap_external>", line 879, in exec_module
  File "<frozen importlib._bootstrap_external>", line 1017, in get_code
  File "<frozen importlib._bootstrap_external>", line 947, in source_to_code
  File "<frozen importlib._bootstrap>", line 241, in _call_with_frames_removed
  File "/mnt/c/Users/Victor/Desktop/Final_Semester/data-engineering-final-semester-portfolio/airflow/dags/first_dag.py", line 4
    from airflow.
                 ^
SyntaxError: invalid syntax
[2024-07-15T11:02:16.844+0100] {processor.py:842} WARNING - No viable dags retrieved from /mnt/c/Users/Victor/Desktop/Final_Semester/data-engineering-final-semester-portfolio/airflow/dags/first_dag.py
[2024-07-15T11:02:17.135+0100] {processor.py:183} INFO - Processing /mnt/c/Users/Victor/Desktop/Final_Semester/data-engineering-final-semester-portfolio/airflow/dags/first_dag.py took 0.480 seconds
[2024-07-15T11:02:19.817+0100] {processor.py:161} INFO - Started process (PID=38605) to work on /mnt/c/Users/Victor/Desktop/Final_Semester/data-engineering-final-semester-portfolio/airflow/dags/first_dag.py
[2024-07-15T11:02:19.840+0100] {processor.py:830} INFO - Processing file /mnt/c/Users/Victor/Desktop/Final_Semester/data-engineering-final-semester-portfolio/airflow/dags/first_dag.py for tasks to queue
[2024-07-15T11:02:19.879+0100] {logging_mixin.py:188} INFO - [2024-07-15T11:02:19.877+0100] {dagbag.py:545} INFO - Filling up the DagBag from /mnt/c/Users/Victor/Desktop/Final_Semester/data-engineering-final-semester-portfolio/airflow/dags/first_dag.py
[2024-07-15T11:02:20.045+0100] {logging_mixin.py:188} INFO - [2024-07-15T11:02:20.041+0100] {dagbag.py:355} ERROR - Failed to import: /mnt/c/Users/Victor/Desktop/Final_Semester/data-engineering-final-semester-portfolio/airflow/dags/first_dag.py
Traceback (most recent call last):
  File "/home/victor/airflow_env/lib/python3.10/site-packages/airflow/models/dagbag.py", line 351, in parse
    loader.exec_module(new_module)
  File "<frozen importlib._bootstrap_external>", line 879, in exec_module
  File "<frozen importlib._bootstrap_external>", line 1017, in get_code
  File "<frozen importlib._bootstrap_external>", line 947, in source_to_code
  File "<frozen importlib._bootstrap>", line 241, in _call_with_frames_removed
  File "/mnt/c/Users/Victor/Desktop/Final_Semester/data-engineering-final-semester-portfolio/airflow/dags/first_dag.py", line 4
    from airflow.operators
                          ^
SyntaxError: invalid syntax
[2024-07-15T11:02:20.048+0100] {processor.py:842} WARNING - No viable dags retrieved from /mnt/c/Users/Victor/Desktop/Final_Semester/data-engineering-final-semester-portfolio/airflow/dags/first_dag.py
[2024-07-15T11:02:20.571+0100] {processor.py:183} INFO - Processing /mnt/c/Users/Victor/Desktop/Final_Semester/data-engineering-final-semester-portfolio/airflow/dags/first_dag.py took 0.793 seconds
[2024-07-15T11:02:25.281+0100] {processor.py:161} INFO - Started process (PID=38628) to work on /mnt/c/Users/Victor/Desktop/Final_Semester/data-engineering-final-semester-portfolio/airflow/dags/first_dag.py
[2024-07-15T11:02:25.300+0100] {processor.py:830} INFO - Processing file /mnt/c/Users/Victor/Desktop/Final_Semester/data-engineering-final-semester-portfolio/airflow/dags/first_dag.py for tasks to queue
[2024-07-15T11:02:25.314+0100] {logging_mixin.py:188} INFO - [2024-07-15T11:02:25.312+0100] {dagbag.py:545} INFO - Filling up the DagBag from /mnt/c/Users/Victor/Desktop/Final_Semester/data-engineering-final-semester-portfolio/airflow/dags/first_dag.py
[2024-07-15T11:02:25.429+0100] {logging_mixin.py:188} INFO - [2024-07-15T11:02:25.426+0100] {dagbag.py:355} ERROR - Failed to import: /mnt/c/Users/Victor/Desktop/Final_Semester/data-engineering-final-semester-portfolio/airflow/dags/first_dag.py
Traceback (most recent call last):
  File "/home/victor/airflow_env/lib/python3.10/site-packages/airflow/models/dagbag.py", line 351, in parse
    loader.exec_module(new_module)
  File "<frozen importlib._bootstrap_external>", line 879, in exec_module
  File "<frozen importlib._bootstrap_external>", line 1017, in get_code
  File "<frozen importlib._bootstrap_external>", line 947, in source_to_code
  File "<frozen importlib._bootstrap>", line 241, in _call_with_frames_removed
  File "/mnt/c/Users/Victor/Desktop/Final_Semester/data-engineering-final-semester-portfolio/airflow/dags/first_dag.py", line 4
    from airflow.operators.empty
                                ^
SyntaxError: invalid syntax
[2024-07-15T11:02:25.432+0100] {processor.py:842} WARNING - No viable dags retrieved from /mnt/c/Users/Victor/Desktop/Final_Semester/data-engineering-final-semester-portfolio/airflow/dags/first_dag.py
[2024-07-15T11:02:25.819+0100] {processor.py:183} INFO - Processing /mnt/c/Users/Victor/Desktop/Final_Semester/data-engineering-final-semester-portfolio/airflow/dags/first_dag.py took 0.605 seconds
[2024-07-15T11:02:36.631+0100] {processor.py:161} INFO - Started process (PID=38693) to work on /mnt/c/Users/Victor/Desktop/Final_Semester/data-engineering-final-semester-portfolio/airflow/dags/first_dag.py
[2024-07-15T11:02:36.636+0100] {processor.py:830} INFO - Processing file /mnt/c/Users/Victor/Desktop/Final_Semester/data-engineering-final-semester-portfolio/airflow/dags/first_dag.py for tasks to queue
[2024-07-15T11:02:36.649+0100] {logging_mixin.py:188} INFO - [2024-07-15T11:02:36.645+0100] {dagbag.py:545} INFO - Filling up the DagBag from /mnt/c/Users/Victor/Desktop/Final_Semester/data-engineering-final-semester-portfolio/airflow/dags/first_dag.py
[2024-07-15T11:02:36.754+0100] {logging_mixin.py:188} INFO - [2024-07-15T11:02:36.751+0100] {dagbag.py:355} ERROR - Failed to import: /mnt/c/Users/Victor/Desktop/Final_Semester/data-engineering-final-semester-portfolio/airflow/dags/first_dag.py
Traceback (most recent call last):
  File "/home/victor/airflow_env/lib/python3.10/site-packages/airflow/models/dagbag.py", line 351, in parse
    loader.exec_module(new_module)
  File "<frozen importlib._bootstrap_external>", line 879, in exec_module
  File "<frozen importlib._bootstrap_external>", line 1017, in get_code
  File "<frozen importlib._bootstrap_external>", line 947, in source_to_code
  File "<frozen importlib._bootstrap>", line 241, in _call_with_frames_removed
  File "/mnt/c/Users/Victor/Desktop/Final_Semester/data-engineering-final-semester-portfolio/airflow/dags/first_dag.py", line 4
    from airflow.operators.empty import 
                                        ^
SyntaxError: invalid syntax
[2024-07-15T11:02:36.758+0100] {processor.py:842} WARNING - No viable dags retrieved from /mnt/c/Users/Victor/Desktop/Final_Semester/data-engineering-final-semester-portfolio/airflow/dags/first_dag.py
[2024-07-15T11:02:37.057+0100] {processor.py:183} INFO - Processing /mnt/c/Users/Victor/Desktop/Final_Semester/data-engineering-final-semester-portfolio/airflow/dags/first_dag.py took 0.520 seconds
[2024-07-15T11:02:39.024+0100] {processor.py:161} INFO - Started process (PID=38709) to work on /mnt/c/Users/Victor/Desktop/Final_Semester/data-engineering-final-semester-portfolio/airflow/dags/first_dag.py
[2024-07-15T11:02:39.042+0100] {processor.py:830} INFO - Processing file /mnt/c/Users/Victor/Desktop/Final_Semester/data-engineering-final-semester-portfolio/airflow/dags/first_dag.py for tasks to queue
[2024-07-15T11:02:39.077+0100] {logging_mixin.py:188} INFO - [2024-07-15T11:02:39.075+0100] {dagbag.py:545} INFO - Filling up the DagBag from /mnt/c/Users/Victor/Desktop/Final_Semester/data-engineering-final-semester-portfolio/airflow/dags/first_dag.py
[2024-07-15T11:02:39.268+0100] {logging_mixin.py:188} INFO - [2024-07-15T11:02:39.252+0100] {dagbag.py:355} ERROR - Failed to import: /mnt/c/Users/Victor/Desktop/Final_Semester/data-engineering-final-semester-portfolio/airflow/dags/first_dag.py
Traceback (most recent call last):
  File "/home/victor/airflow_env/lib/python3.10/site-packages/airflow/models/dagbag.py", line 351, in parse
    loader.exec_module(new_module)
  File "<frozen importlib._bootstrap_external>", line 883, in exec_module
  File "<frozen importlib._bootstrap>", line 241, in _call_with_frames_removed
  File "/mnt/c/Users/Victor/Desktop/Final_Semester/data-engineering-final-semester-portfolio/airflow/dags/first_dag.py", line 4, in <module>
    from airflow.operators.empty import E
ImportError: cannot import name 'E' from 'airflow.operators.empty' (/home/victor/airflow_env/lib/python3.10/site-packages/airflow/operators/empty.py)
[2024-07-15T11:02:39.276+0100] {processor.py:842} WARNING - No viable dags retrieved from /mnt/c/Users/Victor/Desktop/Final_Semester/data-engineering-final-semester-portfolio/airflow/dags/first_dag.py
[2024-07-15T11:02:39.503+0100] {processor.py:183} INFO - Processing /mnt/c/Users/Victor/Desktop/Final_Semester/data-engineering-final-semester-portfolio/airflow/dags/first_dag.py took 0.511 seconds
[2024-07-15T11:02:43.668+0100] {processor.py:161} INFO - Started process (PID=38731) to work on /mnt/c/Users/Victor/Desktop/Final_Semester/data-engineering-final-semester-portfolio/airflow/dags/first_dag.py
[2024-07-15T11:02:43.680+0100] {processor.py:830} INFO - Processing file /mnt/c/Users/Victor/Desktop/Final_Semester/data-engineering-final-semester-portfolio/airflow/dags/first_dag.py for tasks to queue
[2024-07-15T11:02:43.696+0100] {logging_mixin.py:188} INFO - [2024-07-15T11:02:43.692+0100] {dagbag.py:545} INFO - Filling up the DagBag from /mnt/c/Users/Victor/Desktop/Final_Semester/data-engineering-final-semester-portfolio/airflow/dags/first_dag.py
[2024-07-15T11:02:43.858+0100] {processor.py:842} WARNING - No viable dags retrieved from /mnt/c/Users/Victor/Desktop/Final_Semester/data-engineering-final-semester-portfolio/airflow/dags/first_dag.py
[2024-07-15T11:02:44.113+0100] {processor.py:183} INFO - Processing /mnt/c/Users/Victor/Desktop/Final_Semester/data-engineering-final-semester-portfolio/airflow/dags/first_dag.py took 0.507 seconds
[2024-07-15T11:03:15.390+0100] {processor.py:161} INFO - Started process (PID=38991) to work on /mnt/c/Users/Victor/Desktop/Final_Semester/data-engineering-final-semester-portfolio/airflow/dags/first_dag.py
[2024-07-15T11:03:15.394+0100] {processor.py:830} INFO - Processing file /mnt/c/Users/Victor/Desktop/Final_Semester/data-engineering-final-semester-portfolio/airflow/dags/first_dag.py for tasks to queue
[2024-07-15T11:03:15.402+0100] {logging_mixin.py:188} INFO - [2024-07-15T11:03:15.400+0100] {dagbag.py:545} INFO - Filling up the DagBag from /mnt/c/Users/Victor/Desktop/Final_Semester/data-engineering-final-semester-portfolio/airflow/dags/first_dag.py
[2024-07-15T11:03:15.455+0100] {processor.py:842} WARNING - No viable dags retrieved from /mnt/c/Users/Victor/Desktop/Final_Semester/data-engineering-final-semester-portfolio/airflow/dags/first_dag.py
[2024-07-15T11:03:15.523+0100] {processor.py:183} INFO - Processing /mnt/c/Users/Victor/Desktop/Final_Semester/data-engineering-final-semester-portfolio/airflow/dags/first_dag.py took 0.162 seconds
[2024-07-15T11:03:43.599+0100] {processor.py:161} INFO - Started process (PID=39135) to work on /mnt/c/Users/Victor/Desktop/Final_Semester/data-engineering-final-semester-portfolio/airflow/dags/first_dag.py
[2024-07-15T11:03:43.604+0100] {processor.py:830} INFO - Processing file /mnt/c/Users/Victor/Desktop/Final_Semester/data-engineering-final-semester-portfolio/airflow/dags/first_dag.py for tasks to queue
[2024-07-15T11:03:43.615+0100] {logging_mixin.py:188} INFO - [2024-07-15T11:03:43.613+0100] {dagbag.py:545} INFO - Filling up the DagBag from /mnt/c/Users/Victor/Desktop/Final_Semester/data-engineering-final-semester-portfolio/airflow/dags/first_dag.py
[2024-07-15T11:03:43.720+0100] {processor.py:842} WARNING - No viable dags retrieved from /mnt/c/Users/Victor/Desktop/Final_Semester/data-engineering-final-semester-portfolio/airflow/dags/first_dag.py
[2024-07-15T11:03:43.825+0100] {processor.py:183} INFO - Processing /mnt/c/Users/Victor/Desktop/Final_Semester/data-engineering-final-semester-portfolio/airflow/dags/first_dag.py took 0.262 seconds
[2024-07-15T11:04:14.137+0100] {processor.py:161} INFO - Started process (PID=39293) to work on /mnt/c/Users/Victor/Desktop/Final_Semester/data-engineering-final-semester-portfolio/airflow/dags/first_dag.py
[2024-07-15T11:04:14.143+0100] {processor.py:830} INFO - Processing file /mnt/c/Users/Victor/Desktop/Final_Semester/data-engineering-final-semester-portfolio/airflow/dags/first_dag.py for tasks to queue
[2024-07-15T11:04:14.160+0100] {logging_mixin.py:188} INFO - [2024-07-15T11:04:14.158+0100] {dagbag.py:545} INFO - Filling up the DagBag from /mnt/c/Users/Victor/Desktop/Final_Semester/data-engineering-final-semester-portfolio/airflow/dags/first_dag.py
[2024-07-15T11:04:14.240+0100] {processor.py:842} WARNING - No viable dags retrieved from /mnt/c/Users/Victor/Desktop/Final_Semester/data-engineering-final-semester-portfolio/airflow/dags/first_dag.py
[2024-07-15T11:04:14.330+0100] {processor.py:183} INFO - Processing /mnt/c/Users/Victor/Desktop/Final_Semester/data-engineering-final-semester-portfolio/airflow/dags/first_dag.py took 0.233 seconds
[2024-07-15T11:04:46.107+0100] {processor.py:161} INFO - Started process (PID=39446) to work on /mnt/c/Users/Victor/Desktop/Final_Semester/data-engineering-final-semester-portfolio/airflow/dags/first_dag.py
[2024-07-15T11:04:46.114+0100] {processor.py:830} INFO - Processing file /mnt/c/Users/Victor/Desktop/Final_Semester/data-engineering-final-semester-portfolio/airflow/dags/first_dag.py for tasks to queue
[2024-07-15T11:04:46.123+0100] {logging_mixin.py:188} INFO - [2024-07-15T11:04:46.122+0100] {dagbag.py:545} INFO - Filling up the DagBag from /mnt/c/Users/Victor/Desktop/Final_Semester/data-engineering-final-semester-portfolio/airflow/dags/first_dag.py
[2024-07-15T11:04:46.203+0100] {processor.py:842} WARNING - No viable dags retrieved from /mnt/c/Users/Victor/Desktop/Final_Semester/data-engineering-final-semester-portfolio/airflow/dags/first_dag.py
[2024-07-15T11:04:46.273+0100] {processor.py:183} INFO - Processing /mnt/c/Users/Victor/Desktop/Final_Semester/data-engineering-final-semester-portfolio/airflow/dags/first_dag.py took 0.222 seconds
[2024-07-15T11:05:16.919+0100] {processor.py:161} INFO - Started process (PID=39632) to work on /mnt/c/Users/Victor/Desktop/Final_Semester/data-engineering-final-semester-portfolio/airflow/dags/first_dag.py
[2024-07-15T11:05:16.931+0100] {processor.py:830} INFO - Processing file /mnt/c/Users/Victor/Desktop/Final_Semester/data-engineering-final-semester-portfolio/airflow/dags/first_dag.py for tasks to queue
[2024-07-15T11:05:16.943+0100] {logging_mixin.py:188} INFO - [2024-07-15T11:05:16.941+0100] {dagbag.py:545} INFO - Filling up the DagBag from /mnt/c/Users/Victor/Desktop/Final_Semester/data-engineering-final-semester-portfolio/airflow/dags/first_dag.py
[2024-07-15T11:05:17.011+0100] {processor.py:842} WARNING - No viable dags retrieved from /mnt/c/Users/Victor/Desktop/Final_Semester/data-engineering-final-semester-portfolio/airflow/dags/first_dag.py
[2024-07-15T11:05:17.103+0100] {processor.py:183} INFO - Processing /mnt/c/Users/Victor/Desktop/Final_Semester/data-engineering-final-semester-portfolio/airflow/dags/first_dag.py took 0.214 seconds
[2024-07-15T11:05:47.823+0100] {processor.py:161} INFO - Started process (PID=39778) to work on /mnt/c/Users/Victor/Desktop/Final_Semester/data-engineering-final-semester-portfolio/airflow/dags/first_dag.py
[2024-07-15T11:05:47.830+0100] {processor.py:830} INFO - Processing file /mnt/c/Users/Victor/Desktop/Final_Semester/data-engineering-final-semester-portfolio/airflow/dags/first_dag.py for tasks to queue
[2024-07-15T11:05:47.854+0100] {logging_mixin.py:188} INFO - [2024-07-15T11:05:47.851+0100] {dagbag.py:545} INFO - Filling up the DagBag from /mnt/c/Users/Victor/Desktop/Final_Semester/data-engineering-final-semester-portfolio/airflow/dags/first_dag.py
[2024-07-15T11:05:47.929+0100] {processor.py:842} WARNING - No viable dags retrieved from /mnt/c/Users/Victor/Desktop/Final_Semester/data-engineering-final-semester-portfolio/airflow/dags/first_dag.py
[2024-07-15T11:05:48.040+0100] {processor.py:183} INFO - Processing /mnt/c/Users/Victor/Desktop/Final_Semester/data-engineering-final-semester-portfolio/airflow/dags/first_dag.py took 0.266 seconds
[2024-07-15T11:06:18.508+0100] {processor.py:161} INFO - Started process (PID=39922) to work on /mnt/c/Users/Victor/Desktop/Final_Semester/data-engineering-final-semester-portfolio/airflow/dags/first_dag.py
[2024-07-15T11:06:18.513+0100] {processor.py:830} INFO - Processing file /mnt/c/Users/Victor/Desktop/Final_Semester/data-engineering-final-semester-portfolio/airflow/dags/first_dag.py for tasks to queue
[2024-07-15T11:06:18.521+0100] {logging_mixin.py:188} INFO - [2024-07-15T11:06:18.519+0100] {dagbag.py:545} INFO - Filling up the DagBag from /mnt/c/Users/Victor/Desktop/Final_Semester/data-engineering-final-semester-portfolio/airflow/dags/first_dag.py
[2024-07-15T11:06:18.573+0100] {processor.py:842} WARNING - No viable dags retrieved from /mnt/c/Users/Victor/Desktop/Final_Semester/data-engineering-final-semester-portfolio/airflow/dags/first_dag.py
[2024-07-15T11:06:18.650+0100] {processor.py:183} INFO - Processing /mnt/c/Users/Victor/Desktop/Final_Semester/data-engineering-final-semester-portfolio/airflow/dags/first_dag.py took 0.171 seconds
[2024-07-15T11:06:49.218+0100] {processor.py:161} INFO - Started process (PID=40067) to work on /mnt/c/Users/Victor/Desktop/Final_Semester/data-engineering-final-semester-portfolio/airflow/dags/first_dag.py
[2024-07-15T11:06:49.222+0100] {processor.py:830} INFO - Processing file /mnt/c/Users/Victor/Desktop/Final_Semester/data-engineering-final-semester-portfolio/airflow/dags/first_dag.py for tasks to queue
[2024-07-15T11:06:49.232+0100] {logging_mixin.py:188} INFO - [2024-07-15T11:06:49.229+0100] {dagbag.py:545} INFO - Filling up the DagBag from /mnt/c/Users/Victor/Desktop/Final_Semester/data-engineering-final-semester-portfolio/airflow/dags/first_dag.py
[2024-07-15T11:06:49.276+0100] {processor.py:842} WARNING - No viable dags retrieved from /mnt/c/Users/Victor/Desktop/Final_Semester/data-engineering-final-semester-portfolio/airflow/dags/first_dag.py
[2024-07-15T11:06:49.350+0100] {processor.py:183} INFO - Processing /mnt/c/Users/Victor/Desktop/Final_Semester/data-engineering-final-semester-portfolio/airflow/dags/first_dag.py took 0.160 seconds
[2024-07-15T11:07:20.193+0100] {processor.py:161} INFO - Started process (PID=40239) to work on /mnt/c/Users/Victor/Desktop/Final_Semester/data-engineering-final-semester-portfolio/airflow/dags/first_dag.py
[2024-07-15T11:07:20.199+0100] {processor.py:830} INFO - Processing file /mnt/c/Users/Victor/Desktop/Final_Semester/data-engineering-final-semester-portfolio/airflow/dags/first_dag.py for tasks to queue
[2024-07-15T11:07:20.206+0100] {logging_mixin.py:188} INFO - [2024-07-15T11:07:20.205+0100] {dagbag.py:545} INFO - Filling up the DagBag from /mnt/c/Users/Victor/Desktop/Final_Semester/data-engineering-final-semester-portfolio/airflow/dags/first_dag.py
[2024-07-15T11:07:20.255+0100] {processor.py:842} WARNING - No viable dags retrieved from /mnt/c/Users/Victor/Desktop/Final_Semester/data-engineering-final-semester-portfolio/airflow/dags/first_dag.py
[2024-07-15T11:07:20.324+0100] {processor.py:183} INFO - Processing /mnt/c/Users/Victor/Desktop/Final_Semester/data-engineering-final-semester-portfolio/airflow/dags/first_dag.py took 0.164 seconds
[2024-07-15T11:07:52.879+0100] {processor.py:161} INFO - Started process (PID=40388) to work on /mnt/c/Users/Victor/Desktop/Final_Semester/data-engineering-final-semester-portfolio/airflow/dags/first_dag.py
[2024-07-15T11:07:52.894+0100] {processor.py:830} INFO - Processing file /mnt/c/Users/Victor/Desktop/Final_Semester/data-engineering-final-semester-portfolio/airflow/dags/first_dag.py for tasks to queue
[2024-07-15T11:07:52.911+0100] {logging_mixin.py:188} INFO - [2024-07-15T11:07:52.909+0100] {dagbag.py:545} INFO - Filling up the DagBag from /mnt/c/Users/Victor/Desktop/Final_Semester/data-engineering-final-semester-portfolio/airflow/dags/first_dag.py
[2024-07-15T11:07:53.040+0100] {processor.py:842} WARNING - No viable dags retrieved from /mnt/c/Users/Victor/Desktop/Final_Semester/data-engineering-final-semester-portfolio/airflow/dags/first_dag.py
[2024-07-15T11:07:53.369+0100] {processor.py:183} INFO - Processing /mnt/c/Users/Victor/Desktop/Final_Semester/data-engineering-final-semester-portfolio/airflow/dags/first_dag.py took 0.560 seconds
[2024-07-15T11:08:23.851+0100] {processor.py:161} INFO - Started process (PID=40530) to work on /mnt/c/Users/Victor/Desktop/Final_Semester/data-engineering-final-semester-portfolio/airflow/dags/first_dag.py
[2024-07-15T11:08:23.857+0100] {processor.py:830} INFO - Processing file /mnt/c/Users/Victor/Desktop/Final_Semester/data-engineering-final-semester-portfolio/airflow/dags/first_dag.py for tasks to queue
[2024-07-15T11:08:23.869+0100] {logging_mixin.py:188} INFO - [2024-07-15T11:08:23.866+0100] {dagbag.py:545} INFO - Filling up the DagBag from /mnt/c/Users/Victor/Desktop/Final_Semester/data-engineering-final-semester-portfolio/airflow/dags/first_dag.py
[2024-07-15T11:08:23.944+0100] {processor.py:842} WARNING - No viable dags retrieved from /mnt/c/Users/Victor/Desktop/Final_Semester/data-engineering-final-semester-portfolio/airflow/dags/first_dag.py
[2024-07-15T11:08:24.068+0100] {processor.py:183} INFO - Processing /mnt/c/Users/Victor/Desktop/Final_Semester/data-engineering-final-semester-portfolio/airflow/dags/first_dag.py took 0.255 seconds
[2024-07-15T11:08:55.063+0100] {processor.py:161} INFO - Started process (PID=40677) to work on /mnt/c/Users/Victor/Desktop/Final_Semester/data-engineering-final-semester-portfolio/airflow/dags/first_dag.py
[2024-07-15T11:08:55.067+0100] {processor.py:830} INFO - Processing file /mnt/c/Users/Victor/Desktop/Final_Semester/data-engineering-final-semester-portfolio/airflow/dags/first_dag.py for tasks to queue
[2024-07-15T11:08:55.077+0100] {logging_mixin.py:188} INFO - [2024-07-15T11:08:55.076+0100] {dagbag.py:545} INFO - Filling up the DagBag from /mnt/c/Users/Victor/Desktop/Final_Semester/data-engineering-final-semester-portfolio/airflow/dags/first_dag.py
[2024-07-15T11:08:55.163+0100] {processor.py:842} WARNING - No viable dags retrieved from /mnt/c/Users/Victor/Desktop/Final_Semester/data-engineering-final-semester-portfolio/airflow/dags/first_dag.py
[2024-07-15T11:08:55.241+0100] {processor.py:183} INFO - Processing /mnt/c/Users/Victor/Desktop/Final_Semester/data-engineering-final-semester-portfolio/airflow/dags/first_dag.py took 0.204 seconds
[2024-07-15T11:09:25.669+0100] {processor.py:161} INFO - Started process (PID=40821) to work on /mnt/c/Users/Victor/Desktop/Final_Semester/data-engineering-final-semester-portfolio/airflow/dags/first_dag.py
[2024-07-15T11:09:25.673+0100] {processor.py:830} INFO - Processing file /mnt/c/Users/Victor/Desktop/Final_Semester/data-engineering-final-semester-portfolio/airflow/dags/first_dag.py for tasks to queue
[2024-07-15T11:09:25.683+0100] {logging_mixin.py:188} INFO - [2024-07-15T11:09:25.681+0100] {dagbag.py:545} INFO - Filling up the DagBag from /mnt/c/Users/Victor/Desktop/Final_Semester/data-engineering-final-semester-portfolio/airflow/dags/first_dag.py
[2024-07-15T11:09:25.735+0100] {processor.py:842} WARNING - No viable dags retrieved from /mnt/c/Users/Victor/Desktop/Final_Semester/data-engineering-final-semester-portfolio/airflow/dags/first_dag.py
[2024-07-15T11:09:25.814+0100] {processor.py:183} INFO - Processing /mnt/c/Users/Victor/Desktop/Final_Semester/data-engineering-final-semester-portfolio/airflow/dags/first_dag.py took 0.171 seconds
[2024-07-15T11:09:56.510+0100] {processor.py:161} INFO - Started process (PID=40966) to work on /mnt/c/Users/Victor/Desktop/Final_Semester/data-engineering-final-semester-portfolio/airflow/dags/first_dag.py
[2024-07-15T11:09:56.514+0100] {processor.py:830} INFO - Processing file /mnt/c/Users/Victor/Desktop/Final_Semester/data-engineering-final-semester-portfolio/airflow/dags/first_dag.py for tasks to queue
[2024-07-15T11:09:56.529+0100] {logging_mixin.py:188} INFO - [2024-07-15T11:09:56.527+0100] {dagbag.py:545} INFO - Filling up the DagBag from /mnt/c/Users/Victor/Desktop/Final_Semester/data-engineering-final-semester-portfolio/airflow/dags/first_dag.py
[2024-07-15T11:09:56.596+0100] {processor.py:842} WARNING - No viable dags retrieved from /mnt/c/Users/Victor/Desktop/Final_Semester/data-engineering-final-semester-portfolio/airflow/dags/first_dag.py
[2024-07-15T11:09:56.676+0100] {processor.py:183} INFO - Processing /mnt/c/Users/Victor/Desktop/Final_Semester/data-engineering-final-semester-portfolio/airflow/dags/first_dag.py took 0.207 seconds
[2024-07-15T11:10:28.565+0100] {processor.py:161} INFO - Started process (PID=41194) to work on /mnt/c/Users/Victor/Desktop/Final_Semester/data-engineering-final-semester-portfolio/airflow/dags/first_dag.py
[2024-07-15T11:10:28.574+0100] {processor.py:830} INFO - Processing file /mnt/c/Users/Victor/Desktop/Final_Semester/data-engineering-final-semester-portfolio/airflow/dags/first_dag.py for tasks to queue
[2024-07-15T11:10:28.582+0100] {logging_mixin.py:188} INFO - [2024-07-15T11:10:28.580+0100] {dagbag.py:545} INFO - Filling up the DagBag from /mnt/c/Users/Victor/Desktop/Final_Semester/data-engineering-final-semester-portfolio/airflow/dags/first_dag.py
[2024-07-15T11:10:28.813+0100] {processor.py:842} WARNING - No viable dags retrieved from /mnt/c/Users/Victor/Desktop/Final_Semester/data-engineering-final-semester-portfolio/airflow/dags/first_dag.py
[2024-07-15T11:10:29.133+0100] {processor.py:183} INFO - Processing /mnt/c/Users/Victor/Desktop/Final_Semester/data-engineering-final-semester-portfolio/airflow/dags/first_dag.py took 0.607 seconds
[2024-07-15T11:10:32.893+0100] {processor.py:161} INFO - Started process (PID=41220) to work on /mnt/c/Users/Victor/Desktop/Final_Semester/data-engineering-final-semester-portfolio/airflow/dags/first_dag.py
[2024-07-15T11:10:32.898+0100] {processor.py:830} INFO - Processing file /mnt/c/Users/Victor/Desktop/Final_Semester/data-engineering-final-semester-portfolio/airflow/dags/first_dag.py for tasks to queue
[2024-07-15T11:10:32.913+0100] {logging_mixin.py:188} INFO - [2024-07-15T11:10:32.911+0100] {dagbag.py:545} INFO - Filling up the DagBag from /mnt/c/Users/Victor/Desktop/Final_Semester/data-engineering-final-semester-portfolio/airflow/dags/first_dag.py
[2024-07-15T11:10:33.034+0100] {logging_mixin.py:188} INFO - [2024-07-15T11:10:33.030+0100] {dagbag.py:355} ERROR - Failed to import: /mnt/c/Users/Victor/Desktop/Final_Semester/data-engineering-final-semester-portfolio/airflow/dags/first_dag.py
Traceback (most recent call last):
  File "/home/victor/airflow_env/lib/python3.10/site-packages/airflow/models/dagbag.py", line 351, in parse
    loader.exec_module(new_module)
  File "<frozen importlib._bootstrap_external>", line 879, in exec_module
  File "<frozen importlib._bootstrap_external>", line 1017, in get_code
  File "<frozen importlib._bootstrap_external>", line 947, in source_to_code
  File "<frozen importlib._bootstrap>", line 241, in _call_with_frames_removed
  File "/mnt/c/Users/Victor/Desktop/Final_Semester/data-engineering-final-semester-portfolio/airflow/dags/first_dag.py", line 5
    from airflow 
                 ^
SyntaxError: invalid syntax
[2024-07-15T11:10:33.040+0100] {processor.py:842} WARNING - No viable dags retrieved from /mnt/c/Users/Victor/Desktop/Final_Semester/data-engineering-final-semester-portfolio/airflow/dags/first_dag.py
[2024-07-15T11:10:33.321+0100] {processor.py:183} INFO - Processing /mnt/c/Users/Victor/Desktop/Final_Semester/data-engineering-final-semester-portfolio/airflow/dags/first_dag.py took 0.470 seconds
[2024-07-15T11:10:35.201+0100] {processor.py:161} INFO - Started process (PID=41232) to work on /mnt/c/Users/Victor/Desktop/Final_Semester/data-engineering-final-semester-portfolio/airflow/dags/first_dag.py
[2024-07-15T11:10:35.206+0100] {processor.py:830} INFO - Processing file /mnt/c/Users/Victor/Desktop/Final_Semester/data-engineering-final-semester-portfolio/airflow/dags/first_dag.py for tasks to queue
[2024-07-15T11:10:35.215+0100] {logging_mixin.py:188} INFO - [2024-07-15T11:10:35.213+0100] {dagbag.py:545} INFO - Filling up the DagBag from /mnt/c/Users/Victor/Desktop/Final_Semester/data-engineering-final-semester-portfolio/airflow/dags/first_dag.py
[2024-07-15T11:10:35.291+0100] {logging_mixin.py:188} INFO - [2024-07-15T11:10:35.288+0100] {dagbag.py:355} ERROR - Failed to import: /mnt/c/Users/Victor/Desktop/Final_Semester/data-engineering-final-semester-portfolio/airflow/dags/first_dag.py
Traceback (most recent call last):
  File "/home/victor/airflow_env/lib/python3.10/site-packages/airflow/models/dagbag.py", line 351, in parse
    loader.exec_module(new_module)
  File "<frozen importlib._bootstrap_external>", line 879, in exec_module
  File "<frozen importlib._bootstrap_external>", line 1017, in get_code
  File "<frozen importlib._bootstrap_external>", line 947, in source_to_code
  File "<frozen importlib._bootstrap>", line 241, in _call_with_frames_removed
  File "/mnt/c/Users/Victor/Desktop/Final_Semester/data-engineering-final-semester-portfolio/airflow/dags/first_dag.py", line 5
    from airflow 
                 ^
SyntaxError: invalid syntax
[2024-07-15T11:10:35.294+0100] {processor.py:842} WARNING - No viable dags retrieved from /mnt/c/Users/Victor/Desktop/Final_Semester/data-engineering-final-semester-portfolio/airflow/dags/first_dag.py
[2024-07-15T11:10:35.528+0100] {processor.py:183} INFO - Processing /mnt/c/Users/Victor/Desktop/Final_Semester/data-engineering-final-semester-portfolio/airflow/dags/first_dag.py took 0.356 seconds
[2024-07-15T11:10:46.656+0100] {processor.py:161} INFO - Started process (PID=41297) to work on /mnt/c/Users/Victor/Desktop/Final_Semester/data-engineering-final-semester-portfolio/airflow/dags/first_dag.py
[2024-07-15T11:10:46.663+0100] {processor.py:830} INFO - Processing file /mnt/c/Users/Victor/Desktop/Final_Semester/data-engineering-final-semester-portfolio/airflow/dags/first_dag.py for tasks to queue
[2024-07-15T11:10:46.673+0100] {logging_mixin.py:188} INFO - [2024-07-15T11:10:46.671+0100] {dagbag.py:545} INFO - Filling up the DagBag from /mnt/c/Users/Victor/Desktop/Final_Semester/data-engineering-final-semester-portfolio/airflow/dags/first_dag.py
[2024-07-15T11:10:46.764+0100] {logging_mixin.py:188} INFO - [2024-07-15T11:10:46.762+0100] {dagbag.py:355} ERROR - Failed to import: /mnt/c/Users/Victor/Desktop/Final_Semester/data-engineering-final-semester-portfolio/airflow/dags/first_dag.py
Traceback (most recent call last):
  File "/home/victor/airflow_env/lib/python3.10/site-packages/airflow/models/dagbag.py", line 351, in parse
    loader.exec_module(new_module)
  File "<frozen importlib._bootstrap_external>", line 879, in exec_module
  File "<frozen importlib._bootstrap_external>", line 1017, in get_code
  File "<frozen importlib._bootstrap_external>", line 947, in source_to_code
  File "<frozen importlib._bootstrap>", line 241, in _call_with_frames_removed
  File "/mnt/c/Users/Victor/Desktop/Final_Semester/data-engineering-final-semester-portfolio/airflow/dags/first_dag.py", line 5
    from airflow 
                 ^
SyntaxError: invalid syntax
[2024-07-15T11:10:46.767+0100] {processor.py:842} WARNING - No viable dags retrieved from /mnt/c/Users/Victor/Desktop/Final_Semester/data-engineering-final-semester-portfolio/airflow/dags/first_dag.py
[2024-07-15T11:10:47.129+0100] {processor.py:183} INFO - Processing /mnt/c/Users/Victor/Desktop/Final_Semester/data-engineering-final-semester-portfolio/airflow/dags/first_dag.py took 0.508 seconds
[2024-07-15T11:11:18.416+0100] {processor.py:161} INFO - Started process (PID=41448) to work on /mnt/c/Users/Victor/Desktop/Final_Semester/data-engineering-final-semester-portfolio/airflow/dags/first_dag.py
[2024-07-15T11:11:18.422+0100] {processor.py:830} INFO - Processing file /mnt/c/Users/Victor/Desktop/Final_Semester/data-engineering-final-semester-portfolio/airflow/dags/first_dag.py for tasks to queue
[2024-07-15T11:11:18.430+0100] {logging_mixin.py:188} INFO - [2024-07-15T11:11:18.429+0100] {dagbag.py:545} INFO - Filling up the DagBag from /mnt/c/Users/Victor/Desktop/Final_Semester/data-engineering-final-semester-portfolio/airflow/dags/first_dag.py
[2024-07-15T11:11:18.507+0100] {logging_mixin.py:188} INFO - [2024-07-15T11:11:18.504+0100] {dagbag.py:355} ERROR - Failed to import: /mnt/c/Users/Victor/Desktop/Final_Semester/data-engineering-final-semester-portfolio/airflow/dags/first_dag.py
Traceback (most recent call last):
  File "/home/victor/airflow_env/lib/python3.10/site-packages/airflow/models/dagbag.py", line 351, in parse
    loader.exec_module(new_module)
  File "<frozen importlib._bootstrap_external>", line 879, in exec_module
  File "<frozen importlib._bootstrap_external>", line 1017, in get_code
  File "<frozen importlib._bootstrap_external>", line 947, in source_to_code
  File "<frozen importlib._bootstrap>", line 241, in _call_with_frames_removed
  File "/mnt/c/Users/Victor/Desktop/Final_Semester/data-engineering-final-semester-portfolio/airflow/dags/first_dag.py", line 5
    from airflow 
                 ^
SyntaxError: invalid syntax
[2024-07-15T11:11:18.510+0100] {processor.py:842} WARNING - No viable dags retrieved from /mnt/c/Users/Victor/Desktop/Final_Semester/data-engineering-final-semester-portfolio/airflow/dags/first_dag.py
[2024-07-15T11:11:19.184+0100] {processor.py:183} INFO - Processing /mnt/c/Users/Victor/Desktop/Final_Semester/data-engineering-final-semester-portfolio/airflow/dags/first_dag.py took 0.798 seconds
[2024-07-15T11:11:50.518+0100] {processor.py:161} INFO - Started process (PID=41615) to work on /mnt/c/Users/Victor/Desktop/Final_Semester/data-engineering-final-semester-portfolio/airflow/dags/first_dag.py
[2024-07-15T11:11:50.524+0100] {processor.py:830} INFO - Processing file /mnt/c/Users/Victor/Desktop/Final_Semester/data-engineering-final-semester-portfolio/airflow/dags/first_dag.py for tasks to queue
[2024-07-15T11:11:50.532+0100] {logging_mixin.py:188} INFO - [2024-07-15T11:11:50.530+0100] {dagbag.py:545} INFO - Filling up the DagBag from /mnt/c/Users/Victor/Desktop/Final_Semester/data-engineering-final-semester-portfolio/airflow/dags/first_dag.py
[2024-07-15T11:11:50.612+0100] {logging_mixin.py:188} INFO - [2024-07-15T11:11:50.609+0100] {dagbag.py:355} ERROR - Failed to import: /mnt/c/Users/Victor/Desktop/Final_Semester/data-engineering-final-semester-portfolio/airflow/dags/first_dag.py
Traceback (most recent call last):
  File "/home/victor/airflow_env/lib/python3.10/site-packages/airflow/models/dagbag.py", line 351, in parse
    loader.exec_module(new_module)
  File "<frozen importlib._bootstrap_external>", line 879, in exec_module
  File "<frozen importlib._bootstrap_external>", line 1017, in get_code
  File "<frozen importlib._bootstrap_external>", line 947, in source_to_code
  File "<frozen importlib._bootstrap>", line 241, in _call_with_frames_removed
  File "/mnt/c/Users/Victor/Desktop/Final_Semester/data-engineering-final-semester-portfolio/airflow/dags/first_dag.py", line 5
    from airflow 
                 ^
SyntaxError: invalid syntax
[2024-07-15T11:11:50.615+0100] {processor.py:842} WARNING - No viable dags retrieved from /mnt/c/Users/Victor/Desktop/Final_Semester/data-engineering-final-semester-portfolio/airflow/dags/first_dag.py
[2024-07-15T11:11:50.831+0100] {processor.py:183} INFO - Processing /mnt/c/Users/Victor/Desktop/Final_Semester/data-engineering-final-semester-portfolio/airflow/dags/first_dag.py took 0.349 seconds
[2024-07-15T11:12:22.024+0100] {processor.py:161} INFO - Started process (PID=41795) to work on /mnt/c/Users/Victor/Desktop/Final_Semester/data-engineering-final-semester-portfolio/airflow/dags/first_dag.py
[2024-07-15T11:12:22.036+0100] {processor.py:830} INFO - Processing file /mnt/c/Users/Victor/Desktop/Final_Semester/data-engineering-final-semester-portfolio/airflow/dags/first_dag.py for tasks to queue
[2024-07-15T11:12:22.048+0100] {logging_mixin.py:188} INFO - [2024-07-15T11:12:22.045+0100] {dagbag.py:545} INFO - Filling up the DagBag from /mnt/c/Users/Victor/Desktop/Final_Semester/data-engineering-final-semester-portfolio/airflow/dags/first_dag.py
[2024-07-15T11:12:22.141+0100] {logging_mixin.py:188} INFO - [2024-07-15T11:12:22.137+0100] {dagbag.py:355} ERROR - Failed to import: /mnt/c/Users/Victor/Desktop/Final_Semester/data-engineering-final-semester-portfolio/airflow/dags/first_dag.py
Traceback (most recent call last):
  File "/home/victor/airflow_env/lib/python3.10/site-packages/airflow/models/dagbag.py", line 351, in parse
    loader.exec_module(new_module)
  File "<frozen importlib._bootstrap_external>", line 879, in exec_module
  File "<frozen importlib._bootstrap_external>", line 1017, in get_code
  File "<frozen importlib._bootstrap_external>", line 947, in source_to_code
  File "<frozen importlib._bootstrap>", line 241, in _call_with_frames_removed
  File "/mnt/c/Users/Victor/Desktop/Final_Semester/data-engineering-final-semester-portfolio/airflow/dags/first_dag.py", line 5
    from airflow 
                 ^
SyntaxError: invalid syntax
[2024-07-15T11:12:22.143+0100] {processor.py:842} WARNING - No viable dags retrieved from /mnt/c/Users/Victor/Desktop/Final_Semester/data-engineering-final-semester-portfolio/airflow/dags/first_dag.py
[2024-07-15T11:12:22.518+0100] {processor.py:183} INFO - Processing /mnt/c/Users/Victor/Desktop/Final_Semester/data-engineering-final-semester-portfolio/airflow/dags/first_dag.py took 0.560 seconds
[2024-07-15T11:12:54.175+0100] {processor.py:161} INFO - Started process (PID=41944) to work on /mnt/c/Users/Victor/Desktop/Final_Semester/data-engineering-final-semester-portfolio/airflow/dags/first_dag.py
[2024-07-15T11:12:54.179+0100] {processor.py:830} INFO - Processing file /mnt/c/Users/Victor/Desktop/Final_Semester/data-engineering-final-semester-portfolio/airflow/dags/first_dag.py for tasks to queue
[2024-07-15T11:12:54.186+0100] {logging_mixin.py:188} INFO - [2024-07-15T11:12:54.184+0100] {dagbag.py:545} INFO - Filling up the DagBag from /mnt/c/Users/Victor/Desktop/Final_Semester/data-engineering-final-semester-portfolio/airflow/dags/first_dag.py
[2024-07-15T11:12:54.261+0100] {logging_mixin.py:188} INFO - [2024-07-15T11:12:54.255+0100] {dagbag.py:355} ERROR - Failed to import: /mnt/c/Users/Victor/Desktop/Final_Semester/data-engineering-final-semester-portfolio/airflow/dags/first_dag.py
Traceback (most recent call last):
  File "/home/victor/airflow_env/lib/python3.10/site-packages/airflow/models/dagbag.py", line 351, in parse
    loader.exec_module(new_module)
  File "<frozen importlib._bootstrap_external>", line 879, in exec_module
  File "<frozen importlib._bootstrap_external>", line 1017, in get_code
  File "<frozen importlib._bootstrap_external>", line 947, in source_to_code
  File "<frozen importlib._bootstrap>", line 241, in _call_with_frames_removed
  File "/mnt/c/Users/Victor/Desktop/Final_Semester/data-engineering-final-semester-portfolio/airflow/dags/first_dag.py", line 5
    from airflow 
                 ^
SyntaxError: invalid syntax
[2024-07-15T11:12:54.263+0100] {processor.py:842} WARNING - No viable dags retrieved from /mnt/c/Users/Victor/Desktop/Final_Semester/data-engineering-final-semester-portfolio/airflow/dags/first_dag.py
[2024-07-15T11:12:54.502+0100] {processor.py:183} INFO - Processing /mnt/c/Users/Victor/Desktop/Final_Semester/data-engineering-final-semester-portfolio/airflow/dags/first_dag.py took 0.358 seconds
[2024-07-15T11:13:25.335+0100] {processor.py:161} INFO - Started process (PID=42090) to work on /mnt/c/Users/Victor/Desktop/Final_Semester/data-engineering-final-semester-portfolio/airflow/dags/first_dag.py
[2024-07-15T11:13:25.339+0100] {processor.py:830} INFO - Processing file /mnt/c/Users/Victor/Desktop/Final_Semester/data-engineering-final-semester-portfolio/airflow/dags/first_dag.py for tasks to queue
[2024-07-15T11:13:25.350+0100] {logging_mixin.py:188} INFO - [2024-07-15T11:13:25.349+0100] {dagbag.py:545} INFO - Filling up the DagBag from /mnt/c/Users/Victor/Desktop/Final_Semester/data-engineering-final-semester-portfolio/airflow/dags/first_dag.py
[2024-07-15T11:13:25.432+0100] {logging_mixin.py:188} INFO - [2024-07-15T11:13:25.429+0100] {dagbag.py:355} ERROR - Failed to import: /mnt/c/Users/Victor/Desktop/Final_Semester/data-engineering-final-semester-portfolio/airflow/dags/first_dag.py
Traceback (most recent call last):
  File "/home/victor/airflow_env/lib/python3.10/site-packages/airflow/models/dagbag.py", line 351, in parse
    loader.exec_module(new_module)
  File "<frozen importlib._bootstrap_external>", line 879, in exec_module
  File "<frozen importlib._bootstrap_external>", line 1017, in get_code
  File "<frozen importlib._bootstrap_external>", line 947, in source_to_code
  File "<frozen importlib._bootstrap>", line 241, in _call_with_frames_removed
  File "/mnt/c/Users/Victor/Desktop/Final_Semester/data-engineering-final-semester-portfolio/airflow/dags/first_dag.py", line 5
    from airflow 
                 ^
SyntaxError: invalid syntax
[2024-07-15T11:13:25.434+0100] {processor.py:842} WARNING - No viable dags retrieved from /mnt/c/Users/Victor/Desktop/Final_Semester/data-engineering-final-semester-portfolio/airflow/dags/first_dag.py
[2024-07-15T11:13:25.671+0100] {processor.py:183} INFO - Processing /mnt/c/Users/Victor/Desktop/Final_Semester/data-engineering-final-semester-portfolio/airflow/dags/first_dag.py took 0.369 seconds
[2024-07-15T11:13:48.937+0100] {processor.py:161} INFO - Started process (PID=42215) to work on /mnt/c/Users/Victor/Desktop/Final_Semester/data-engineering-final-semester-portfolio/airflow/dags/first_dag.py
[2024-07-15T11:13:48.942+0100] {processor.py:830} INFO - Processing file /mnt/c/Users/Victor/Desktop/Final_Semester/data-engineering-final-semester-portfolio/airflow/dags/first_dag.py for tasks to queue
[2024-07-15T11:13:48.950+0100] {logging_mixin.py:188} INFO - [2024-07-15T11:13:48.949+0100] {dagbag.py:545} INFO - Filling up the DagBag from /mnt/c/Users/Victor/Desktop/Final_Semester/data-engineering-final-semester-portfolio/airflow/dags/first_dag.py
[2024-07-15T11:13:49.019+0100] {logging_mixin.py:188} INFO - [2024-07-15T11:13:49.016+0100] {dagbag.py:355} ERROR - Failed to import: /mnt/c/Users/Victor/Desktop/Final_Semester/data-engineering-final-semester-portfolio/airflow/dags/first_dag.py
Traceback (most recent call last):
  File "/home/victor/airflow_env/lib/python3.10/site-packages/airflow/models/dagbag.py", line 351, in parse
    loader.exec_module(new_module)
  File "<frozen importlib._bootstrap_external>", line 879, in exec_module
  File "<frozen importlib._bootstrap_external>", line 1017, in get_code
  File "<frozen importlib._bootstrap_external>", line 947, in source_to_code
  File "<frozen importlib._bootstrap>", line 241, in _call_with_frames_removed
  File "/mnt/c/Users/Victor/Desktop/Final_Semester/data-engineering-final-semester-portfolio/airflow/dags/first_dag.py", line 5
    from airflow
                ^
SyntaxError: invalid syntax
[2024-07-15T11:13:49.021+0100] {processor.py:842} WARNING - No viable dags retrieved from /mnt/c/Users/Victor/Desktop/Final_Semester/data-engineering-final-semester-portfolio/airflow/dags/first_dag.py
[2024-07-15T11:13:49.357+0100] {processor.py:183} INFO - Processing /mnt/c/Users/Victor/Desktop/Final_Semester/data-engineering-final-semester-portfolio/airflow/dags/first_dag.py took 0.454 seconds
[2024-07-15T11:13:52.630+0100] {processor.py:161} INFO - Started process (PID=42233) to work on /mnt/c/Users/Victor/Desktop/Final_Semester/data-engineering-final-semester-portfolio/airflow/dags/first_dag.py
[2024-07-15T11:13:52.646+0100] {processor.py:830} INFO - Processing file /mnt/c/Users/Victor/Desktop/Final_Semester/data-engineering-final-semester-portfolio/airflow/dags/first_dag.py for tasks to queue
[2024-07-15T11:13:52.662+0100] {logging_mixin.py:188} INFO - [2024-07-15T11:13:52.654+0100] {dagbag.py:545} INFO - Filling up the DagBag from /mnt/c/Users/Victor/Desktop/Final_Semester/data-engineering-final-semester-portfolio/airflow/dags/first_dag.py
[2024-07-15T11:13:52.823+0100] {logging_mixin.py:188} INFO - [2024-07-15T11:13:52.815+0100] {dagbag.py:355} ERROR - Failed to import: /mnt/c/Users/Victor/Desktop/Final_Semester/data-engineering-final-semester-portfolio/airflow/dags/first_dag.py
Traceback (most recent call last):
  File "/home/victor/airflow_env/lib/python3.10/site-packages/airflow/models/dagbag.py", line 351, in parse
    loader.exec_module(new_module)
  File "<frozen importlib._bootstrap_external>", line 879, in exec_module
  File "<frozen importlib._bootstrap_external>", line 1017, in get_code
  File "<frozen importlib._bootstrap_external>", line 947, in source_to_code
  File "<frozen importlib._bootstrap>", line 241, in _call_with_frames_removed
  File "/mnt/c/Users/Victor/Desktop/Final_Semester/data-engineering-final-semester-portfolio/airflow/dags/first_dag.py", line 5
    from airflow.pro
                    ^
SyntaxError: invalid syntax
[2024-07-15T11:13:52.831+0100] {processor.py:842} WARNING - No viable dags retrieved from /mnt/c/Users/Victor/Desktop/Final_Semester/data-engineering-final-semester-portfolio/airflow/dags/first_dag.py
[2024-07-15T11:13:53.251+0100] {processor.py:183} INFO - Processing /mnt/c/Users/Victor/Desktop/Final_Semester/data-engineering-final-semester-portfolio/airflow/dags/first_dag.py took 0.741 seconds
[2024-07-15T11:13:55.824+0100] {processor.py:161} INFO - Started process (PID=42252) to work on /mnt/c/Users/Victor/Desktop/Final_Semester/data-engineering-final-semester-portfolio/airflow/dags/first_dag.py
[2024-07-15T11:13:55.831+0100] {processor.py:830} INFO - Processing file /mnt/c/Users/Victor/Desktop/Final_Semester/data-engineering-final-semester-portfolio/airflow/dags/first_dag.py for tasks to queue
[2024-07-15T11:13:55.841+0100] {logging_mixin.py:188} INFO - [2024-07-15T11:13:55.839+0100] {dagbag.py:545} INFO - Filling up the DagBag from /mnt/c/Users/Victor/Desktop/Final_Semester/data-engineering-final-semester-portfolio/airflow/dags/first_dag.py
[2024-07-15T11:13:55.992+0100] {logging_mixin.py:188} INFO - [2024-07-15T11:13:55.988+0100] {dagbag.py:355} ERROR - Failed to import: /mnt/c/Users/Victor/Desktop/Final_Semester/data-engineering-final-semester-portfolio/airflow/dags/first_dag.py
Traceback (most recent call last):
  File "/home/victor/airflow_env/lib/python3.10/site-packages/airflow/models/dagbag.py", line 351, in parse
    loader.exec_module(new_module)
  File "<frozen importlib._bootstrap_external>", line 879, in exec_module
  File "<frozen importlib._bootstrap_external>", line 1017, in get_code
  File "<frozen importlib._bootstrap_external>", line 947, in source_to_code
  File "<frozen importlib._bootstrap>", line 241, in _call_with_frames_removed
  File "/mnt/c/Users/Victor/Desktop/Final_Semester/data-engineering-final-semester-portfolio/airflow/dags/first_dag.py", line 5
    from airflow.providers.h
                            ^
SyntaxError: invalid syntax
[2024-07-15T11:13:55.996+0100] {processor.py:842} WARNING - No viable dags retrieved from /mnt/c/Users/Victor/Desktop/Final_Semester/data-engineering-final-semester-portfolio/airflow/dags/first_dag.py
[2024-07-15T11:13:56.387+0100] {processor.py:183} INFO - Processing /mnt/c/Users/Victor/Desktop/Final_Semester/data-engineering-final-semester-portfolio/airflow/dags/first_dag.py took 0.602 seconds
[2024-07-15T11:13:59.518+0100] {processor.py:161} INFO - Started process (PID=42269) to work on /mnt/c/Users/Victor/Desktop/Final_Semester/data-engineering-final-semester-portfolio/airflow/dags/first_dag.py
[2024-07-15T11:13:59.522+0100] {processor.py:830} INFO - Processing file /mnt/c/Users/Victor/Desktop/Final_Semester/data-engineering-final-semester-portfolio/airflow/dags/first_dag.py for tasks to queue
[2024-07-15T11:13:59.533+0100] {logging_mixin.py:188} INFO - [2024-07-15T11:13:59.532+0100] {dagbag.py:545} INFO - Filling up the DagBag from /mnt/c/Users/Victor/Desktop/Final_Semester/data-engineering-final-semester-portfolio/airflow/dags/first_dag.py
[2024-07-15T11:13:59.650+0100] {logging_mixin.py:188} INFO - [2024-07-15T11:13:59.646+0100] {dagbag.py:355} ERROR - Failed to import: /mnt/c/Users/Victor/Desktop/Final_Semester/data-engineering-final-semester-portfolio/airflow/dags/first_dag.py
Traceback (most recent call last):
  File "/home/victor/airflow_env/lib/python3.10/site-packages/airflow/models/dagbag.py", line 351, in parse
    loader.exec_module(new_module)
  File "<frozen importlib._bootstrap_external>", line 879, in exec_module
  File "<frozen importlib._bootstrap_external>", line 1017, in get_code
  File "<frozen importlib._bootstrap_external>", line 947, in source_to_code
  File "<frozen importlib._bootstrap>", line 241, in _call_with_frames_removed
  File "/mnt/c/Users/Victor/Desktop/Final_Semester/data-engineering-final-semester-portfolio/airflow/dags/first_dag.py", line 5
    from airflow.providers.http.o
                                 ^
SyntaxError: invalid syntax
[2024-07-15T11:13:59.653+0100] {processor.py:842} WARNING - No viable dags retrieved from /mnt/c/Users/Victor/Desktop/Final_Semester/data-engineering-final-semester-portfolio/airflow/dags/first_dag.py
[2024-07-15T11:14:00.170+0100] {processor.py:183} INFO - Processing /mnt/c/Users/Victor/Desktop/Final_Semester/data-engineering-final-semester-portfolio/airflow/dags/first_dag.py took 0.718 seconds
[2024-07-15T11:14:02.416+0100] {processor.py:161} INFO - Started process (PID=42290) to work on /mnt/c/Users/Victor/Desktop/Final_Semester/data-engineering-final-semester-portfolio/airflow/dags/first_dag.py
[2024-07-15T11:14:02.422+0100] {processor.py:830} INFO - Processing file /mnt/c/Users/Victor/Desktop/Final_Semester/data-engineering-final-semester-portfolio/airflow/dags/first_dag.py for tasks to queue
[2024-07-15T11:14:02.442+0100] {logging_mixin.py:188} INFO - [2024-07-15T11:14:02.440+0100] {dagbag.py:545} INFO - Filling up the DagBag from /mnt/c/Users/Victor/Desktop/Final_Semester/data-engineering-final-semester-portfolio/airflow/dags/first_dag.py
[2024-07-15T11:14:02.541+0100] {logging_mixin.py:188} INFO - [2024-07-15T11:14:02.538+0100] {dagbag.py:355} ERROR - Failed to import: /mnt/c/Users/Victor/Desktop/Final_Semester/data-engineering-final-semester-portfolio/airflow/dags/first_dag.py
Traceback (most recent call last):
  File "/home/victor/airflow_env/lib/python3.10/site-packages/airflow/models/dagbag.py", line 351, in parse
    loader.exec_module(new_module)
  File "<frozen importlib._bootstrap_external>", line 879, in exec_module
  File "<frozen importlib._bootstrap_external>", line 1017, in get_code
  File "<frozen importlib._bootstrap_external>", line 947, in source_to_code
  File "<frozen importlib._bootstrap>", line 241, in _call_with_frames_removed
  File "/mnt/c/Users/Victor/Desktop/Final_Semester/data-engineering-final-semester-portfolio/airflow/dags/first_dag.py", line 5
    from airflow.providers.http.operators
                                         ^
SyntaxError: invalid syntax
[2024-07-15T11:14:02.544+0100] {processor.py:842} WARNING - No viable dags retrieved from /mnt/c/Users/Victor/Desktop/Final_Semester/data-engineering-final-semester-portfolio/airflow/dags/first_dag.py
[2024-07-15T11:14:02.788+0100] {processor.py:183} INFO - Processing /mnt/c/Users/Victor/Desktop/Final_Semester/data-engineering-final-semester-portfolio/airflow/dags/first_dag.py took 0.412 seconds
[2024-07-15T11:14:07.940+0100] {processor.py:161} INFO - Started process (PID=42320) to work on /mnt/c/Users/Victor/Desktop/Final_Semester/data-engineering-final-semester-portfolio/airflow/dags/first_dag.py
[2024-07-15T11:14:07.946+0100] {processor.py:830} INFO - Processing file /mnt/c/Users/Victor/Desktop/Final_Semester/data-engineering-final-semester-portfolio/airflow/dags/first_dag.py for tasks to queue
[2024-07-15T11:14:07.964+0100] {logging_mixin.py:188} INFO - [2024-07-15T11:14:07.960+0100] {dagbag.py:545} INFO - Filling up the DagBag from /mnt/c/Users/Victor/Desktop/Final_Semester/data-engineering-final-semester-portfolio/airflow/dags/first_dag.py
[2024-07-15T11:14:08.147+0100] {logging_mixin.py:188} INFO - [2024-07-15T11:14:08.140+0100] {dagbag.py:355} ERROR - Failed to import: /mnt/c/Users/Victor/Desktop/Final_Semester/data-engineering-final-semester-portfolio/airflow/dags/first_dag.py
Traceback (most recent call last):
  File "/home/victor/airflow_env/lib/python3.10/site-packages/airflow/models/dagbag.py", line 351, in parse
    loader.exec_module(new_module)
  File "<frozen importlib._bootstrap_external>", line 879, in exec_module
  File "<frozen importlib._bootstrap_external>", line 1017, in get_code
  File "<frozen importlib._bootstrap_external>", line 947, in source_to_code
  File "<frozen importlib._bootstrap>", line 241, in _call_with_frames_removed
  File "/mnt/c/Users/Victor/Desktop/Final_Semester/data-engineering-final-semester-portfolio/airflow/dags/first_dag.py", line 5
    from airflow.providers.http.operators.http im
                                               ^^
SyntaxError: invalid syntax
[2024-07-15T11:14:08.150+0100] {processor.py:842} WARNING - No viable dags retrieved from /mnt/c/Users/Victor/Desktop/Final_Semester/data-engineering-final-semester-portfolio/airflow/dags/first_dag.py
[2024-07-15T11:14:08.554+0100] {processor.py:183} INFO - Processing /mnt/c/Users/Victor/Desktop/Final_Semester/data-engineering-final-semester-portfolio/airflow/dags/first_dag.py took 0.658 seconds
[2024-07-15T11:14:10.802+0100] {processor.py:161} INFO - Started process (PID=42334) to work on /mnt/c/Users/Victor/Desktop/Final_Semester/data-engineering-final-semester-portfolio/airflow/dags/first_dag.py
[2024-07-15T11:14:10.808+0100] {processor.py:830} INFO - Processing file /mnt/c/Users/Victor/Desktop/Final_Semester/data-engineering-final-semester-portfolio/airflow/dags/first_dag.py for tasks to queue
[2024-07-15T11:14:10.819+0100] {logging_mixin.py:188} INFO - [2024-07-15T11:14:10.816+0100] {dagbag.py:545} INFO - Filling up the DagBag from /mnt/c/Users/Victor/Desktop/Final_Semester/data-engineering-final-semester-portfolio/airflow/dags/first_dag.py
[2024-07-15T11:14:10.918+0100] {logging_mixin.py:188} INFO - [2024-07-15T11:14:10.915+0100] {dagbag.py:355} ERROR - Failed to import: /mnt/c/Users/Victor/Desktop/Final_Semester/data-engineering-final-semester-portfolio/airflow/dags/first_dag.py
Traceback (most recent call last):
  File "/home/victor/airflow_env/lib/python3.10/site-packages/airflow/models/dagbag.py", line 351, in parse
    loader.exec_module(new_module)
  File "<frozen importlib._bootstrap_external>", line 879, in exec_module
  File "<frozen importlib._bootstrap_external>", line 1017, in get_code
  File "<frozen importlib._bootstrap_external>", line 947, in source_to_code
  File "<frozen importlib._bootstrap>", line 241, in _call_with_frames_removed
  File "/mnt/c/Users/Victor/Desktop/Final_Semester/data-engineering-final-semester-portfolio/airflow/dags/first_dag.py", line 5
    from airflow.providers.http.operators.http import 
                                                      ^
SyntaxError: invalid syntax
[2024-07-15T11:14:10.920+0100] {processor.py:842} WARNING - No viable dags retrieved from /mnt/c/Users/Victor/Desktop/Final_Semester/data-engineering-final-semester-portfolio/airflow/dags/first_dag.py
[2024-07-15T11:14:11.169+0100] {processor.py:183} INFO - Processing /mnt/c/Users/Victor/Desktop/Final_Semester/data-engineering-final-semester-portfolio/airflow/dags/first_dag.py took 0.413 seconds
[2024-07-15T11:14:15.624+0100] {processor.py:161} INFO - Started process (PID=42362) to work on /mnt/c/Users/Victor/Desktop/Final_Semester/data-engineering-final-semester-portfolio/airflow/dags/first_dag.py
[2024-07-15T11:14:15.631+0100] {processor.py:830} INFO - Processing file /mnt/c/Users/Victor/Desktop/Final_Semester/data-engineering-final-semester-portfolio/airflow/dags/first_dag.py for tasks to queue
[2024-07-15T11:14:15.642+0100] {logging_mixin.py:188} INFO - [2024-07-15T11:14:15.637+0100] {dagbag.py:545} INFO - Filling up the DagBag from /mnt/c/Users/Victor/Desktop/Final_Semester/data-engineering-final-semester-portfolio/airflow/dags/first_dag.py
[2024-07-15T11:14:15.775+0100] {logging_mixin.py:188} INFO - [2024-07-15T11:14:15.759+0100] {dagbag.py:355} ERROR - Failed to import: /mnt/c/Users/Victor/Desktop/Final_Semester/data-engineering-final-semester-portfolio/airflow/dags/first_dag.py
Traceback (most recent call last):
  File "/home/victor/airflow_env/lib/python3.10/site-packages/airflow/models/dagbag.py", line 351, in parse
    loader.exec_module(new_module)
  File "<frozen importlib._bootstrap_external>", line 883, in exec_module
  File "<frozen importlib._bootstrap>", line 241, in _call_with_frames_removed
  File "/mnt/c/Users/Victor/Desktop/Final_Semester/data-engineering-final-semester-portfolio/airflow/dags/first_dag.py", line 5, in <module>
    from airflow.providers.http.operators.http import Simple
ImportError: cannot import name 'Simple' from 'airflow.providers.http.operators.http' (/home/victor/airflow_env/lib/python3.10/site-packages/airflow/providers/http/operators/http.py)
[2024-07-15T11:14:15.784+0100] {processor.py:842} WARNING - No viable dags retrieved from /mnt/c/Users/Victor/Desktop/Final_Semester/data-engineering-final-semester-portfolio/airflow/dags/first_dag.py
[2024-07-15T11:14:16.067+0100] {processor.py:183} INFO - Processing /mnt/c/Users/Victor/Desktop/Final_Semester/data-engineering-final-semester-portfolio/airflow/dags/first_dag.py took 0.491 seconds
[2024-07-15T11:14:18.384+0100] {processor.py:161} INFO - Started process (PID=42375) to work on /mnt/c/Users/Victor/Desktop/Final_Semester/data-engineering-final-semester-portfolio/airflow/dags/first_dag.py
[2024-07-15T11:14:18.389+0100] {processor.py:830} INFO - Processing file /mnt/c/Users/Victor/Desktop/Final_Semester/data-engineering-final-semester-portfolio/airflow/dags/first_dag.py for tasks to queue
[2024-07-15T11:14:18.403+0100] {logging_mixin.py:188} INFO - [2024-07-15T11:14:18.402+0100] {dagbag.py:545} INFO - Filling up the DagBag from /mnt/c/Users/Victor/Desktop/Final_Semester/data-engineering-final-semester-portfolio/airflow/dags/first_dag.py
[2024-07-15T11:14:18.564+0100] {logging_mixin.py:188} INFO - [2024-07-15T11:14:18.534+0100] {dagbag.py:355} ERROR - Failed to import: /mnt/c/Users/Victor/Desktop/Final_Semester/data-engineering-final-semester-portfolio/airflow/dags/first_dag.py
Traceback (most recent call last):
  File "/home/victor/airflow_env/lib/python3.10/site-packages/airflow/models/dagbag.py", line 351, in parse
    loader.exec_module(new_module)
  File "<frozen importlib._bootstrap_external>", line 883, in exec_module
  File "<frozen importlib._bootstrap>", line 241, in _call_with_frames_removed
  File "/mnt/c/Users/Victor/Desktop/Final_Semester/data-engineering-final-semester-portfolio/airflow/dags/first_dag.py", line 5, in <module>
    from airflow.providers.http.operators.http import SimpleHtt
ImportError: cannot import name 'SimpleHtt' from 'airflow.providers.http.operators.http' (/home/victor/airflow_env/lib/python3.10/site-packages/airflow/providers/http/operators/http.py)
[2024-07-15T11:14:18.585+0100] {processor.py:842} WARNING - No viable dags retrieved from /mnt/c/Users/Victor/Desktop/Final_Semester/data-engineering-final-semester-portfolio/airflow/dags/first_dag.py
[2024-07-15T11:14:18.907+0100] {processor.py:183} INFO - Processing /mnt/c/Users/Victor/Desktop/Final_Semester/data-engineering-final-semester-portfolio/airflow/dags/first_dag.py took 0.566 seconds
[2024-07-15T11:14:22.564+0100] {processor.py:161} INFO - Started process (PID=42399) to work on /mnt/c/Users/Victor/Desktop/Final_Semester/data-engineering-final-semester-portfolio/airflow/dags/first_dag.py
[2024-07-15T11:14:22.569+0100] {processor.py:830} INFO - Processing file /mnt/c/Users/Victor/Desktop/Final_Semester/data-engineering-final-semester-portfolio/airflow/dags/first_dag.py for tasks to queue
[2024-07-15T11:14:22.583+0100] {logging_mixin.py:188} INFO - [2024-07-15T11:14:22.580+0100] {dagbag.py:545} INFO - Filling up the DagBag from /mnt/c/Users/Victor/Desktop/Final_Semester/data-engineering-final-semester-portfolio/airflow/dags/first_dag.py
[2024-07-15T11:14:22.731+0100] {processor.py:842} WARNING - No viable dags retrieved from /mnt/c/Users/Victor/Desktop/Final_Semester/data-engineering-final-semester-portfolio/airflow/dags/first_dag.py
[2024-07-15T11:14:23.002+0100] {processor.py:183} INFO - Processing /mnt/c/Users/Victor/Desktop/Final_Semester/data-engineering-final-semester-portfolio/airflow/dags/first_dag.py took 0.478 seconds
[2024-07-15T11:14:54.117+0100] {processor.py:161} INFO - Started process (PID=42565) to work on /mnt/c/Users/Victor/Desktop/Final_Semester/data-engineering-final-semester-portfolio/airflow/dags/first_dag.py
[2024-07-15T11:14:54.132+0100] {processor.py:830} INFO - Processing file /mnt/c/Users/Victor/Desktop/Final_Semester/data-engineering-final-semester-portfolio/airflow/dags/first_dag.py for tasks to queue
[2024-07-15T11:14:54.142+0100] {logging_mixin.py:188} INFO - [2024-07-15T11:14:54.140+0100] {dagbag.py:545} INFO - Filling up the DagBag from /mnt/c/Users/Victor/Desktop/Final_Semester/data-engineering-final-semester-portfolio/airflow/dags/first_dag.py
[2024-07-15T11:14:54.210+0100] {processor.py:842} WARNING - No viable dags retrieved from /mnt/c/Users/Victor/Desktop/Final_Semester/data-engineering-final-semester-portfolio/airflow/dags/first_dag.py
[2024-07-15T11:14:54.351+0100] {processor.py:183} INFO - Processing /mnt/c/Users/Victor/Desktop/Final_Semester/data-engineering-final-semester-portfolio/airflow/dags/first_dag.py took 0.298 seconds
[2024-07-15T11:15:24.853+0100] {processor.py:161} INFO - Started process (PID=42720) to work on /mnt/c/Users/Victor/Desktop/Final_Semester/data-engineering-final-semester-portfolio/airflow/dags/first_dag.py
[2024-07-15T11:15:24.857+0100] {processor.py:830} INFO - Processing file /mnt/c/Users/Victor/Desktop/Final_Semester/data-engineering-final-semester-portfolio/airflow/dags/first_dag.py for tasks to queue
[2024-07-15T11:15:24.871+0100] {logging_mixin.py:188} INFO - [2024-07-15T11:15:24.869+0100] {dagbag.py:545} INFO - Filling up the DagBag from /mnt/c/Users/Victor/Desktop/Final_Semester/data-engineering-final-semester-portfolio/airflow/dags/first_dag.py
[2024-07-15T11:15:24.925+0100] {processor.py:842} WARNING - No viable dags retrieved from /mnt/c/Users/Victor/Desktop/Final_Semester/data-engineering-final-semester-portfolio/airflow/dags/first_dag.py
[2024-07-15T11:15:24.994+0100] {processor.py:183} INFO - Processing /mnt/c/Users/Victor/Desktop/Final_Semester/data-engineering-final-semester-portfolio/airflow/dags/first_dag.py took 0.168 seconds
[2024-07-15T11:15:56.198+0100] {processor.py:161} INFO - Started process (PID=42959) to work on /mnt/c/Users/Victor/Desktop/Final_Semester/data-engineering-final-semester-portfolio/airflow/dags/first_dag.py
[2024-07-15T11:15:56.203+0100] {processor.py:830} INFO - Processing file /mnt/c/Users/Victor/Desktop/Final_Semester/data-engineering-final-semester-portfolio/airflow/dags/first_dag.py for tasks to queue
[2024-07-15T11:15:56.216+0100] {logging_mixin.py:188} INFO - [2024-07-15T11:15:56.212+0100] {dagbag.py:545} INFO - Filling up the DagBag from /mnt/c/Users/Victor/Desktop/Final_Semester/data-engineering-final-semester-portfolio/airflow/dags/first_dag.py
[2024-07-15T11:15:56.277+0100] {processor.py:842} WARNING - No viable dags retrieved from /mnt/c/Users/Victor/Desktop/Final_Semester/data-engineering-final-semester-portfolio/airflow/dags/first_dag.py
[2024-07-15T11:15:56.361+0100] {processor.py:183} INFO - Processing /mnt/c/Users/Victor/Desktop/Final_Semester/data-engineering-final-semester-portfolio/airflow/dags/first_dag.py took 0.204 seconds
[2024-07-15T11:16:06.010+0100] {processor.py:161} INFO - Started process (PID=43082) to work on /mnt/c/Users/Victor/Desktop/Final_Semester/data-engineering-final-semester-portfolio/airflow/dags/first_dag.py
[2024-07-15T11:16:06.015+0100] {processor.py:830} INFO - Processing file /mnt/c/Users/Victor/Desktop/Final_Semester/data-engineering-final-semester-portfolio/airflow/dags/first_dag.py for tasks to queue
[2024-07-15T11:16:06.025+0100] {logging_mixin.py:188} INFO - [2024-07-15T11:16:06.023+0100] {dagbag.py:545} INFO - Filling up the DagBag from /mnt/c/Users/Victor/Desktop/Final_Semester/data-engineering-final-semester-portfolio/airflow/dags/first_dag.py
[2024-07-15T11:16:06.172+0100] {processor.py:842} WARNING - No viable dags retrieved from /mnt/c/Users/Victor/Desktop/Final_Semester/data-engineering-final-semester-portfolio/airflow/dags/first_dag.py
[2024-07-15T11:16:06.293+0100] {processor.py:183} INFO - Processing /mnt/c/Users/Victor/Desktop/Final_Semester/data-engineering-final-semester-portfolio/airflow/dags/first_dag.py took 0.370 seconds
[2024-07-15T11:16:12.289+0100] {processor.py:161} INFO - Started process (PID=43109) to work on /mnt/c/Users/Victor/Desktop/Final_Semester/data-engineering-final-semester-portfolio/airflow/dags/first_dag.py
[2024-07-15T11:16:12.322+0100] {processor.py:830} INFO - Processing file /mnt/c/Users/Victor/Desktop/Final_Semester/data-engineering-final-semester-portfolio/airflow/dags/first_dag.py for tasks to queue
[2024-07-15T11:16:12.345+0100] {logging_mixin.py:188} INFO - [2024-07-15T11:16:12.337+0100] {dagbag.py:545} INFO - Filling up the DagBag from /mnt/c/Users/Victor/Desktop/Final_Semester/data-engineering-final-semester-portfolio/airflow/dags/first_dag.py
[2024-07-15T11:16:12.547+0100] {logging_mixin.py:188} INFO - [2024-07-15T11:16:12.544+0100] {dagbag.py:355} ERROR - Failed to import: /mnt/c/Users/Victor/Desktop/Final_Semester/data-engineering-final-semester-portfolio/airflow/dags/first_dag.py
Traceback (most recent call last):
  File "/home/victor/airflow_env/lib/python3.10/site-packages/airflow/models/dagbag.py", line 351, in parse
    loader.exec_module(new_module)
  File "<frozen importlib._bootstrap_external>", line 879, in exec_module
  File "<frozen importlib._bootstrap_external>", line 1017, in get_code
  File "<frozen importlib._bootstrap_external>", line 947, in source_to_code
  File "<frozen importlib._bootstrap>", line 241, in _call_with_frames_removed
  File "/mnt/c/Users/Victor/Desktop/Final_Semester/data-engineering-final-semester-portfolio/airflow/dags/first_dag.py", line 8
    with DAG()
              ^
SyntaxError: expected ':'
[2024-07-15T11:16:12.551+0100] {processor.py:842} WARNING - No viable dags retrieved from /mnt/c/Users/Victor/Desktop/Final_Semester/data-engineering-final-semester-portfolio/airflow/dags/first_dag.py
[2024-07-15T11:16:12.971+0100] {processor.py:183} INFO - Processing /mnt/c/Users/Victor/Desktop/Final_Semester/data-engineering-final-semester-portfolio/airflow/dags/first_dag.py took 0.833 seconds
[2024-07-15T11:16:14.949+0100] {processor.py:161} INFO - Started process (PID=43125) to work on /mnt/c/Users/Victor/Desktop/Final_Semester/data-engineering-final-semester-portfolio/airflow/dags/first_dag.py
[2024-07-15T11:16:14.966+0100] {processor.py:830} INFO - Processing file /mnt/c/Users/Victor/Desktop/Final_Semester/data-engineering-final-semester-portfolio/airflow/dags/first_dag.py for tasks to queue
[2024-07-15T11:16:14.986+0100] {logging_mixin.py:188} INFO - [2024-07-15T11:16:14.984+0100] {dagbag.py:545} INFO - Filling up the DagBag from /mnt/c/Users/Victor/Desktop/Final_Semester/data-engineering-final-semester-portfolio/airflow/dags/first_dag.py
[2024-07-15T11:16:15.190+0100] {logging_mixin.py:188} INFO - [2024-07-15T11:16:15.186+0100] {dagbag.py:355} ERROR - Failed to import: /mnt/c/Users/Victor/Desktop/Final_Semester/data-engineering-final-semester-portfolio/airflow/dags/first_dag.py
Traceback (most recent call last):
  File "/home/victor/airflow_env/lib/python3.10/site-packages/airflow/models/dagbag.py", line 351, in parse
    loader.exec_module(new_module)
  File "<frozen importlib._bootstrap_external>", line 879, in exec_module
  File "<frozen importlib._bootstrap_external>", line 1017, in get_code
  File "<frozen importlib._bootstrap_external>", line 947, in source_to_code
  File "<frozen importlib._bootstrap>", line 241, in _call_with_frames_removed
  File "/mnt/c/Users/Victor/Desktop/Final_Semester/data-engineering-final-semester-portfolio/airflow/dags/first_dag.py", line 8
    with DAG() as dag
                     ^
SyntaxError: expected ':'
[2024-07-15T11:16:15.194+0100] {processor.py:842} WARNING - No viable dags retrieved from /mnt/c/Users/Victor/Desktop/Final_Semester/data-engineering-final-semester-portfolio/airflow/dags/first_dag.py
[2024-07-15T11:16:16.160+0100] {processor.py:183} INFO - Processing /mnt/c/Users/Victor/Desktop/Final_Semester/data-engineering-final-semester-portfolio/airflow/dags/first_dag.py took 1.288 seconds
[2024-07-15T11:16:19.242+0100] {processor.py:161} INFO - Started process (PID=43142) to work on /mnt/c/Users/Victor/Desktop/Final_Semester/data-engineering-final-semester-portfolio/airflow/dags/first_dag.py
[2024-07-15T11:16:19.257+0100] {processor.py:830} INFO - Processing file /mnt/c/Users/Victor/Desktop/Final_Semester/data-engineering-final-semester-portfolio/airflow/dags/first_dag.py for tasks to queue
[2024-07-15T11:16:19.272+0100] {logging_mixin.py:188} INFO - [2024-07-15T11:16:19.270+0100] {dagbag.py:545} INFO - Filling up the DagBag from /mnt/c/Users/Victor/Desktop/Final_Semester/data-engineering-final-semester-portfolio/airflow/dags/first_dag.py
[2024-07-15T11:16:19.492+0100] {logging_mixin.py:188} INFO - [2024-07-15T11:16:19.489+0100] {dagbag.py:355} ERROR - Failed to import: /mnt/c/Users/Victor/Desktop/Final_Semester/data-engineering-final-semester-portfolio/airflow/dags/first_dag.py
Traceback (most recent call last):
  File "/home/victor/airflow_env/lib/python3.10/site-packages/airflow/models/dagbag.py", line 351, in parse
    loader.exec_module(new_module)
  File "<frozen importlib._bootstrap_external>", line 879, in exec_module
  File "<frozen importlib._bootstrap_external>", line 1017, in get_code
  File "<frozen importlib._bootstrap_external>", line 947, in source_to_code
  File "<frozen importlib._bootstrap>", line 241, in _call_with_frames_removed
  File "/mnt/c/Users/Victor/Desktop/Final_Semester/data-engineering-final-semester-portfolio/airflow/dags/first_dag.py", line 9
    
    ^
IndentationError: expected an indented block after 'with' statement on line 8
[2024-07-15T11:16:19.494+0100] {processor.py:842} WARNING - No viable dags retrieved from /mnt/c/Users/Victor/Desktop/Final_Semester/data-engineering-final-semester-portfolio/airflow/dags/first_dag.py
[2024-07-15T11:16:19.892+0100] {processor.py:183} INFO - Processing /mnt/c/Users/Victor/Desktop/Final_Semester/data-engineering-final-semester-portfolio/airflow/dags/first_dag.py took 0.790 seconds
[2024-07-15T11:16:26.341+0100] {processor.py:161} INFO - Started process (PID=43176) to work on /mnt/c/Users/Victor/Desktop/Final_Semester/data-engineering-final-semester-portfolio/airflow/dags/first_dag.py
[2024-07-15T11:16:26.357+0100] {processor.py:830} INFO - Processing file /mnt/c/Users/Victor/Desktop/Final_Semester/data-engineering-final-semester-portfolio/airflow/dags/first_dag.py for tasks to queue
[2024-07-15T11:16:26.375+0100] {logging_mixin.py:188} INFO - [2024-07-15T11:16:26.368+0100] {dagbag.py:545} INFO - Filling up the DagBag from /mnt/c/Users/Victor/Desktop/Final_Semester/data-engineering-final-semester-portfolio/airflow/dags/first_dag.py
[2024-07-15T11:16:26.590+0100] {logging_mixin.py:188} INFO - [2024-07-15T11:16:26.561+0100] {dagbag.py:355} ERROR - Failed to import: /mnt/c/Users/Victor/Desktop/Final_Semester/data-engineering-final-semester-portfolio/airflow/dags/first_dag.py
Traceback (most recent call last):
  File "/home/victor/airflow_env/lib/python3.10/site-packages/airflow/models/dagbag.py", line 351, in parse
    loader.exec_module(new_module)
  File "<frozen importlib._bootstrap_external>", line 883, in exec_module
  File "<frozen importlib._bootstrap>", line 241, in _call_with_frames_removed
  File "/mnt/c/Users/Victor/Desktop/Final_Semester/data-engineering-final-semester-portfolio/airflow/dags/first_dag.py", line 8, in <module>
    with DAG() as dag:
TypeError: DAG.__init__() missing 1 required positional argument: 'dag_id'
[2024-07-15T11:16:26.606+0100] {processor.py:842} WARNING - No viable dags retrieved from /mnt/c/Users/Victor/Desktop/Final_Semester/data-engineering-final-semester-portfolio/airflow/dags/first_dag.py
[2024-07-15T11:16:26.963+0100] {processor.py:183} INFO - Processing /mnt/c/Users/Victor/Desktop/Final_Semester/data-engineering-final-semester-portfolio/airflow/dags/first_dag.py took 0.718 seconds
[2024-07-15T11:16:29.921+0100] {processor.py:161} INFO - Started process (PID=43199) to work on /mnt/c/Users/Victor/Desktop/Final_Semester/data-engineering-final-semester-portfolio/airflow/dags/first_dag.py
[2024-07-15T11:16:29.932+0100] {processor.py:830} INFO - Processing file /mnt/c/Users/Victor/Desktop/Final_Semester/data-engineering-final-semester-portfolio/airflow/dags/first_dag.py for tasks to queue
[2024-07-15T11:16:29.955+0100] {logging_mixin.py:188} INFO - [2024-07-15T11:16:29.953+0100] {dagbag.py:545} INFO - Filling up the DagBag from /mnt/c/Users/Victor/Desktop/Final_Semester/data-engineering-final-semester-portfolio/airflow/dags/first_dag.py
[2024-07-15T11:16:30.233+0100] {logging_mixin.py:188} INFO - [2024-07-15T11:16:30.214+0100] {dagbag.py:355} ERROR - Failed to import: /mnt/c/Users/Victor/Desktop/Final_Semester/data-engineering-final-semester-portfolio/airflow/dags/first_dag.py
Traceback (most recent call last):
  File "/home/victor/airflow_env/lib/python3.10/site-packages/airflow/models/dagbag.py", line 351, in parse
    loader.exec_module(new_module)
  File "<frozen importlib._bootstrap_external>", line 883, in exec_module
  File "<frozen importlib._bootstrap>", line 241, in _call_with_frames_removed
  File "/mnt/c/Users/Victor/Desktop/Final_Semester/data-engineering-final-semester-portfolio/airflow/dags/first_dag.py", line 8, in <module>
    with DAG() as dag:
TypeError: DAG.__init__() missing 1 required positional argument: 'dag_id'
[2024-07-15T11:16:30.240+0100] {processor.py:842} WARNING - No viable dags retrieved from /mnt/c/Users/Victor/Desktop/Final_Semester/data-engineering-final-semester-portfolio/airflow/dags/first_dag.py
[2024-07-15T11:16:31.102+0100] {processor.py:183} INFO - Processing /mnt/c/Users/Victor/Desktop/Final_Semester/data-engineering-final-semester-portfolio/airflow/dags/first_dag.py took 1.252 seconds
[2024-07-15T11:16:33.577+0100] {processor.py:161} INFO - Started process (PID=43217) to work on /mnt/c/Users/Victor/Desktop/Final_Semester/data-engineering-final-semester-portfolio/airflow/dags/first_dag.py
[2024-07-15T11:16:33.591+0100] {processor.py:830} INFO - Processing file /mnt/c/Users/Victor/Desktop/Final_Semester/data-engineering-final-semester-portfolio/airflow/dags/first_dag.py for tasks to queue
[2024-07-15T11:16:33.632+0100] {logging_mixin.py:188} INFO - [2024-07-15T11:16:33.630+0100] {dagbag.py:545} INFO - Filling up the DagBag from /mnt/c/Users/Victor/Desktop/Final_Semester/data-engineering-final-semester-portfolio/airflow/dags/first_dag.py
[2024-07-15T11:16:33.811+0100] {logging_mixin.py:188} INFO - [2024-07-15T11:16:33.789+0100] {dagbag.py:355} ERROR - Failed to import: /mnt/c/Users/Victor/Desktop/Final_Semester/data-engineering-final-semester-portfolio/airflow/dags/first_dag.py
Traceback (most recent call last):
  File "/home/victor/airflow_env/lib/python3.10/site-packages/airflow/models/dagbag.py", line 351, in parse
    loader.exec_module(new_module)
  File "<frozen importlib._bootstrap_external>", line 883, in exec_module
  File "<frozen importlib._bootstrap>", line 241, in _call_with_frames_removed
  File "/mnt/c/Users/Victor/Desktop/Final_Semester/data-engineering-final-semester-portfolio/airflow/dags/first_dag.py", line 8, in <module>
    with DAG() as dag:
TypeError: DAG.__init__() missing 1 required positional argument: 'dag_id'
[2024-07-15T11:16:33.823+0100] {processor.py:842} WARNING - No viable dags retrieved from /mnt/c/Users/Victor/Desktop/Final_Semester/data-engineering-final-semester-portfolio/airflow/dags/first_dag.py
[2024-07-15T11:16:34.193+0100] {processor.py:183} INFO - Processing /mnt/c/Users/Victor/Desktop/Final_Semester/data-engineering-final-semester-portfolio/airflow/dags/first_dag.py took 0.680 seconds
[2024-07-15T11:16:40.515+0100] {processor.py:161} INFO - Started process (PID=43256) to work on /mnt/c/Users/Victor/Desktop/Final_Semester/data-engineering-final-semester-portfolio/airflow/dags/first_dag.py
[2024-07-15T11:16:40.520+0100] {processor.py:830} INFO - Processing file /mnt/c/Users/Victor/Desktop/Final_Semester/data-engineering-final-semester-portfolio/airflow/dags/first_dag.py for tasks to queue
[2024-07-15T11:16:40.532+0100] {logging_mixin.py:188} INFO - [2024-07-15T11:16:40.527+0100] {dagbag.py:545} INFO - Filling up the DagBag from /mnt/c/Users/Victor/Desktop/Final_Semester/data-engineering-final-semester-portfolio/airflow/dags/first_dag.py
[2024-07-15T11:16:40.670+0100] {logging_mixin.py:188} INFO - [2024-07-15T11:16:40.654+0100] {dagbag.py:355} ERROR - Failed to import: /mnt/c/Users/Victor/Desktop/Final_Semester/data-engineering-final-semester-portfolio/airflow/dags/first_dag.py
Traceback (most recent call last):
  File "/home/victor/airflow_env/lib/python3.10/site-packages/airflow/models/dagbag.py", line 351, in parse
    loader.exec_module(new_module)
  File "<frozen importlib._bootstrap_external>", line 883, in exec_module
  File "<frozen importlib._bootstrap>", line 241, in _call_with_frames_removed
  File "/mnt/c/Users/Victor/Desktop/Final_Semester/data-engineering-final-semester-portfolio/airflow/dags/first_dag.py", line 8, in <module>
    with DAG() as dag:
TypeError: DAG.__init__() missing 1 required positional argument: 'dag_id'
[2024-07-15T11:16:40.681+0100] {processor.py:842} WARNING - No viable dags retrieved from /mnt/c/Users/Victor/Desktop/Final_Semester/data-engineering-final-semester-portfolio/airflow/dags/first_dag.py
[2024-07-15T11:16:41.007+0100] {processor.py:183} INFO - Processing /mnt/c/Users/Victor/Desktop/Final_Semester/data-engineering-final-semester-portfolio/airflow/dags/first_dag.py took 0.531 seconds
[2024-07-15T11:16:44.730+0100] {processor.py:161} INFO - Started process (PID=43281) to work on /mnt/c/Users/Victor/Desktop/Final_Semester/data-engineering-final-semester-portfolio/airflow/dags/first_dag.py
[2024-07-15T11:16:44.750+0100] {processor.py:830} INFO - Processing file /mnt/c/Users/Victor/Desktop/Final_Semester/data-engineering-final-semester-portfolio/airflow/dags/first_dag.py for tasks to queue
[2024-07-15T11:16:44.759+0100] {logging_mixin.py:188} INFO - [2024-07-15T11:16:44.757+0100] {dagbag.py:545} INFO - Filling up the DagBag from /mnt/c/Users/Victor/Desktop/Final_Semester/data-engineering-final-semester-portfolio/airflow/dags/first_dag.py
[2024-07-15T11:16:44.967+0100] {logging_mixin.py:188} INFO - [2024-07-15T11:16:44.944+0100] {dagbag.py:355} ERROR - Failed to import: /mnt/c/Users/Victor/Desktop/Final_Semester/data-engineering-final-semester-portfolio/airflow/dags/first_dag.py
Traceback (most recent call last):
  File "/home/victor/airflow_env/lib/python3.10/site-packages/airflow/models/dagbag.py", line 351, in parse
    loader.exec_module(new_module)
  File "<frozen importlib._bootstrap_external>", line 883, in exec_module
  File "<frozen importlib._bootstrap>", line 241, in _call_with_frames_removed
  File "/mnt/c/Users/Victor/Desktop/Final_Semester/data-engineering-final-semester-portfolio/airflow/dags/first_dag.py", line 8, in <module>
    with DAG() as dag:
TypeError: DAG.__init__() missing 1 required positional argument: 'dag_id'
[2024-07-15T11:16:44.974+0100] {processor.py:842} WARNING - No viable dags retrieved from /mnt/c/Users/Victor/Desktop/Final_Semester/data-engineering-final-semester-portfolio/airflow/dags/first_dag.py
[2024-07-15T11:16:45.246+0100] {processor.py:183} INFO - Processing /mnt/c/Users/Victor/Desktop/Final_Semester/data-engineering-final-semester-portfolio/airflow/dags/first_dag.py took 0.693 seconds
[2024-07-15T11:16:47.856+0100] {processor.py:161} INFO - Started process (PID=43294) to work on /mnt/c/Users/Victor/Desktop/Final_Semester/data-engineering-final-semester-portfolio/airflow/dags/first_dag.py
[2024-07-15T11:16:47.883+0100] {processor.py:830} INFO - Processing file /mnt/c/Users/Victor/Desktop/Final_Semester/data-engineering-final-semester-portfolio/airflow/dags/first_dag.py for tasks to queue
[2024-07-15T11:16:47.904+0100] {logging_mixin.py:188} INFO - [2024-07-15T11:16:47.900+0100] {dagbag.py:545} INFO - Filling up the DagBag from /mnt/c/Users/Victor/Desktop/Final_Semester/data-engineering-final-semester-portfolio/airflow/dags/first_dag.py
[2024-07-15T11:16:48.133+0100] {logging_mixin.py:188} INFO - [2024-07-15T11:16:48.102+0100] {dagbag.py:355} ERROR - Failed to import: /mnt/c/Users/Victor/Desktop/Final_Semester/data-engineering-final-semester-portfolio/airflow/dags/first_dag.py
Traceback (most recent call last):
  File "/home/victor/airflow_env/lib/python3.10/site-packages/airflow/models/dagbag.py", line 351, in parse
    loader.exec_module(new_module)
  File "<frozen importlib._bootstrap_external>", line 883, in exec_module
  File "<frozen importlib._bootstrap>", line 241, in _call_with_frames_removed
  File "/mnt/c/Users/Victor/Desktop/Final_Semester/data-engineering-final-semester-portfolio/airflow/dags/first_dag.py", line 8, in <module>
    with DAG() as dag:
TypeError: DAG.__init__() missing 1 required positional argument: 'dag_id'
[2024-07-15T11:16:48.142+0100] {processor.py:842} WARNING - No viable dags retrieved from /mnt/c/Users/Victor/Desktop/Final_Semester/data-engineering-final-semester-portfolio/airflow/dags/first_dag.py
[2024-07-15T11:16:48.479+0100] {processor.py:183} INFO - Processing /mnt/c/Users/Victor/Desktop/Final_Semester/data-engineering-final-semester-portfolio/airflow/dags/first_dag.py took 0.756 seconds
[2024-07-15T11:16:52.453+0100] {processor.py:161} INFO - Started process (PID=43322) to work on /mnt/c/Users/Victor/Desktop/Final_Semester/data-engineering-final-semester-portfolio/airflow/dags/first_dag.py
[2024-07-15T11:16:52.459+0100] {processor.py:830} INFO - Processing file /mnt/c/Users/Victor/Desktop/Final_Semester/data-engineering-final-semester-portfolio/airflow/dags/first_dag.py for tasks to queue
[2024-07-15T11:16:52.471+0100] {logging_mixin.py:188} INFO - [2024-07-15T11:16:52.470+0100] {dagbag.py:545} INFO - Filling up the DagBag from /mnt/c/Users/Victor/Desktop/Final_Semester/data-engineering-final-semester-portfolio/airflow/dags/first_dag.py
[2024-07-15T11:16:52.543+0100] {logging_mixin.py:188} INFO - [2024-07-15T11:16:52.540+0100] {dagbag.py:355} ERROR - Failed to import: /mnt/c/Users/Victor/Desktop/Final_Semester/data-engineering-final-semester-portfolio/airflow/dags/first_dag.py
Traceback (most recent call last):
  File "/home/victor/airflow_env/lib/python3.10/site-packages/airflow/models/dagbag.py", line 351, in parse
    loader.exec_module(new_module)
  File "<frozen importlib._bootstrap_external>", line 879, in exec_module
  File "<frozen importlib._bootstrap_external>", line 1017, in get_code
  File "<frozen importlib._bootstrap_external>", line 947, in source_to_code
  File "<frozen importlib._bootstrap>", line 241, in _call_with_frames_removed
  File "/mnt/c/Users/Victor/Desktop/Final_Semester/data-engineering-final-semester-portfolio/airflow/dags/first_dag.py", line 10
    end = EmptyOperator(task_id=)
                                ^
SyntaxError: invalid syntax
[2024-07-15T11:16:52.545+0100] {processor.py:842} WARNING - No viable dags retrieved from /mnt/c/Users/Victor/Desktop/Final_Semester/data-engineering-final-semester-portfolio/airflow/dags/first_dag.py
[2024-07-15T11:16:52.861+0100] {processor.py:183} INFO - Processing /mnt/c/Users/Victor/Desktop/Final_Semester/data-engineering-final-semester-portfolio/airflow/dags/first_dag.py took 0.436 seconds
[2024-07-15T11:16:58.431+0100] {processor.py:161} INFO - Started process (PID=43356) to work on /mnt/c/Users/Victor/Desktop/Final_Semester/data-engineering-final-semester-portfolio/airflow/dags/first_dag.py
[2024-07-15T11:16:58.435+0100] {processor.py:830} INFO - Processing file /mnt/c/Users/Victor/Desktop/Final_Semester/data-engineering-final-semester-portfolio/airflow/dags/first_dag.py for tasks to queue
[2024-07-15T11:16:58.442+0100] {logging_mixin.py:188} INFO - [2024-07-15T11:16:58.440+0100] {dagbag.py:545} INFO - Filling up the DagBag from /mnt/c/Users/Victor/Desktop/Final_Semester/data-engineering-final-semester-portfolio/airflow/dags/first_dag.py
[2024-07-15T11:16:58.511+0100] {logging_mixin.py:188} INFO - [2024-07-15T11:16:58.509+0100] {dagbag.py:355} ERROR - Failed to import: /mnt/c/Users/Victor/Desktop/Final_Semester/data-engineering-final-semester-portfolio/airflow/dags/first_dag.py
Traceback (most recent call last):
  File "/home/victor/airflow_env/lib/python3.10/site-packages/airflow/models/dagbag.py", line 351, in parse
    loader.exec_module(new_module)
  File "<frozen importlib._bootstrap_external>", line 879, in exec_module
  File "<frozen importlib._bootstrap_external>", line 1017, in get_code
  File "<frozen importlib._bootstrap_external>", line 947, in source_to_code
  File "<frozen importlib._bootstrap>", line 241, in _call_with_frames_removed
  File "/mnt/c/Users/Victor/Desktop/Final_Semester/data-engineering-final-semester-portfolio/airflow/dags/first_dag.py", line 10
    end = EmptyOperator(task_id=)
                                ^
SyntaxError: invalid syntax
[2024-07-15T11:16:58.514+0100] {processor.py:842} WARNING - No viable dags retrieved from /mnt/c/Users/Victor/Desktop/Final_Semester/data-engineering-final-semester-portfolio/airflow/dags/first_dag.py
[2024-07-15T11:16:58.786+0100] {processor.py:183} INFO - Processing /mnt/c/Users/Victor/Desktop/Final_Semester/data-engineering-final-semester-portfolio/airflow/dags/first_dag.py took 0.430 seconds
[2024-07-15T11:17:00.101+0100] {processor.py:161} INFO - Started process (PID=43364) to work on /mnt/c/Users/Victor/Desktop/Final_Semester/data-engineering-final-semester-portfolio/airflow/dags/first_dag.py
[2024-07-15T11:17:00.105+0100] {processor.py:830} INFO - Processing file /mnt/c/Users/Victor/Desktop/Final_Semester/data-engineering-final-semester-portfolio/airflow/dags/first_dag.py for tasks to queue
[2024-07-15T11:17:00.112+0100] {logging_mixin.py:188} INFO - [2024-07-15T11:17:00.111+0100] {dagbag.py:545} INFO - Filling up the DagBag from /mnt/c/Users/Victor/Desktop/Final_Semester/data-engineering-final-semester-portfolio/airflow/dags/first_dag.py
[2024-07-15T11:17:00.256+0100] {logging_mixin.py:188} INFO - [2024-07-15T11:17:00.236+0100] {dagbag.py:355} ERROR - Failed to import: /mnt/c/Users/Victor/Desktop/Final_Semester/data-engineering-final-semester-portfolio/airflow/dags/first_dag.py
Traceback (most recent call last):
  File "/home/victor/airflow_env/lib/python3.10/site-packages/airflow/models/dagbag.py", line 351, in parse
    loader.exec_module(new_module)
  File "<frozen importlib._bootstrap_external>", line 883, in exec_module
  File "<frozen importlib._bootstrap>", line 241, in _call_with_frames_removed
  File "/mnt/c/Users/Victor/Desktop/Final_Semester/data-engineering-final-semester-portfolio/airflow/dags/first_dag.py", line 8, in <module>
    with DAG() as dag:
TypeError: DAG.__init__() missing 1 required positional argument: 'dag_id'
[2024-07-15T11:17:00.265+0100] {processor.py:842} WARNING - No viable dags retrieved from /mnt/c/Users/Victor/Desktop/Final_Semester/data-engineering-final-semester-portfolio/airflow/dags/first_dag.py
[2024-07-15T11:17:00.511+0100] {processor.py:183} INFO - Processing /mnt/c/Users/Victor/Desktop/Final_Semester/data-engineering-final-semester-portfolio/airflow/dags/first_dag.py took 0.441 seconds
[2024-07-15T11:17:04.127+0100] {processor.py:161} INFO - Started process (PID=43393) to work on /mnt/c/Users/Victor/Desktop/Final_Semester/data-engineering-final-semester-portfolio/airflow/dags/first_dag.py
[2024-07-15T11:17:04.136+0100] {processor.py:830} INFO - Processing file /mnt/c/Users/Victor/Desktop/Final_Semester/data-engineering-final-semester-portfolio/airflow/dags/first_dag.py for tasks to queue
[2024-07-15T11:17:04.146+0100] {logging_mixin.py:188} INFO - [2024-07-15T11:17:04.144+0100] {dagbag.py:545} INFO - Filling up the DagBag from /mnt/c/Users/Victor/Desktop/Final_Semester/data-engineering-final-semester-portfolio/airflow/dags/first_dag.py
[2024-07-15T11:17:04.289+0100] {logging_mixin.py:188} INFO - [2024-07-15T11:17:04.268+0100] {dagbag.py:355} ERROR - Failed to import: /mnt/c/Users/Victor/Desktop/Final_Semester/data-engineering-final-semester-portfolio/airflow/dags/first_dag.py
Traceback (most recent call last):
  File "/home/victor/airflow_env/lib/python3.10/site-packages/airflow/models/dagbag.py", line 351, in parse
    loader.exec_module(new_module)
  File "<frozen importlib._bootstrap_external>", line 883, in exec_module
  File "<frozen importlib._bootstrap>", line 241, in _call_with_frames_removed
  File "/mnt/c/Users/Victor/Desktop/Final_Semester/data-engineering-final-semester-portfolio/airflow/dags/first_dag.py", line 8, in <module>
    with DAG() as dag:
TypeError: DAG.__init__() missing 1 required positional argument: 'dag_id'
[2024-07-15T11:17:04.302+0100] {processor.py:842} WARNING - No viable dags retrieved from /mnt/c/Users/Victor/Desktop/Final_Semester/data-engineering-final-semester-portfolio/airflow/dags/first_dag.py
[2024-07-15T11:17:04.590+0100] {processor.py:183} INFO - Processing /mnt/c/Users/Victor/Desktop/Final_Semester/data-engineering-final-semester-portfolio/airflow/dags/first_dag.py took 0.516 seconds
[2024-07-15T11:17:11.573+0100] {processor.py:161} INFO - Started process (PID=43434) to work on /mnt/c/Users/Victor/Desktop/Final_Semester/data-engineering-final-semester-portfolio/airflow/dags/first_dag.py
[2024-07-15T11:17:11.578+0100] {processor.py:830} INFO - Processing file /mnt/c/Users/Victor/Desktop/Final_Semester/data-engineering-final-semester-portfolio/airflow/dags/first_dag.py for tasks to queue
[2024-07-15T11:17:11.588+0100] {logging_mixin.py:188} INFO - [2024-07-15T11:17:11.586+0100] {dagbag.py:545} INFO - Filling up the DagBag from /mnt/c/Users/Victor/Desktop/Final_Semester/data-engineering-final-semester-portfolio/airflow/dags/first_dag.py
[2024-07-15T11:17:11.681+0100] {logging_mixin.py:188} INFO - [2024-07-15T11:17:11.677+0100] {dagbag.py:355} ERROR - Failed to import: /mnt/c/Users/Victor/Desktop/Final_Semester/data-engineering-final-semester-portfolio/airflow/dags/first_dag.py
Traceback (most recent call last):
  File "/home/victor/airflow_env/lib/python3.10/site-packages/airflow/models/dagbag.py", line 351, in parse
    loader.exec_module(new_module)
  File "<frozen importlib._bootstrap_external>", line 879, in exec_module
  File "<frozen importlib._bootstrap_external>", line 1017, in get_code
  File "<frozen importlib._bootstrap_external>", line 947, in source_to_code
  File "<frozen importlib._bootstrap>", line 241, in _call_with_frames_removed
  File "/mnt/c/Users/Victor/Desktop/Final_Semester/data-engineering-final-semester-portfolio/airflow/dags/first_dag.py", line 9
    start = EmptyOperator(task_id=)
                                  ^
SyntaxError: invalid syntax
[2024-07-15T11:17:11.684+0100] {processor.py:842} WARNING - No viable dags retrieved from /mnt/c/Users/Victor/Desktop/Final_Semester/data-engineering-final-semester-portfolio/airflow/dags/first_dag.py
[2024-07-15T11:17:11.990+0100] {processor.py:183} INFO - Processing /mnt/c/Users/Victor/Desktop/Final_Semester/data-engineering-final-semester-portfolio/airflow/dags/first_dag.py took 0.453 seconds
[2024-07-15T11:17:14.212+0100] {processor.py:161} INFO - Started process (PID=43444) to work on /mnt/c/Users/Victor/Desktop/Final_Semester/data-engineering-final-semester-portfolio/airflow/dags/first_dag.py
[2024-07-15T11:17:14.219+0100] {processor.py:830} INFO - Processing file /mnt/c/Users/Victor/Desktop/Final_Semester/data-engineering-final-semester-portfolio/airflow/dags/first_dag.py for tasks to queue
[2024-07-15T11:17:14.226+0100] {logging_mixin.py:188} INFO - [2024-07-15T11:17:14.224+0100] {dagbag.py:545} INFO - Filling up the DagBag from /mnt/c/Users/Victor/Desktop/Final_Semester/data-engineering-final-semester-portfolio/airflow/dags/first_dag.py
[2024-07-15T11:17:14.322+0100] {logging_mixin.py:188} INFO - [2024-07-15T11:17:14.309+0100] {dagbag.py:355} ERROR - Failed to import: /mnt/c/Users/Victor/Desktop/Final_Semester/data-engineering-final-semester-portfolio/airflow/dags/first_dag.py
Traceback (most recent call last):
  File "/home/victor/airflow_env/lib/python3.10/site-packages/airflow/models/dagbag.py", line 351, in parse
    loader.exec_module(new_module)
  File "<frozen importlib._bootstrap_external>", line 883, in exec_module
  File "<frozen importlib._bootstrap>", line 241, in _call_with_frames_removed
  File "/mnt/c/Users/Victor/Desktop/Final_Semester/data-engineering-final-semester-portfolio/airflow/dags/first_dag.py", line 8, in <module>
    with DAG() as dag:
TypeError: DAG.__init__() missing 1 required positional argument: 'dag_id'
[2024-07-15T11:17:14.328+0100] {processor.py:842} WARNING - No viable dags retrieved from /mnt/c/Users/Victor/Desktop/Final_Semester/data-engineering-final-semester-portfolio/airflow/dags/first_dag.py
[2024-07-15T11:17:14.542+0100] {processor.py:183} INFO - Processing /mnt/c/Users/Victor/Desktop/Final_Semester/data-engineering-final-semester-portfolio/airflow/dags/first_dag.py took 0.366 seconds
[2024-07-15T11:17:45.437+0100] {processor.py:161} INFO - Started process (PID=43643) to work on /mnt/c/Users/Victor/Desktop/Final_Semester/data-engineering-final-semester-portfolio/airflow/dags/first_dag.py
[2024-07-15T11:17:45.444+0100] {processor.py:830} INFO - Processing file /mnt/c/Users/Victor/Desktop/Final_Semester/data-engineering-final-semester-portfolio/airflow/dags/first_dag.py for tasks to queue
[2024-07-15T11:17:45.460+0100] {logging_mixin.py:188} INFO - [2024-07-15T11:17:45.457+0100] {dagbag.py:545} INFO - Filling up the DagBag from /mnt/c/Users/Victor/Desktop/Final_Semester/data-engineering-final-semester-portfolio/airflow/dags/first_dag.py
[2024-07-15T11:17:45.589+0100] {logging_mixin.py:188} INFO - [2024-07-15T11:17:45.564+0100] {dagbag.py:355} ERROR - Failed to import: /mnt/c/Users/Victor/Desktop/Final_Semester/data-engineering-final-semester-portfolio/airflow/dags/first_dag.py
Traceback (most recent call last):
  File "/home/victor/airflow_env/lib/python3.10/site-packages/airflow/models/dagbag.py", line 351, in parse
    loader.exec_module(new_module)
  File "<frozen importlib._bootstrap_external>", line 883, in exec_module
  File "<frozen importlib._bootstrap>", line 241, in _call_with_frames_removed
  File "/mnt/c/Users/Victor/Desktop/Final_Semester/data-engineering-final-semester-portfolio/airflow/dags/first_dag.py", line 8, in <module>
    with DAG() as dag:
TypeError: DAG.__init__() missing 1 required positional argument: 'dag_id'
[2024-07-15T11:17:45.597+0100] {processor.py:842} WARNING - No viable dags retrieved from /mnt/c/Users/Victor/Desktop/Final_Semester/data-engineering-final-semester-portfolio/airflow/dags/first_dag.py
[2024-07-15T11:17:45.912+0100] {processor.py:183} INFO - Processing /mnt/c/Users/Victor/Desktop/Final_Semester/data-engineering-final-semester-portfolio/airflow/dags/first_dag.py took 0.522 seconds
[2024-07-15T11:17:48.757+0100] {processor.py:161} INFO - Started process (PID=43660) to work on /mnt/c/Users/Victor/Desktop/Final_Semester/data-engineering-final-semester-portfolio/airflow/dags/first_dag.py
[2024-07-15T11:17:48.761+0100] {processor.py:830} INFO - Processing file /mnt/c/Users/Victor/Desktop/Final_Semester/data-engineering-final-semester-portfolio/airflow/dags/first_dag.py for tasks to queue
[2024-07-15T11:17:48.771+0100] {logging_mixin.py:188} INFO - [2024-07-15T11:17:48.769+0100] {dagbag.py:545} INFO - Filling up the DagBag from /mnt/c/Users/Victor/Desktop/Final_Semester/data-engineering-final-semester-portfolio/airflow/dags/first_dag.py
[2024-07-15T11:17:48.890+0100] {logging_mixin.py:188} INFO - [2024-07-15T11:17:48.872+0100] {dagbag.py:355} ERROR - Failed to import: /mnt/c/Users/Victor/Desktop/Final_Semester/data-engineering-final-semester-portfolio/airflow/dags/first_dag.py
Traceback (most recent call last):
  File "/home/victor/airflow_env/lib/python3.10/site-packages/airflow/models/dagbag.py", line 351, in parse
    loader.exec_module(new_module)
  File "<frozen importlib._bootstrap_external>", line 883, in exec_module
  File "<frozen importlib._bootstrap>", line 241, in _call_with_frames_removed
  File "/mnt/c/Users/Victor/Desktop/Final_Semester/data-engineering-final-semester-portfolio/airflow/dags/first_dag.py", line 8, in <module>
    with DAG(
TypeError: DAG.__init__() missing 1 required positional argument: 'dag_id'
[2024-07-15T11:17:48.896+0100] {processor.py:842} WARNING - No viable dags retrieved from /mnt/c/Users/Victor/Desktop/Final_Semester/data-engineering-final-semester-portfolio/airflow/dags/first_dag.py
[2024-07-15T11:17:49.127+0100] {processor.py:183} INFO - Processing /mnt/c/Users/Victor/Desktop/Final_Semester/data-engineering-final-semester-portfolio/airflow/dags/first_dag.py took 0.396 seconds
[2024-07-15T11:17:50.899+0100] {processor.py:161} INFO - Started process (PID=43674) to work on /mnt/c/Users/Victor/Desktop/Final_Semester/data-engineering-final-semester-portfolio/airflow/dags/first_dag.py
[2024-07-15T11:17:50.904+0100] {processor.py:830} INFO - Processing file /mnt/c/Users/Victor/Desktop/Final_Semester/data-engineering-final-semester-portfolio/airflow/dags/first_dag.py for tasks to queue
[2024-07-15T11:17:50.913+0100] {logging_mixin.py:188} INFO - [2024-07-15T11:17:50.912+0100] {dagbag.py:545} INFO - Filling up the DagBag from /mnt/c/Users/Victor/Desktop/Final_Semester/data-engineering-final-semester-portfolio/airflow/dags/first_dag.py
[2024-07-15T11:17:51.035+0100] {logging_mixin.py:188} INFO - [2024-07-15T11:17:51.020+0100] {dagbag.py:355} ERROR - Failed to import: /mnt/c/Users/Victor/Desktop/Final_Semester/data-engineering-final-semester-portfolio/airflow/dags/first_dag.py
Traceback (most recent call last):
  File "/home/victor/airflow_env/lib/python3.10/site-packages/airflow/models/dagbag.py", line 351, in parse
    loader.exec_module(new_module)
  File "<frozen importlib._bootstrap_external>", line 883, in exec_module
  File "<frozen importlib._bootstrap>", line 241, in _call_with_frames_removed
  File "/mnt/c/Users/Victor/Desktop/Final_Semester/data-engineering-final-semester-portfolio/airflow/dags/first_dag.py", line 8, in <module>
    with DAG(
TypeError: DAG.__init__() missing 1 required positional argument: 'dag_id'
[2024-07-15T11:17:51.041+0100] {processor.py:842} WARNING - No viable dags retrieved from /mnt/c/Users/Victor/Desktop/Final_Semester/data-engineering-final-semester-portfolio/airflow/dags/first_dag.py
[2024-07-15T11:17:51.337+0100] {processor.py:183} INFO - Processing /mnt/c/Users/Victor/Desktop/Final_Semester/data-engineering-final-semester-portfolio/airflow/dags/first_dag.py took 0.473 seconds
[2024-07-15T11:18:16.959+0100] {processor.py:161} INFO - Started process (PID=43812) to work on /mnt/c/Users/Victor/Desktop/Final_Semester/data-engineering-final-semester-portfolio/airflow/dags/first_dag.py
[2024-07-15T11:18:16.963+0100] {processor.py:830} INFO - Processing file /mnt/c/Users/Victor/Desktop/Final_Semester/data-engineering-final-semester-portfolio/airflow/dags/first_dag.py for tasks to queue
[2024-07-15T11:18:16.973+0100] {logging_mixin.py:188} INFO - [2024-07-15T11:18:16.971+0100] {dagbag.py:545} INFO - Filling up the DagBag from /mnt/c/Users/Victor/Desktop/Final_Semester/data-engineering-final-semester-portfolio/airflow/dags/first_dag.py
[2024-07-15T11:18:17.123+0100] {logging_mixin.py:188} INFO - [2024-07-15T11:18:17.102+0100] {dagbag.py:355} ERROR - Failed to import: /mnt/c/Users/Victor/Desktop/Final_Semester/data-engineering-final-semester-portfolio/airflow/dags/first_dag.py
Traceback (most recent call last):
  File "/home/victor/airflow_env/lib/python3.10/site-packages/airflow/models/dagbag.py", line 351, in parse
    loader.exec_module(new_module)
  File "<frozen importlib._bootstrap_external>", line 883, in exec_module
  File "<frozen importlib._bootstrap>", line 241, in _call_with_frames_removed
  File "/mnt/c/Users/Victor/Desktop/Final_Semester/data-engineering-final-semester-portfolio/airflow/dags/first_dag.py", line 9, in <module>
    dag_id
NameError: name 'dag_id' is not defined
[2024-07-15T11:18:17.138+0100] {processor.py:842} WARNING - No viable dags retrieved from /mnt/c/Users/Victor/Desktop/Final_Semester/data-engineering-final-semester-portfolio/airflow/dags/first_dag.py
[2024-07-15T11:18:17.478+0100] {processor.py:183} INFO - Processing /mnt/c/Users/Victor/Desktop/Final_Semester/data-engineering-final-semester-portfolio/airflow/dags/first_dag.py took 0.567 seconds
[2024-07-15T11:18:48.079+0100] {processor.py:161} INFO - Started process (PID=44050) to work on /mnt/c/Users/Victor/Desktop/Final_Semester/data-engineering-final-semester-portfolio/airflow/dags/first_dag.py
[2024-07-15T11:18:48.087+0100] {processor.py:830} INFO - Processing file /mnt/c/Users/Victor/Desktop/Final_Semester/data-engineering-final-semester-portfolio/airflow/dags/first_dag.py for tasks to queue
[2024-07-15T11:18:48.095+0100] {logging_mixin.py:188} INFO - [2024-07-15T11:18:48.093+0100] {dagbag.py:545} INFO - Filling up the DagBag from /mnt/c/Users/Victor/Desktop/Final_Semester/data-engineering-final-semester-portfolio/airflow/dags/first_dag.py
[2024-07-15T11:18:48.231+0100] {logging_mixin.py:188} INFO - [2024-07-15T11:18:48.174+0100] {dagbag.py:355} ERROR - Failed to import: /mnt/c/Users/Victor/Desktop/Final_Semester/data-engineering-final-semester-portfolio/airflow/dags/first_dag.py
Traceback (most recent call last):
  File "/home/victor/airflow_env/lib/python3.10/site-packages/airflow/models/dagbag.py", line 351, in parse
    loader.exec_module(new_module)
  File "<frozen importlib._bootstrap_external>", line 883, in exec_module
  File "<frozen importlib._bootstrap>", line 241, in _call_with_frames_removed
  File "/mnt/c/Users/Victor/Desktop/Final_Semester/data-engineering-final-semester-portfolio/airflow/dags/first_dag.py", line 9, in <module>
    dag_id
NameError: name 'dag_id' is not defined
[2024-07-15T11:18:48.246+0100] {processor.py:842} WARNING - No viable dags retrieved from /mnt/c/Users/Victor/Desktop/Final_Semester/data-engineering-final-semester-portfolio/airflow/dags/first_dag.py
[2024-07-15T11:18:48.614+0100] {processor.py:183} INFO - Processing /mnt/c/Users/Victor/Desktop/Final_Semester/data-engineering-final-semester-portfolio/airflow/dags/first_dag.py took 0.568 seconds
[2024-07-15T11:19:18.814+0100] {processor.py:161} INFO - Started process (PID=44218) to work on /mnt/c/Users/Victor/Desktop/Final_Semester/data-engineering-final-semester-portfolio/airflow/dags/first_dag.py
[2024-07-15T11:19:18.818+0100] {processor.py:830} INFO - Processing file /mnt/c/Users/Victor/Desktop/Final_Semester/data-engineering-final-semester-portfolio/airflow/dags/first_dag.py for tasks to queue
[2024-07-15T11:19:18.827+0100] {logging_mixin.py:188} INFO - [2024-07-15T11:19:18.825+0100] {dagbag.py:545} INFO - Filling up the DagBag from /mnt/c/Users/Victor/Desktop/Final_Semester/data-engineering-final-semester-portfolio/airflow/dags/first_dag.py
[2024-07-15T11:19:18.924+0100] {logging_mixin.py:188} INFO - [2024-07-15T11:19:18.898+0100] {dagbag.py:355} ERROR - Failed to import: /mnt/c/Users/Victor/Desktop/Final_Semester/data-engineering-final-semester-portfolio/airflow/dags/first_dag.py
Traceback (most recent call last):
  File "/home/victor/airflow_env/lib/python3.10/site-packages/airflow/models/dagbag.py", line 351, in parse
    loader.exec_module(new_module)
  File "<frozen importlib._bootstrap_external>", line 883, in exec_module
  File "<frozen importlib._bootstrap>", line 241, in _call_with_frames_removed
  File "/mnt/c/Users/Victor/Desktop/Final_Semester/data-engineering-final-semester-portfolio/airflow/dags/first_dag.py", line 9, in <module>
    dag_id
NameError: name 'dag_id' is not defined
[2024-07-15T11:19:18.932+0100] {processor.py:842} WARNING - No viable dags retrieved from /mnt/c/Users/Victor/Desktop/Final_Semester/data-engineering-final-semester-portfolio/airflow/dags/first_dag.py
[2024-07-15T11:19:19.624+0100] {processor.py:183} INFO - Processing /mnt/c/Users/Victor/Desktop/Final_Semester/data-engineering-final-semester-portfolio/airflow/dags/first_dag.py took 0.839 seconds
[2024-07-15T11:19:49.893+0100] {processor.py:161} INFO - Started process (PID=44392) to work on /mnt/c/Users/Victor/Desktop/Final_Semester/data-engineering-final-semester-portfolio/airflow/dags/first_dag.py
[2024-07-15T11:19:49.898+0100] {processor.py:830} INFO - Processing file /mnt/c/Users/Victor/Desktop/Final_Semester/data-engineering-final-semester-portfolio/airflow/dags/first_dag.py for tasks to queue
[2024-07-15T11:19:49.909+0100] {logging_mixin.py:188} INFO - [2024-07-15T11:19:49.907+0100] {dagbag.py:545} INFO - Filling up the DagBag from /mnt/c/Users/Victor/Desktop/Final_Semester/data-engineering-final-semester-portfolio/airflow/dags/first_dag.py
[2024-07-15T11:19:50.006+0100] {logging_mixin.py:188} INFO - [2024-07-15T11:19:49.975+0100] {dagbag.py:355} ERROR - Failed to import: /mnt/c/Users/Victor/Desktop/Final_Semester/data-engineering-final-semester-portfolio/airflow/dags/first_dag.py
Traceback (most recent call last):
  File "/home/victor/airflow_env/lib/python3.10/site-packages/airflow/models/dagbag.py", line 351, in parse
    loader.exec_module(new_module)
  File "<frozen importlib._bootstrap_external>", line 883, in exec_module
  File "<frozen importlib._bootstrap>", line 241, in _call_with_frames_removed
  File "/mnt/c/Users/Victor/Desktop/Final_Semester/data-engineering-final-semester-portfolio/airflow/dags/first_dag.py", line 9, in <module>
    dag_id
NameError: name 'dag_id' is not defined
[2024-07-15T11:19:50.014+0100] {processor.py:842} WARNING - No viable dags retrieved from /mnt/c/Users/Victor/Desktop/Final_Semester/data-engineering-final-semester-portfolio/airflow/dags/first_dag.py
[2024-07-15T11:19:50.252+0100] {processor.py:183} INFO - Processing /mnt/c/Users/Victor/Desktop/Final_Semester/data-engineering-final-semester-portfolio/airflow/dags/first_dag.py took 0.392 seconds
[2024-07-15T11:20:21.862+0100] {processor.py:161} INFO - Started process (PID=44565) to work on /mnt/c/Users/Victor/Desktop/Final_Semester/data-engineering-final-semester-portfolio/airflow/dags/first_dag.py
[2024-07-15T11:20:21.866+0100] {processor.py:830} INFO - Processing file /mnt/c/Users/Victor/Desktop/Final_Semester/data-engineering-final-semester-portfolio/airflow/dags/first_dag.py for tasks to queue
[2024-07-15T11:20:21.876+0100] {logging_mixin.py:188} INFO - [2024-07-15T11:20:21.874+0100] {dagbag.py:545} INFO - Filling up the DagBag from /mnt/c/Users/Victor/Desktop/Final_Semester/data-engineering-final-semester-portfolio/airflow/dags/first_dag.py
[2024-07-15T11:20:21.964+0100] {logging_mixin.py:188} INFO - [2024-07-15T11:20:21.946+0100] {dagbag.py:355} ERROR - Failed to import: /mnt/c/Users/Victor/Desktop/Final_Semester/data-engineering-final-semester-portfolio/airflow/dags/first_dag.py
Traceback (most recent call last):
  File "/home/victor/airflow_env/lib/python3.10/site-packages/airflow/models/dagbag.py", line 351, in parse
    loader.exec_module(new_module)
  File "<frozen importlib._bootstrap_external>", line 883, in exec_module
  File "<frozen importlib._bootstrap>", line 241, in _call_with_frames_removed
  File "/mnt/c/Users/Victor/Desktop/Final_Semester/data-engineering-final-semester-portfolio/airflow/dags/first_dag.py", line 9, in <module>
    dag_id
NameError: name 'dag_id' is not defined
[2024-07-15T11:20:21.972+0100] {processor.py:842} WARNING - No viable dags retrieved from /mnt/c/Users/Victor/Desktop/Final_Semester/data-engineering-final-semester-portfolio/airflow/dags/first_dag.py
[2024-07-15T11:20:22.305+0100] {processor.py:183} INFO - Processing /mnt/c/Users/Victor/Desktop/Final_Semester/data-engineering-final-semester-portfolio/airflow/dags/first_dag.py took 0.514 seconds
[2024-07-15T11:20:52.998+0100] {processor.py:161} INFO - Started process (PID=44712) to work on /mnt/c/Users/Victor/Desktop/Final_Semester/data-engineering-final-semester-portfolio/airflow/dags/first_dag.py
[2024-07-15T11:20:53.003+0100] {processor.py:830} INFO - Processing file /mnt/c/Users/Victor/Desktop/Final_Semester/data-engineering-final-semester-portfolio/airflow/dags/first_dag.py for tasks to queue
[2024-07-15T11:20:53.011+0100] {logging_mixin.py:188} INFO - [2024-07-15T11:20:53.009+0100] {dagbag.py:545} INFO - Filling up the DagBag from /mnt/c/Users/Victor/Desktop/Final_Semester/data-engineering-final-semester-portfolio/airflow/dags/first_dag.py
[2024-07-15T11:20:53.089+0100] {logging_mixin.py:188} INFO - [2024-07-15T11:20:53.073+0100] {dagbag.py:355} ERROR - Failed to import: /mnt/c/Users/Victor/Desktop/Final_Semester/data-engineering-final-semester-portfolio/airflow/dags/first_dag.py
Traceback (most recent call last):
  File "/home/victor/airflow_env/lib/python3.10/site-packages/airflow/models/dagbag.py", line 351, in parse
    loader.exec_module(new_module)
  File "<frozen importlib._bootstrap_external>", line 883, in exec_module
  File "<frozen importlib._bootstrap>", line 241, in _call_with_frames_removed
  File "/mnt/c/Users/Victor/Desktop/Final_Semester/data-engineering-final-semester-portfolio/airflow/dags/first_dag.py", line 9, in <module>
    dag_id
NameError: name 'dag_id' is not defined
[2024-07-15T11:20:53.095+0100] {processor.py:842} WARNING - No viable dags retrieved from /mnt/c/Users/Victor/Desktop/Final_Semester/data-engineering-final-semester-portfolio/airflow/dags/first_dag.py
[2024-07-15T11:20:53.386+0100] {processor.py:183} INFO - Processing /mnt/c/Users/Victor/Desktop/Final_Semester/data-engineering-final-semester-portfolio/airflow/dags/first_dag.py took 0.421 seconds
[2024-07-15T11:21:24.028+0100] {processor.py:161} INFO - Started process (PID=44858) to work on /mnt/c/Users/Victor/Desktop/Final_Semester/data-engineering-final-semester-portfolio/airflow/dags/first_dag.py
[2024-07-15T11:21:24.032+0100] {processor.py:830} INFO - Processing file /mnt/c/Users/Victor/Desktop/Final_Semester/data-engineering-final-semester-portfolio/airflow/dags/first_dag.py for tasks to queue
[2024-07-15T11:21:24.047+0100] {logging_mixin.py:188} INFO - [2024-07-15T11:21:24.041+0100] {dagbag.py:545} INFO - Filling up the DagBag from /mnt/c/Users/Victor/Desktop/Final_Semester/data-engineering-final-semester-portfolio/airflow/dags/first_dag.py
[2024-07-15T11:21:24.116+0100] {logging_mixin.py:188} INFO - [2024-07-15T11:21:24.102+0100] {dagbag.py:355} ERROR - Failed to import: /mnt/c/Users/Victor/Desktop/Final_Semester/data-engineering-final-semester-portfolio/airflow/dags/first_dag.py
Traceback (most recent call last):
  File "/home/victor/airflow_env/lib/python3.10/site-packages/airflow/models/dagbag.py", line 351, in parse
    loader.exec_module(new_module)
  File "<frozen importlib._bootstrap_external>", line 883, in exec_module
  File "<frozen importlib._bootstrap>", line 241, in _call_with_frames_removed
  File "/mnt/c/Users/Victor/Desktop/Final_Semester/data-engineering-final-semester-portfolio/airflow/dags/first_dag.py", line 9, in <module>
    dag_id
NameError: name 'dag_id' is not defined
[2024-07-15T11:21:24.124+0100] {processor.py:842} WARNING - No viable dags retrieved from /mnt/c/Users/Victor/Desktop/Final_Semester/data-engineering-final-semester-portfolio/airflow/dags/first_dag.py
[2024-07-15T11:21:24.339+0100] {processor.py:183} INFO - Processing /mnt/c/Users/Victor/Desktop/Final_Semester/data-engineering-final-semester-portfolio/airflow/dags/first_dag.py took 0.338 seconds
[2024-07-15T11:21:54.610+0100] {processor.py:161} INFO - Started process (PID=45008) to work on /mnt/c/Users/Victor/Desktop/Final_Semester/data-engineering-final-semester-portfolio/airflow/dags/first_dag.py
[2024-07-15T11:21:54.614+0100] {processor.py:830} INFO - Processing file /mnt/c/Users/Victor/Desktop/Final_Semester/data-engineering-final-semester-portfolio/airflow/dags/first_dag.py for tasks to queue
[2024-07-15T11:21:54.621+0100] {logging_mixin.py:188} INFO - [2024-07-15T11:21:54.619+0100] {dagbag.py:545} INFO - Filling up the DagBag from /mnt/c/Users/Victor/Desktop/Final_Semester/data-engineering-final-semester-portfolio/airflow/dags/first_dag.py
[2024-07-15T11:21:54.677+0100] {logging_mixin.py:188} INFO - [2024-07-15T11:21:54.663+0100] {dagbag.py:355} ERROR - Failed to import: /mnt/c/Users/Victor/Desktop/Final_Semester/data-engineering-final-semester-portfolio/airflow/dags/first_dag.py
Traceback (most recent call last):
  File "/home/victor/airflow_env/lib/python3.10/site-packages/airflow/models/dagbag.py", line 351, in parse
    loader.exec_module(new_module)
  File "<frozen importlib._bootstrap_external>", line 883, in exec_module
  File "<frozen importlib._bootstrap>", line 241, in _call_with_frames_removed
  File "/mnt/c/Users/Victor/Desktop/Final_Semester/data-engineering-final-semester-portfolio/airflow/dags/first_dag.py", line 9, in <module>
    dag_id
NameError: name 'dag_id' is not defined
[2024-07-15T11:21:54.683+0100] {processor.py:842} WARNING - No viable dags retrieved from /mnt/c/Users/Victor/Desktop/Final_Semester/data-engineering-final-semester-portfolio/airflow/dags/first_dag.py
[2024-07-15T11:21:54.881+0100] {processor.py:183} INFO - Processing /mnt/c/Users/Victor/Desktop/Final_Semester/data-engineering-final-semester-portfolio/airflow/dags/first_dag.py took 0.296 seconds
[2024-07-15T11:22:25.433+0100] {processor.py:161} INFO - Started process (PID=45187) to work on /mnt/c/Users/Victor/Desktop/Final_Semester/data-engineering-final-semester-portfolio/airflow/dags/first_dag.py
[2024-07-15T11:22:25.437+0100] {processor.py:830} INFO - Processing file /mnt/c/Users/Victor/Desktop/Final_Semester/data-engineering-final-semester-portfolio/airflow/dags/first_dag.py for tasks to queue
[2024-07-15T11:22:25.444+0100] {logging_mixin.py:188} INFO - [2024-07-15T11:22:25.442+0100] {dagbag.py:545} INFO - Filling up the DagBag from /mnt/c/Users/Victor/Desktop/Final_Semester/data-engineering-final-semester-portfolio/airflow/dags/first_dag.py
[2024-07-15T11:22:25.500+0100] {logging_mixin.py:188} INFO - [2024-07-15T11:22:25.488+0100] {dagbag.py:355} ERROR - Failed to import: /mnt/c/Users/Victor/Desktop/Final_Semester/data-engineering-final-semester-portfolio/airflow/dags/first_dag.py
Traceback (most recent call last):
  File "/home/victor/airflow_env/lib/python3.10/site-packages/airflow/models/dagbag.py", line 351, in parse
    loader.exec_module(new_module)
  File "<frozen importlib._bootstrap_external>", line 883, in exec_module
  File "<frozen importlib._bootstrap>", line 241, in _call_with_frames_removed
  File "/mnt/c/Users/Victor/Desktop/Final_Semester/data-engineering-final-semester-portfolio/airflow/dags/first_dag.py", line 9, in <module>
    dag_id
NameError: name 'dag_id' is not defined
[2024-07-15T11:22:25.505+0100] {processor.py:842} WARNING - No viable dags retrieved from /mnt/c/Users/Victor/Desktop/Final_Semester/data-engineering-final-semester-portfolio/airflow/dags/first_dag.py
[2024-07-15T11:22:25.725+0100] {processor.py:183} INFO - Processing /mnt/c/Users/Victor/Desktop/Final_Semester/data-engineering-final-semester-portfolio/airflow/dags/first_dag.py took 0.318 seconds
[2024-07-15T11:22:57.435+0100] {processor.py:161} INFO - Started process (PID=45353) to work on /mnt/c/Users/Victor/Desktop/Final_Semester/data-engineering-final-semester-portfolio/airflow/dags/first_dag.py
[2024-07-15T11:22:57.441+0100] {processor.py:830} INFO - Processing file /mnt/c/Users/Victor/Desktop/Final_Semester/data-engineering-final-semester-portfolio/airflow/dags/first_dag.py for tasks to queue
[2024-07-15T11:22:57.449+0100] {logging_mixin.py:188} INFO - [2024-07-15T11:22:57.447+0100] {dagbag.py:545} INFO - Filling up the DagBag from /mnt/c/Users/Victor/Desktop/Final_Semester/data-engineering-final-semester-portfolio/airflow/dags/first_dag.py
[2024-07-15T11:22:57.534+0100] {logging_mixin.py:188} INFO - [2024-07-15T11:22:57.513+0100] {dagbag.py:355} ERROR - Failed to import: /mnt/c/Users/Victor/Desktop/Final_Semester/data-engineering-final-semester-portfolio/airflow/dags/first_dag.py
Traceback (most recent call last):
  File "/home/victor/airflow_env/lib/python3.10/site-packages/airflow/models/dagbag.py", line 351, in parse
    loader.exec_module(new_module)
  File "<frozen importlib._bootstrap_external>", line 883, in exec_module
  File "<frozen importlib._bootstrap>", line 241, in _call_with_frames_removed
  File "/mnt/c/Users/Victor/Desktop/Final_Semester/data-engineering-final-semester-portfolio/airflow/dags/first_dag.py", line 9, in <module>
    dag_id
NameError: name 'dag_id' is not defined
[2024-07-15T11:22:57.547+0100] {processor.py:842} WARNING - No viable dags retrieved from /mnt/c/Users/Victor/Desktop/Final_Semester/data-engineering-final-semester-portfolio/airflow/dags/first_dag.py
[2024-07-15T11:22:58.300+0100] {processor.py:183} INFO - Processing /mnt/c/Users/Victor/Desktop/Final_Semester/data-engineering-final-semester-portfolio/airflow/dags/first_dag.py took 0.903 seconds
[2024-07-15T11:23:28.861+0100] {processor.py:161} INFO - Started process (PID=45499) to work on /mnt/c/Users/Victor/Desktop/Final_Semester/data-engineering-final-semester-portfolio/airflow/dags/first_dag.py
[2024-07-15T11:23:28.866+0100] {processor.py:830} INFO - Processing file /mnt/c/Users/Victor/Desktop/Final_Semester/data-engineering-final-semester-portfolio/airflow/dags/first_dag.py for tasks to queue
[2024-07-15T11:23:28.881+0100] {logging_mixin.py:188} INFO - [2024-07-15T11:23:28.879+0100] {dagbag.py:545} INFO - Filling up the DagBag from /mnt/c/Users/Victor/Desktop/Final_Semester/data-engineering-final-semester-portfolio/airflow/dags/first_dag.py
[2024-07-15T11:23:29.044+0100] {logging_mixin.py:188} INFO - [2024-07-15T11:23:29.014+0100] {dagbag.py:355} ERROR - Failed to import: /mnt/c/Users/Victor/Desktop/Final_Semester/data-engineering-final-semester-portfolio/airflow/dags/first_dag.py
Traceback (most recent call last):
  File "/home/victor/airflow_env/lib/python3.10/site-packages/airflow/models/dagbag.py", line 351, in parse
    loader.exec_module(new_module)
  File "<frozen importlib._bootstrap_external>", line 883, in exec_module
  File "<frozen importlib._bootstrap>", line 241, in _call_with_frames_removed
  File "/mnt/c/Users/Victor/Desktop/Final_Semester/data-engineering-final-semester-portfolio/airflow/dags/first_dag.py", line 9, in <module>
    dag_id
NameError: name 'dag_id' is not defined
[2024-07-15T11:23:29.060+0100] {processor.py:842} WARNING - No viable dags retrieved from /mnt/c/Users/Victor/Desktop/Final_Semester/data-engineering-final-semester-portfolio/airflow/dags/first_dag.py
[2024-07-15T11:23:29.541+0100] {processor.py:183} INFO - Processing /mnt/c/Users/Victor/Desktop/Final_Semester/data-engineering-final-semester-portfolio/airflow/dags/first_dag.py took 0.736 seconds
[2024-07-15T11:24:00.948+0100] {processor.py:161} INFO - Started process (PID=45649) to work on /mnt/c/Users/Victor/Desktop/Final_Semester/data-engineering-final-semester-portfolio/airflow/dags/first_dag.py
[2024-07-15T11:24:00.962+0100] {processor.py:830} INFO - Processing file /mnt/c/Users/Victor/Desktop/Final_Semester/data-engineering-final-semester-portfolio/airflow/dags/first_dag.py for tasks to queue
[2024-07-15T11:24:00.977+0100] {logging_mixin.py:188} INFO - [2024-07-15T11:24:00.971+0100] {dagbag.py:545} INFO - Filling up the DagBag from /mnt/c/Users/Victor/Desktop/Final_Semester/data-engineering-final-semester-portfolio/airflow/dags/first_dag.py
[2024-07-15T11:24:01.082+0100] {logging_mixin.py:188} INFO - [2024-07-15T11:24:01.060+0100] {dagbag.py:355} ERROR - Failed to import: /mnt/c/Users/Victor/Desktop/Final_Semester/data-engineering-final-semester-portfolio/airflow/dags/first_dag.py
Traceback (most recent call last):
  File "/home/victor/airflow_env/lib/python3.10/site-packages/airflow/models/dagbag.py", line 351, in parse
    loader.exec_module(new_module)
  File "<frozen importlib._bootstrap_external>", line 883, in exec_module
  File "<frozen importlib._bootstrap>", line 241, in _call_with_frames_removed
  File "/mnt/c/Users/Victor/Desktop/Final_Semester/data-engineering-final-semester-portfolio/airflow/dags/first_dag.py", line 9, in <module>
    dag_id
NameError: name 'dag_id' is not defined
[2024-07-15T11:24:01.091+0100] {processor.py:842} WARNING - No viable dags retrieved from /mnt/c/Users/Victor/Desktop/Final_Semester/data-engineering-final-semester-portfolio/airflow/dags/first_dag.py
[2024-07-15T11:24:01.499+0100] {processor.py:183} INFO - Processing /mnt/c/Users/Victor/Desktop/Final_Semester/data-engineering-final-semester-portfolio/airflow/dags/first_dag.py took 0.602 seconds
[2024-07-15T11:24:33.092+0100] {processor.py:161} INFO - Started process (PID=45802) to work on /mnt/c/Users/Victor/Desktop/Final_Semester/data-engineering-final-semester-portfolio/airflow/dags/first_dag.py
[2024-07-15T11:24:33.096+0100] {processor.py:830} INFO - Processing file /mnt/c/Users/Victor/Desktop/Final_Semester/data-engineering-final-semester-portfolio/airflow/dags/first_dag.py for tasks to queue
[2024-07-15T11:24:33.103+0100] {logging_mixin.py:188} INFO - [2024-07-15T11:24:33.102+0100] {dagbag.py:545} INFO - Filling up the DagBag from /mnt/c/Users/Victor/Desktop/Final_Semester/data-engineering-final-semester-portfolio/airflow/dags/first_dag.py
[2024-07-15T11:24:33.164+0100] {logging_mixin.py:188} INFO - [2024-07-15T11:24:33.149+0100] {dagbag.py:355} ERROR - Failed to import: /mnt/c/Users/Victor/Desktop/Final_Semester/data-engineering-final-semester-portfolio/airflow/dags/first_dag.py
Traceback (most recent call last):
  File "/home/victor/airflow_env/lib/python3.10/site-packages/airflow/models/dagbag.py", line 351, in parse
    loader.exec_module(new_module)
  File "<frozen importlib._bootstrap_external>", line 883, in exec_module
  File "<frozen importlib._bootstrap>", line 241, in _call_with_frames_removed
  File "/mnt/c/Users/Victor/Desktop/Final_Semester/data-engineering-final-semester-portfolio/airflow/dags/first_dag.py", line 9, in <module>
    dag_id
NameError: name 'dag_id' is not defined
[2024-07-15T11:24:33.170+0100] {processor.py:842} WARNING - No viable dags retrieved from /mnt/c/Users/Victor/Desktop/Final_Semester/data-engineering-final-semester-portfolio/airflow/dags/first_dag.py
[2024-07-15T11:24:33.380+0100] {processor.py:183} INFO - Processing /mnt/c/Users/Victor/Desktop/Final_Semester/data-engineering-final-semester-portfolio/airflow/dags/first_dag.py took 0.317 seconds
[2024-07-15T11:25:04.085+0100] {processor.py:161} INFO - Started process (PID=45972) to work on /mnt/c/Users/Victor/Desktop/Final_Semester/data-engineering-final-semester-portfolio/airflow/dags/first_dag.py
[2024-07-15T11:25:04.089+0100] {processor.py:830} INFO - Processing file /mnt/c/Users/Victor/Desktop/Final_Semester/data-engineering-final-semester-portfolio/airflow/dags/first_dag.py for tasks to queue
[2024-07-15T11:25:04.097+0100] {logging_mixin.py:188} INFO - [2024-07-15T11:25:04.096+0100] {dagbag.py:545} INFO - Filling up the DagBag from /mnt/c/Users/Victor/Desktop/Final_Semester/data-engineering-final-semester-portfolio/airflow/dags/first_dag.py
[2024-07-15T11:25:04.157+0100] {logging_mixin.py:188} INFO - [2024-07-15T11:25:04.144+0100] {dagbag.py:355} ERROR - Failed to import: /mnt/c/Users/Victor/Desktop/Final_Semester/data-engineering-final-semester-portfolio/airflow/dags/first_dag.py
Traceback (most recent call last):
  File "/home/victor/airflow_env/lib/python3.10/site-packages/airflow/models/dagbag.py", line 351, in parse
    loader.exec_module(new_module)
  File "<frozen importlib._bootstrap_external>", line 883, in exec_module
  File "<frozen importlib._bootstrap>", line 241, in _call_with_frames_removed
  File "/mnt/c/Users/Victor/Desktop/Final_Semester/data-engineering-final-semester-portfolio/airflow/dags/first_dag.py", line 9, in <module>
    dag_id
NameError: name 'dag_id' is not defined
[2024-07-15T11:25:04.163+0100] {processor.py:842} WARNING - No viable dags retrieved from /mnt/c/Users/Victor/Desktop/Final_Semester/data-engineering-final-semester-portfolio/airflow/dags/first_dag.py
[2024-07-15T11:25:04.373+0100] {processor.py:183} INFO - Processing /mnt/c/Users/Victor/Desktop/Final_Semester/data-engineering-final-semester-portfolio/airflow/dags/first_dag.py took 0.314 seconds
[2024-07-15T11:25:35.352+0100] {processor.py:161} INFO - Started process (PID=46144) to work on /mnt/c/Users/Victor/Desktop/Final_Semester/data-engineering-final-semester-portfolio/airflow/dags/first_dag.py
[2024-07-15T11:25:35.369+0100] {processor.py:830} INFO - Processing file /mnt/c/Users/Victor/Desktop/Final_Semester/data-engineering-final-semester-portfolio/airflow/dags/first_dag.py for tasks to queue
[2024-07-15T11:25:35.396+0100] {logging_mixin.py:188} INFO - [2024-07-15T11:25:35.395+0100] {dagbag.py:545} INFO - Filling up the DagBag from /mnt/c/Users/Victor/Desktop/Final_Semester/data-engineering-final-semester-portfolio/airflow/dags/first_dag.py
[2024-07-15T11:25:35.473+0100] {logging_mixin.py:188} INFO - [2024-07-15T11:25:35.458+0100] {dagbag.py:355} ERROR - Failed to import: /mnt/c/Users/Victor/Desktop/Final_Semester/data-engineering-final-semester-portfolio/airflow/dags/first_dag.py
Traceback (most recent call last):
  File "/home/victor/airflow_env/lib/python3.10/site-packages/airflow/models/dagbag.py", line 351, in parse
    loader.exec_module(new_module)
  File "<frozen importlib._bootstrap_external>", line 883, in exec_module
  File "<frozen importlib._bootstrap>", line 241, in _call_with_frames_removed
  File "/mnt/c/Users/Victor/Desktop/Final_Semester/data-engineering-final-semester-portfolio/airflow/dags/first_dag.py", line 9, in <module>
    dag_id
NameError: name 'dag_id' is not defined
[2024-07-15T11:25:35.479+0100] {processor.py:842} WARNING - No viable dags retrieved from /mnt/c/Users/Victor/Desktop/Final_Semester/data-engineering-final-semester-portfolio/airflow/dags/first_dag.py
[2024-07-15T11:25:35.828+0100] {processor.py:183} INFO - Processing /mnt/c/Users/Victor/Desktop/Final_Semester/data-engineering-final-semester-portfolio/airflow/dags/first_dag.py took 0.576 seconds
[2024-07-15T11:26:06.285+0100] {processor.py:161} INFO - Started process (PID=46317) to work on /mnt/c/Users/Victor/Desktop/Final_Semester/data-engineering-final-semester-portfolio/airflow/dags/first_dag.py
[2024-07-15T11:26:06.289+0100] {processor.py:830} INFO - Processing file /mnt/c/Users/Victor/Desktop/Final_Semester/data-engineering-final-semester-portfolio/airflow/dags/first_dag.py for tasks to queue
[2024-07-15T11:26:06.297+0100] {logging_mixin.py:188} INFO - [2024-07-15T11:26:06.295+0100] {dagbag.py:545} INFO - Filling up the DagBag from /mnt/c/Users/Victor/Desktop/Final_Semester/data-engineering-final-semester-portfolio/airflow/dags/first_dag.py
[2024-07-15T11:26:06.371+0100] {logging_mixin.py:188} INFO - [2024-07-15T11:26:06.354+0100] {dagbag.py:355} ERROR - Failed to import: /mnt/c/Users/Victor/Desktop/Final_Semester/data-engineering-final-semester-portfolio/airflow/dags/first_dag.py
Traceback (most recent call last):
  File "/home/victor/airflow_env/lib/python3.10/site-packages/airflow/models/dagbag.py", line 351, in parse
    loader.exec_module(new_module)
  File "<frozen importlib._bootstrap_external>", line 883, in exec_module
  File "<frozen importlib._bootstrap>", line 241, in _call_with_frames_removed
  File "/mnt/c/Users/Victor/Desktop/Final_Semester/data-engineering-final-semester-portfolio/airflow/dags/first_dag.py", line 9, in <module>
    dag_id
NameError: name 'dag_id' is not defined
[2024-07-15T11:26:06.376+0100] {processor.py:842} WARNING - No viable dags retrieved from /mnt/c/Users/Victor/Desktop/Final_Semester/data-engineering-final-semester-portfolio/airflow/dags/first_dag.py
[2024-07-15T11:26:06.593+0100] {processor.py:183} INFO - Processing /mnt/c/Users/Victor/Desktop/Final_Semester/data-engineering-final-semester-portfolio/airflow/dags/first_dag.py took 0.339 seconds
[2024-07-15T11:26:40.646+0100] {processor.py:161} INFO - Started process (PID=46637) to work on /mnt/c/Users/Victor/Desktop/Final_Semester/data-engineering-final-semester-portfolio/airflow/dags/first_dag.py
[2024-07-15T11:26:40.678+0100] {processor.py:830} INFO - Processing file /mnt/c/Users/Victor/Desktop/Final_Semester/data-engineering-final-semester-portfolio/airflow/dags/first_dag.py for tasks to queue
[2024-07-15T11:26:40.716+0100] {logging_mixin.py:188} INFO - [2024-07-15T11:26:40.714+0100] {dagbag.py:545} INFO - Filling up the DagBag from /mnt/c/Users/Victor/Desktop/Final_Semester/data-engineering-final-semester-portfolio/airflow/dags/first_dag.py
[2024-07-15T11:26:40.822+0100] {logging_mixin.py:188} INFO - [2024-07-15T11:26:40.805+0100] {dagbag.py:355} ERROR - Failed to import: /mnt/c/Users/Victor/Desktop/Final_Semester/data-engineering-final-semester-portfolio/airflow/dags/first_dag.py
Traceback (most recent call last):
  File "/home/victor/airflow_env/lib/python3.10/site-packages/airflow/models/dagbag.py", line 351, in parse
    loader.exec_module(new_module)
  File "<frozen importlib._bootstrap_external>", line 883, in exec_module
  File "<frozen importlib._bootstrap>", line 241, in _call_with_frames_removed
  File "/mnt/c/Users/Victor/Desktop/Final_Semester/data-engineering-final-semester-portfolio/airflow/dags/first_dag.py", line 9, in <module>
    dag_id
NameError: name 'dag_id' is not defined
[2024-07-15T11:26:40.830+0100] {processor.py:842} WARNING - No viable dags retrieved from /mnt/c/Users/Victor/Desktop/Final_Semester/data-engineering-final-semester-portfolio/airflow/dags/first_dag.py
[2024-07-15T11:26:41.388+0100] {processor.py:183} INFO - Processing /mnt/c/Users/Victor/Desktop/Final_Semester/data-engineering-final-semester-portfolio/airflow/dags/first_dag.py took 0.924 seconds
[2024-07-15T11:27:12.558+0100] {processor.py:161} INFO - Started process (PID=46806) to work on /mnt/c/Users/Victor/Desktop/Final_Semester/data-engineering-final-semester-portfolio/airflow/dags/first_dag.py
[2024-07-15T11:27:12.572+0100] {processor.py:830} INFO - Processing file /mnt/c/Users/Victor/Desktop/Final_Semester/data-engineering-final-semester-portfolio/airflow/dags/first_dag.py for tasks to queue
[2024-07-15T11:27:12.592+0100] {logging_mixin.py:188} INFO - [2024-07-15T11:27:12.586+0100] {dagbag.py:545} INFO - Filling up the DagBag from /mnt/c/Users/Victor/Desktop/Final_Semester/data-engineering-final-semester-portfolio/airflow/dags/first_dag.py
[2024-07-15T11:27:12.722+0100] {logging_mixin.py:188} INFO - [2024-07-15T11:27:12.685+0100] {dagbag.py:355} ERROR - Failed to import: /mnt/c/Users/Victor/Desktop/Final_Semester/data-engineering-final-semester-portfolio/airflow/dags/first_dag.py
Traceback (most recent call last):
  File "/home/victor/airflow_env/lib/python3.10/site-packages/airflow/models/dagbag.py", line 351, in parse
    loader.exec_module(new_module)
  File "<frozen importlib._bootstrap_external>", line 883, in exec_module
  File "<frozen importlib._bootstrap>", line 241, in _call_with_frames_removed
  File "/mnt/c/Users/Victor/Desktop/Final_Semester/data-engineering-final-semester-portfolio/airflow/dags/first_dag.py", line 9, in <module>
    dag_id
NameError: name 'dag_id' is not defined
[2024-07-15T11:27:12.728+0100] {processor.py:842} WARNING - No viable dags retrieved from /mnt/c/Users/Victor/Desktop/Final_Semester/data-engineering-final-semester-portfolio/airflow/dags/first_dag.py
[2024-07-15T11:27:13.200+0100] {processor.py:183} INFO - Processing /mnt/c/Users/Victor/Desktop/Final_Semester/data-engineering-final-semester-portfolio/airflow/dags/first_dag.py took 0.694 seconds
[2024-07-15T11:27:44.373+0100] {processor.py:161} INFO - Started process (PID=47007) to work on /mnt/c/Users/Victor/Desktop/Final_Semester/data-engineering-final-semester-portfolio/airflow/dags/first_dag.py
[2024-07-15T11:27:44.380+0100] {processor.py:830} INFO - Processing file /mnt/c/Users/Victor/Desktop/Final_Semester/data-engineering-final-semester-portfolio/airflow/dags/first_dag.py for tasks to queue
[2024-07-15T11:27:44.395+0100] {logging_mixin.py:188} INFO - [2024-07-15T11:27:44.393+0100] {dagbag.py:545} INFO - Filling up the DagBag from /mnt/c/Users/Victor/Desktop/Final_Semester/data-engineering-final-semester-portfolio/airflow/dags/first_dag.py
[2024-07-15T11:27:44.527+0100] {logging_mixin.py:188} INFO - [2024-07-15T11:27:44.509+0100] {dagbag.py:355} ERROR - Failed to import: /mnt/c/Users/Victor/Desktop/Final_Semester/data-engineering-final-semester-portfolio/airflow/dags/first_dag.py
Traceback (most recent call last):
  File "/home/victor/airflow_env/lib/python3.10/site-packages/airflow/models/dagbag.py", line 351, in parse
    loader.exec_module(new_module)
  File "<frozen importlib._bootstrap_external>", line 883, in exec_module
  File "<frozen importlib._bootstrap>", line 241, in _call_with_frames_removed
  File "/mnt/c/Users/Victor/Desktop/Final_Semester/data-engineering-final-semester-portfolio/airflow/dags/first_dag.py", line 9, in <module>
    dag_id
NameError: name 'dag_id' is not defined
[2024-07-15T11:27:44.533+0100] {processor.py:842} WARNING - No viable dags retrieved from /mnt/c/Users/Victor/Desktop/Final_Semester/data-engineering-final-semester-portfolio/airflow/dags/first_dag.py
[2024-07-15T11:27:44.775+0100] {processor.py:183} INFO - Processing /mnt/c/Users/Victor/Desktop/Final_Semester/data-engineering-final-semester-portfolio/airflow/dags/first_dag.py took 0.452 seconds
[2024-07-15T11:28:15.859+0100] {processor.py:161} INFO - Started process (PID=47181) to work on /mnt/c/Users/Victor/Desktop/Final_Semester/data-engineering-final-semester-portfolio/airflow/dags/first_dag.py
[2024-07-15T11:28:15.869+0100] {processor.py:830} INFO - Processing file /mnt/c/Users/Victor/Desktop/Final_Semester/data-engineering-final-semester-portfolio/airflow/dags/first_dag.py for tasks to queue
[2024-07-15T11:28:15.877+0100] {logging_mixin.py:188} INFO - [2024-07-15T11:28:15.875+0100] {dagbag.py:545} INFO - Filling up the DagBag from /mnt/c/Users/Victor/Desktop/Final_Semester/data-engineering-final-semester-portfolio/airflow/dags/first_dag.py
[2024-07-15T11:28:15.938+0100] {logging_mixin.py:188} INFO - [2024-07-15T11:28:15.922+0100] {dagbag.py:355} ERROR - Failed to import: /mnt/c/Users/Victor/Desktop/Final_Semester/data-engineering-final-semester-portfolio/airflow/dags/first_dag.py
Traceback (most recent call last):
  File "/home/victor/airflow_env/lib/python3.10/site-packages/airflow/models/dagbag.py", line 351, in parse
    loader.exec_module(new_module)
  File "<frozen importlib._bootstrap_external>", line 883, in exec_module
  File "<frozen importlib._bootstrap>", line 241, in _call_with_frames_removed
  File "/mnt/c/Users/Victor/Desktop/Final_Semester/data-engineering-final-semester-portfolio/airflow/dags/first_dag.py", line 9, in <module>
    dag_id
NameError: name 'dag_id' is not defined
[2024-07-15T11:28:15.945+0100] {processor.py:842} WARNING - No viable dags retrieved from /mnt/c/Users/Victor/Desktop/Final_Semester/data-engineering-final-semester-portfolio/airflow/dags/first_dag.py
[2024-07-15T11:28:16.164+0100] {processor.py:183} INFO - Processing /mnt/c/Users/Victor/Desktop/Final_Semester/data-engineering-final-semester-portfolio/airflow/dags/first_dag.py took 0.351 seconds
[2024-07-15T11:28:46.771+0100] {processor.py:161} INFO - Started process (PID=47353) to work on /mnt/c/Users/Victor/Desktop/Final_Semester/data-engineering-final-semester-portfolio/airflow/dags/first_dag.py
[2024-07-15T11:28:46.775+0100] {processor.py:830} INFO - Processing file /mnt/c/Users/Victor/Desktop/Final_Semester/data-engineering-final-semester-portfolio/airflow/dags/first_dag.py for tasks to queue
[2024-07-15T11:28:46.784+0100] {logging_mixin.py:188} INFO - [2024-07-15T11:28:46.782+0100] {dagbag.py:545} INFO - Filling up the DagBag from /mnt/c/Users/Victor/Desktop/Final_Semester/data-engineering-final-semester-portfolio/airflow/dags/first_dag.py
[2024-07-15T11:28:46.854+0100] {logging_mixin.py:188} INFO - [2024-07-15T11:28:46.842+0100] {dagbag.py:355} ERROR - Failed to import: /mnt/c/Users/Victor/Desktop/Final_Semester/data-engineering-final-semester-portfolio/airflow/dags/first_dag.py
Traceback (most recent call last):
  File "/home/victor/airflow_env/lib/python3.10/site-packages/airflow/models/dagbag.py", line 351, in parse
    loader.exec_module(new_module)
  File "<frozen importlib._bootstrap_external>", line 883, in exec_module
  File "<frozen importlib._bootstrap>", line 241, in _call_with_frames_removed
  File "/mnt/c/Users/Victor/Desktop/Final_Semester/data-engineering-final-semester-portfolio/airflow/dags/first_dag.py", line 9, in <module>
    dag_id
NameError: name 'dag_id' is not defined
[2024-07-15T11:28:46.858+0100] {processor.py:842} WARNING - No viable dags retrieved from /mnt/c/Users/Victor/Desktop/Final_Semester/data-engineering-final-semester-portfolio/airflow/dags/first_dag.py
[2024-07-15T11:28:47.071+0100] {processor.py:183} INFO - Processing /mnt/c/Users/Victor/Desktop/Final_Semester/data-engineering-final-semester-portfolio/airflow/dags/first_dag.py took 0.328 seconds
[2024-07-15T11:29:17.682+0100] {processor.py:161} INFO - Started process (PID=47522) to work on /mnt/c/Users/Victor/Desktop/Final_Semester/data-engineering-final-semester-portfolio/airflow/dags/first_dag.py
[2024-07-15T11:29:17.687+0100] {processor.py:830} INFO - Processing file /mnt/c/Users/Victor/Desktop/Final_Semester/data-engineering-final-semester-portfolio/airflow/dags/first_dag.py for tasks to queue
[2024-07-15T11:29:17.699+0100] {logging_mixin.py:188} INFO - [2024-07-15T11:29:17.697+0100] {dagbag.py:545} INFO - Filling up the DagBag from /mnt/c/Users/Victor/Desktop/Final_Semester/data-engineering-final-semester-portfolio/airflow/dags/first_dag.py
[2024-07-15T11:29:17.751+0100] {logging_mixin.py:188} INFO - [2024-07-15T11:29:17.740+0100] {dagbag.py:355} ERROR - Failed to import: /mnt/c/Users/Victor/Desktop/Final_Semester/data-engineering-final-semester-portfolio/airflow/dags/first_dag.py
Traceback (most recent call last):
  File "/home/victor/airflow_env/lib/python3.10/site-packages/airflow/models/dagbag.py", line 351, in parse
    loader.exec_module(new_module)
  File "<frozen importlib._bootstrap_external>", line 883, in exec_module
  File "<frozen importlib._bootstrap>", line 241, in _call_with_frames_removed
  File "/mnt/c/Users/Victor/Desktop/Final_Semester/data-engineering-final-semester-portfolio/airflow/dags/first_dag.py", line 9, in <module>
    dag_id
NameError: name 'dag_id' is not defined
[2024-07-15T11:29:17.755+0100] {processor.py:842} WARNING - No viable dags retrieved from /mnt/c/Users/Victor/Desktop/Final_Semester/data-engineering-final-semester-portfolio/airflow/dags/first_dag.py
[2024-07-15T11:29:17.954+0100] {processor.py:183} INFO - Processing /mnt/c/Users/Victor/Desktop/Final_Semester/data-engineering-final-semester-portfolio/airflow/dags/first_dag.py took 0.301 seconds
[2024-07-15T11:29:48.859+0100] {processor.py:161} INFO - Started process (PID=47698) to work on /mnt/c/Users/Victor/Desktop/Final_Semester/data-engineering-final-semester-portfolio/airflow/dags/first_dag.py
[2024-07-15T11:29:48.864+0100] {processor.py:830} INFO - Processing file /mnt/c/Users/Victor/Desktop/Final_Semester/data-engineering-final-semester-portfolio/airflow/dags/first_dag.py for tasks to queue
[2024-07-15T11:29:48.873+0100] {logging_mixin.py:188} INFO - [2024-07-15T11:29:48.871+0100] {dagbag.py:545} INFO - Filling up the DagBag from /mnt/c/Users/Victor/Desktop/Final_Semester/data-engineering-final-semester-portfolio/airflow/dags/first_dag.py
[2024-07-15T11:29:48.988+0100] {logging_mixin.py:188} INFO - [2024-07-15T11:29:48.971+0100] {dagbag.py:355} ERROR - Failed to import: /mnt/c/Users/Victor/Desktop/Final_Semester/data-engineering-final-semester-portfolio/airflow/dags/first_dag.py
Traceback (most recent call last):
  File "/home/victor/airflow_env/lib/python3.10/site-packages/airflow/models/dagbag.py", line 351, in parse
    loader.exec_module(new_module)
  File "<frozen importlib._bootstrap_external>", line 883, in exec_module
  File "<frozen importlib._bootstrap>", line 241, in _call_with_frames_removed
  File "/mnt/c/Users/Victor/Desktop/Final_Semester/data-engineering-final-semester-portfolio/airflow/dags/first_dag.py", line 9, in <module>
    dag_id
NameError: name 'dag_id' is not defined
[2024-07-15T11:29:48.996+0100] {processor.py:842} WARNING - No viable dags retrieved from /mnt/c/Users/Victor/Desktop/Final_Semester/data-engineering-final-semester-portfolio/airflow/dags/first_dag.py
[2024-07-15T11:29:49.206+0100] {processor.py:183} INFO - Processing /mnt/c/Users/Victor/Desktop/Final_Semester/data-engineering-final-semester-portfolio/airflow/dags/first_dag.py took 0.376 seconds
[2024-07-15T11:30:19.779+0100] {processor.py:161} INFO - Started process (PID=47864) to work on /mnt/c/Users/Victor/Desktop/Final_Semester/data-engineering-final-semester-portfolio/airflow/dags/first_dag.py
[2024-07-15T11:30:19.786+0100] {processor.py:830} INFO - Processing file /mnt/c/Users/Victor/Desktop/Final_Semester/data-engineering-final-semester-portfolio/airflow/dags/first_dag.py for tasks to queue
[2024-07-15T11:30:19.800+0100] {logging_mixin.py:188} INFO - [2024-07-15T11:30:19.797+0100] {dagbag.py:545} INFO - Filling up the DagBag from /mnt/c/Users/Victor/Desktop/Final_Semester/data-engineering-final-semester-portfolio/airflow/dags/first_dag.py
[2024-07-15T11:30:19.933+0100] {logging_mixin.py:188} INFO - [2024-07-15T11:30:19.888+0100] {dagbag.py:355} ERROR - Failed to import: /mnt/c/Users/Victor/Desktop/Final_Semester/data-engineering-final-semester-portfolio/airflow/dags/first_dag.py
Traceback (most recent call last):
  File "/home/victor/airflow_env/lib/python3.10/site-packages/airflow/models/dagbag.py", line 351, in parse
    loader.exec_module(new_module)
  File "<frozen importlib._bootstrap_external>", line 883, in exec_module
  File "<frozen importlib._bootstrap>", line 241, in _call_with_frames_removed
  File "/mnt/c/Users/Victor/Desktop/Final_Semester/data-engineering-final-semester-portfolio/airflow/dags/first_dag.py", line 9, in <module>
    dag_id
NameError: name 'dag_id' is not defined
[2024-07-15T11:30:19.947+0100] {processor.py:842} WARNING - No viable dags retrieved from /mnt/c/Users/Victor/Desktop/Final_Semester/data-engineering-final-semester-portfolio/airflow/dags/first_dag.py
[2024-07-15T11:30:20.269+0100] {processor.py:183} INFO - Processing /mnt/c/Users/Victor/Desktop/Final_Semester/data-engineering-final-semester-portfolio/airflow/dags/first_dag.py took 0.545 seconds
[2024-07-15T11:30:51.279+0100] {processor.py:161} INFO - Started process (PID=48039) to work on /mnt/c/Users/Victor/Desktop/Final_Semester/data-engineering-final-semester-portfolio/airflow/dags/first_dag.py
[2024-07-15T11:30:51.283+0100] {processor.py:830} INFO - Processing file /mnt/c/Users/Victor/Desktop/Final_Semester/data-engineering-final-semester-portfolio/airflow/dags/first_dag.py for tasks to queue
[2024-07-15T11:30:51.290+0100] {logging_mixin.py:188} INFO - [2024-07-15T11:30:51.288+0100] {dagbag.py:545} INFO - Filling up the DagBag from /mnt/c/Users/Victor/Desktop/Final_Semester/data-engineering-final-semester-portfolio/airflow/dags/first_dag.py
[2024-07-15T11:30:51.354+0100] {logging_mixin.py:188} INFO - [2024-07-15T11:30:51.340+0100] {dagbag.py:355} ERROR - Failed to import: /mnt/c/Users/Victor/Desktop/Final_Semester/data-engineering-final-semester-portfolio/airflow/dags/first_dag.py
Traceback (most recent call last):
  File "/home/victor/airflow_env/lib/python3.10/site-packages/airflow/models/dagbag.py", line 351, in parse
    loader.exec_module(new_module)
  File "<frozen importlib._bootstrap_external>", line 883, in exec_module
  File "<frozen importlib._bootstrap>", line 241, in _call_with_frames_removed
  File "/mnt/c/Users/Victor/Desktop/Final_Semester/data-engineering-final-semester-portfolio/airflow/dags/first_dag.py", line 9, in <module>
    dag_id
NameError: name 'dag_id' is not defined
[2024-07-15T11:30:51.360+0100] {processor.py:842} WARNING - No viable dags retrieved from /mnt/c/Users/Victor/Desktop/Final_Semester/data-engineering-final-semester-portfolio/airflow/dags/first_dag.py
[2024-07-15T11:30:51.552+0100] {processor.py:183} INFO - Processing /mnt/c/Users/Victor/Desktop/Final_Semester/data-engineering-final-semester-portfolio/airflow/dags/first_dag.py took 0.306 seconds
[2024-07-15T11:31:22.411+0100] {processor.py:161} INFO - Started process (PID=48215) to work on /mnt/c/Users/Victor/Desktop/Final_Semester/data-engineering-final-semester-portfolio/airflow/dags/first_dag.py
[2024-07-15T11:31:22.415+0100] {processor.py:830} INFO - Processing file /mnt/c/Users/Victor/Desktop/Final_Semester/data-engineering-final-semester-portfolio/airflow/dags/first_dag.py for tasks to queue
[2024-07-15T11:31:22.422+0100] {logging_mixin.py:188} INFO - [2024-07-15T11:31:22.421+0100] {dagbag.py:545} INFO - Filling up the DagBag from /mnt/c/Users/Victor/Desktop/Final_Semester/data-engineering-final-semester-portfolio/airflow/dags/first_dag.py
[2024-07-15T11:31:22.486+0100] {logging_mixin.py:188} INFO - [2024-07-15T11:31:22.470+0100] {dagbag.py:355} ERROR - Failed to import: /mnt/c/Users/Victor/Desktop/Final_Semester/data-engineering-final-semester-portfolio/airflow/dags/first_dag.py
Traceback (most recent call last):
  File "/home/victor/airflow_env/lib/python3.10/site-packages/airflow/models/dagbag.py", line 351, in parse
    loader.exec_module(new_module)
  File "<frozen importlib._bootstrap_external>", line 883, in exec_module
  File "<frozen importlib._bootstrap>", line 241, in _call_with_frames_removed
  File "/mnt/c/Users/Victor/Desktop/Final_Semester/data-engineering-final-semester-portfolio/airflow/dags/first_dag.py", line 9, in <module>
    dag_id
NameError: name 'dag_id' is not defined
[2024-07-15T11:31:22.493+0100] {processor.py:842} WARNING - No viable dags retrieved from /mnt/c/Users/Victor/Desktop/Final_Semester/data-engineering-final-semester-portfolio/airflow/dags/first_dag.py
[2024-07-15T11:31:22.685+0100] {processor.py:183} INFO - Processing /mnt/c/Users/Victor/Desktop/Final_Semester/data-engineering-final-semester-portfolio/airflow/dags/first_dag.py took 0.308 seconds
[2024-07-15T11:31:53.662+0100] {processor.py:161} INFO - Started process (PID=48419) to work on /mnt/c/Users/Victor/Desktop/Final_Semester/data-engineering-final-semester-portfolio/airflow/dags/first_dag.py
[2024-07-15T11:31:53.666+0100] {processor.py:830} INFO - Processing file /mnt/c/Users/Victor/Desktop/Final_Semester/data-engineering-final-semester-portfolio/airflow/dags/first_dag.py for tasks to queue
[2024-07-15T11:31:53.673+0100] {logging_mixin.py:188} INFO - [2024-07-15T11:31:53.671+0100] {dagbag.py:545} INFO - Filling up the DagBag from /mnt/c/Users/Victor/Desktop/Final_Semester/data-engineering-final-semester-portfolio/airflow/dags/first_dag.py
[2024-07-15T11:31:53.733+0100] {logging_mixin.py:188} INFO - [2024-07-15T11:31:53.716+0100] {dagbag.py:355} ERROR - Failed to import: /mnt/c/Users/Victor/Desktop/Final_Semester/data-engineering-final-semester-portfolio/airflow/dags/first_dag.py
Traceback (most recent call last):
  File "/home/victor/airflow_env/lib/python3.10/site-packages/airflow/models/dagbag.py", line 351, in parse
    loader.exec_module(new_module)
  File "<frozen importlib._bootstrap_external>", line 883, in exec_module
  File "<frozen importlib._bootstrap>", line 241, in _call_with_frames_removed
  File "/mnt/c/Users/Victor/Desktop/Final_Semester/data-engineering-final-semester-portfolio/airflow/dags/first_dag.py", line 9, in <module>
    dag_id
NameError: name 'dag_id' is not defined
[2024-07-15T11:31:53.741+0100] {processor.py:842} WARNING - No viable dags retrieved from /mnt/c/Users/Victor/Desktop/Final_Semester/data-engineering-final-semester-portfolio/airflow/dags/first_dag.py
[2024-07-15T11:31:54.006+0100] {processor.py:183} INFO - Processing /mnt/c/Users/Victor/Desktop/Final_Semester/data-engineering-final-semester-portfolio/airflow/dags/first_dag.py took 0.372 seconds
[2024-07-15T11:32:24.498+0100] {processor.py:161} INFO - Started process (PID=48622) to work on /mnt/c/Users/Victor/Desktop/Final_Semester/data-engineering-final-semester-portfolio/airflow/dags/first_dag.py
[2024-07-15T11:32:24.535+0100] {processor.py:830} INFO - Processing file /mnt/c/Users/Victor/Desktop/Final_Semester/data-engineering-final-semester-portfolio/airflow/dags/first_dag.py for tasks to queue
[2024-07-15T11:32:24.553+0100] {logging_mixin.py:188} INFO - [2024-07-15T11:32:24.552+0100] {dagbag.py:545} INFO - Filling up the DagBag from /mnt/c/Users/Victor/Desktop/Final_Semester/data-engineering-final-semester-portfolio/airflow/dags/first_dag.py
[2024-07-15T11:32:24.672+0100] {logging_mixin.py:188} INFO - [2024-07-15T11:32:24.657+0100] {dagbag.py:355} ERROR - Failed to import: /mnt/c/Users/Victor/Desktop/Final_Semester/data-engineering-final-semester-portfolio/airflow/dags/first_dag.py
Traceback (most recent call last):
  File "/home/victor/airflow_env/lib/python3.10/site-packages/airflow/models/dagbag.py", line 351, in parse
    loader.exec_module(new_module)
  File "<frozen importlib._bootstrap_external>", line 883, in exec_module
  File "<frozen importlib._bootstrap>", line 241, in _call_with_frames_removed
  File "/mnt/c/Users/Victor/Desktop/Final_Semester/data-engineering-final-semester-portfolio/airflow/dags/first_dag.py", line 9, in <module>
    dag_id
NameError: name 'dag_id' is not defined
[2024-07-15T11:32:24.679+0100] {processor.py:842} WARNING - No viable dags retrieved from /mnt/c/Users/Victor/Desktop/Final_Semester/data-engineering-final-semester-portfolio/airflow/dags/first_dag.py
[2024-07-15T11:32:25.020+0100] {processor.py:183} INFO - Processing /mnt/c/Users/Victor/Desktop/Final_Semester/data-engineering-final-semester-portfolio/airflow/dags/first_dag.py took 0.615 seconds
[2024-07-15T11:32:55.627+0100] {processor.py:161} INFO - Started process (PID=48802) to work on /mnt/c/Users/Victor/Desktop/Final_Semester/data-engineering-final-semester-portfolio/airflow/dags/first_dag.py
[2024-07-15T11:32:55.646+0100] {processor.py:830} INFO - Processing file /mnt/c/Users/Victor/Desktop/Final_Semester/data-engineering-final-semester-portfolio/airflow/dags/first_dag.py for tasks to queue
[2024-07-15T11:32:55.700+0100] {logging_mixin.py:188} INFO - [2024-07-15T11:32:55.687+0100] {dagbag.py:545} INFO - Filling up the DagBag from /mnt/c/Users/Victor/Desktop/Final_Semester/data-engineering-final-semester-portfolio/airflow/dags/first_dag.py
[2024-07-15T11:32:55.802+0100] {logging_mixin.py:188} INFO - [2024-07-15T11:32:55.785+0100] {dagbag.py:355} ERROR - Failed to import: /mnt/c/Users/Victor/Desktop/Final_Semester/data-engineering-final-semester-portfolio/airflow/dags/first_dag.py
Traceback (most recent call last):
  File "/home/victor/airflow_env/lib/python3.10/site-packages/airflow/models/dagbag.py", line 351, in parse
    loader.exec_module(new_module)
  File "<frozen importlib._bootstrap_external>", line 883, in exec_module
  File "<frozen importlib._bootstrap>", line 241, in _call_with_frames_removed
  File "/mnt/c/Users/Victor/Desktop/Final_Semester/data-engineering-final-semester-portfolio/airflow/dags/first_dag.py", line 9, in <module>
    dag_id
NameError: name 'dag_id' is not defined
[2024-07-15T11:32:55.820+0100] {processor.py:842} WARNING - No viable dags retrieved from /mnt/c/Users/Victor/Desktop/Final_Semester/data-engineering-final-semester-portfolio/airflow/dags/first_dag.py
[2024-07-15T11:32:56.198+0100] {processor.py:183} INFO - Processing /mnt/c/Users/Victor/Desktop/Final_Semester/data-engineering-final-semester-portfolio/airflow/dags/first_dag.py took 0.669 seconds
[2024-07-15T11:33:27.273+0100] {processor.py:161} INFO - Started process (PID=48972) to work on /mnt/c/Users/Victor/Desktop/Final_Semester/data-engineering-final-semester-portfolio/airflow/dags/first_dag.py
[2024-07-15T11:33:27.278+0100] {processor.py:830} INFO - Processing file /mnt/c/Users/Victor/Desktop/Final_Semester/data-engineering-final-semester-portfolio/airflow/dags/first_dag.py for tasks to queue
[2024-07-15T11:33:27.287+0100] {logging_mixin.py:188} INFO - [2024-07-15T11:33:27.285+0100] {dagbag.py:545} INFO - Filling up the DagBag from /mnt/c/Users/Victor/Desktop/Final_Semester/data-engineering-final-semester-portfolio/airflow/dags/first_dag.py
[2024-07-15T11:33:27.375+0100] {logging_mixin.py:188} INFO - [2024-07-15T11:33:27.359+0100] {dagbag.py:355} ERROR - Failed to import: /mnt/c/Users/Victor/Desktop/Final_Semester/data-engineering-final-semester-portfolio/airflow/dags/first_dag.py
Traceback (most recent call last):
  File "/home/victor/airflow_env/lib/python3.10/site-packages/airflow/models/dagbag.py", line 351, in parse
    loader.exec_module(new_module)
  File "<frozen importlib._bootstrap_external>", line 883, in exec_module
  File "<frozen importlib._bootstrap>", line 241, in _call_with_frames_removed
  File "/mnt/c/Users/Victor/Desktop/Final_Semester/data-engineering-final-semester-portfolio/airflow/dags/first_dag.py", line 9, in <module>
    dag_id
NameError: name 'dag_id' is not defined
[2024-07-15T11:33:27.381+0100] {processor.py:842} WARNING - No viable dags retrieved from /mnt/c/Users/Victor/Desktop/Final_Semester/data-engineering-final-semester-portfolio/airflow/dags/first_dag.py
[2024-07-15T11:33:27.593+0100] {processor.py:183} INFO - Processing /mnt/c/Users/Victor/Desktop/Final_Semester/data-engineering-final-semester-portfolio/airflow/dags/first_dag.py took 0.349 seconds
[2024-07-15T11:33:58.594+0100] {processor.py:161} INFO - Started process (PID=49148) to work on /mnt/c/Users/Victor/Desktop/Final_Semester/data-engineering-final-semester-portfolio/airflow/dags/first_dag.py
[2024-07-15T11:33:58.598+0100] {processor.py:830} INFO - Processing file /mnt/c/Users/Victor/Desktop/Final_Semester/data-engineering-final-semester-portfolio/airflow/dags/first_dag.py for tasks to queue
[2024-07-15T11:33:58.605+0100] {logging_mixin.py:188} INFO - [2024-07-15T11:33:58.604+0100] {dagbag.py:545} INFO - Filling up the DagBag from /mnt/c/Users/Victor/Desktop/Final_Semester/data-engineering-final-semester-portfolio/airflow/dags/first_dag.py
[2024-07-15T11:33:58.667+0100] {logging_mixin.py:188} INFO - [2024-07-15T11:33:58.655+0100] {dagbag.py:355} ERROR - Failed to import: /mnt/c/Users/Victor/Desktop/Final_Semester/data-engineering-final-semester-portfolio/airflow/dags/first_dag.py
Traceback (most recent call last):
  File "/home/victor/airflow_env/lib/python3.10/site-packages/airflow/models/dagbag.py", line 351, in parse
    loader.exec_module(new_module)
  File "<frozen importlib._bootstrap_external>", line 883, in exec_module
  File "<frozen importlib._bootstrap>", line 241, in _call_with_frames_removed
  File "/mnt/c/Users/Victor/Desktop/Final_Semester/data-engineering-final-semester-portfolio/airflow/dags/first_dag.py", line 9, in <module>
    dag_id
NameError: name 'dag_id' is not defined
[2024-07-15T11:33:58.672+0100] {processor.py:842} WARNING - No viable dags retrieved from /mnt/c/Users/Victor/Desktop/Final_Semester/data-engineering-final-semester-portfolio/airflow/dags/first_dag.py
[2024-07-15T11:33:58.885+0100] {processor.py:183} INFO - Processing /mnt/c/Users/Victor/Desktop/Final_Semester/data-engineering-final-semester-portfolio/airflow/dags/first_dag.py took 0.317 seconds
[2024-07-15T11:34:29.218+0100] {processor.py:161} INFO - Started process (PID=49309) to work on /mnt/c/Users/Victor/Desktop/Final_Semester/data-engineering-final-semester-portfolio/airflow/dags/first_dag.py
[2024-07-15T11:34:29.222+0100] {processor.py:830} INFO - Processing file /mnt/c/Users/Victor/Desktop/Final_Semester/data-engineering-final-semester-portfolio/airflow/dags/first_dag.py for tasks to queue
[2024-07-15T11:34:29.230+0100] {logging_mixin.py:188} INFO - [2024-07-15T11:34:29.228+0100] {dagbag.py:545} INFO - Filling up the DagBag from /mnt/c/Users/Victor/Desktop/Final_Semester/data-engineering-final-semester-portfolio/airflow/dags/first_dag.py
[2024-07-15T11:34:29.284+0100] {logging_mixin.py:188} INFO - [2024-07-15T11:34:29.273+0100] {dagbag.py:355} ERROR - Failed to import: /mnt/c/Users/Victor/Desktop/Final_Semester/data-engineering-final-semester-portfolio/airflow/dags/first_dag.py
Traceback (most recent call last):
  File "/home/victor/airflow_env/lib/python3.10/site-packages/airflow/models/dagbag.py", line 351, in parse
    loader.exec_module(new_module)
  File "<frozen importlib._bootstrap_external>", line 883, in exec_module
  File "<frozen importlib._bootstrap>", line 241, in _call_with_frames_removed
  File "/mnt/c/Users/Victor/Desktop/Final_Semester/data-engineering-final-semester-portfolio/airflow/dags/first_dag.py", line 9, in <module>
    dag_id
NameError: name 'dag_id' is not defined
[2024-07-15T11:34:29.289+0100] {processor.py:842} WARNING - No viable dags retrieved from /mnt/c/Users/Victor/Desktop/Final_Semester/data-engineering-final-semester-portfolio/airflow/dags/first_dag.py
[2024-07-15T11:34:29.495+0100] {processor.py:183} INFO - Processing /mnt/c/Users/Victor/Desktop/Final_Semester/data-engineering-final-semester-portfolio/airflow/dags/first_dag.py took 0.303 seconds
[2024-07-15T11:35:00.457+0100] {processor.py:161} INFO - Started process (PID=49477) to work on /mnt/c/Users/Victor/Desktop/Final_Semester/data-engineering-final-semester-portfolio/airflow/dags/first_dag.py
[2024-07-15T11:35:00.462+0100] {processor.py:830} INFO - Processing file /mnt/c/Users/Victor/Desktop/Final_Semester/data-engineering-final-semester-portfolio/airflow/dags/first_dag.py for tasks to queue
[2024-07-15T11:35:00.471+0100] {logging_mixin.py:188} INFO - [2024-07-15T11:35:00.469+0100] {dagbag.py:545} INFO - Filling up the DagBag from /mnt/c/Users/Victor/Desktop/Final_Semester/data-engineering-final-semester-portfolio/airflow/dags/first_dag.py
[2024-07-15T11:35:00.577+0100] {logging_mixin.py:188} INFO - [2024-07-15T11:35:00.560+0100] {dagbag.py:355} ERROR - Failed to import: /mnt/c/Users/Victor/Desktop/Final_Semester/data-engineering-final-semester-portfolio/airflow/dags/first_dag.py
Traceback (most recent call last):
  File "/home/victor/airflow_env/lib/python3.10/site-packages/airflow/models/dagbag.py", line 351, in parse
    loader.exec_module(new_module)
  File "<frozen importlib._bootstrap_external>", line 883, in exec_module
  File "<frozen importlib._bootstrap>", line 241, in _call_with_frames_removed
  File "/mnt/c/Users/Victor/Desktop/Final_Semester/data-engineering-final-semester-portfolio/airflow/dags/first_dag.py", line 9, in <module>
    dag_id
NameError: name 'dag_id' is not defined
[2024-07-15T11:35:00.583+0100] {processor.py:842} WARNING - No viable dags retrieved from /mnt/c/Users/Victor/Desktop/Final_Semester/data-engineering-final-semester-portfolio/airflow/dags/first_dag.py
[2024-07-15T11:35:00.839+0100] {processor.py:183} INFO - Processing /mnt/c/Users/Victor/Desktop/Final_Semester/data-engineering-final-semester-portfolio/airflow/dags/first_dag.py took 0.413 seconds
[2024-07-15T11:35:31.257+0100] {processor.py:161} INFO - Started process (PID=49645) to work on /mnt/c/Users/Victor/Desktop/Final_Semester/data-engineering-final-semester-portfolio/airflow/dags/first_dag.py
[2024-07-15T11:35:31.263+0100] {processor.py:830} INFO - Processing file /mnt/c/Users/Victor/Desktop/Final_Semester/data-engineering-final-semester-portfolio/airflow/dags/first_dag.py for tasks to queue
[2024-07-15T11:35:31.274+0100] {logging_mixin.py:188} INFO - [2024-07-15T11:35:31.271+0100] {dagbag.py:545} INFO - Filling up the DagBag from /mnt/c/Users/Victor/Desktop/Final_Semester/data-engineering-final-semester-portfolio/airflow/dags/first_dag.py
[2024-07-15T11:35:31.363+0100] {logging_mixin.py:188} INFO - [2024-07-15T11:35:31.342+0100] {dagbag.py:355} ERROR - Failed to import: /mnt/c/Users/Victor/Desktop/Final_Semester/data-engineering-final-semester-portfolio/airflow/dags/first_dag.py
Traceback (most recent call last):
  File "/home/victor/airflow_env/lib/python3.10/site-packages/airflow/models/dagbag.py", line 351, in parse
    loader.exec_module(new_module)
  File "<frozen importlib._bootstrap_external>", line 883, in exec_module
  File "<frozen importlib._bootstrap>", line 241, in _call_with_frames_removed
  File "/mnt/c/Users/Victor/Desktop/Final_Semester/data-engineering-final-semester-portfolio/airflow/dags/first_dag.py", line 9, in <module>
    dag_id
NameError: name 'dag_id' is not defined
[2024-07-15T11:35:31.372+0100] {processor.py:842} WARNING - No viable dags retrieved from /mnt/c/Users/Victor/Desktop/Final_Semester/data-engineering-final-semester-portfolio/airflow/dags/first_dag.py
[2024-07-15T11:35:31.621+0100] {processor.py:183} INFO - Processing /mnt/c/Users/Victor/Desktop/Final_Semester/data-engineering-final-semester-portfolio/airflow/dags/first_dag.py took 0.391 seconds
[2024-07-15T11:36:02.175+0100] {processor.py:161} INFO - Started process (PID=49876) to work on /mnt/c/Users/Victor/Desktop/Final_Semester/data-engineering-final-semester-portfolio/airflow/dags/first_dag.py
[2024-07-15T11:36:02.189+0100] {processor.py:830} INFO - Processing file /mnt/c/Users/Victor/Desktop/Final_Semester/data-engineering-final-semester-portfolio/airflow/dags/first_dag.py for tasks to queue
[2024-07-15T11:36:02.221+0100] {logging_mixin.py:188} INFO - [2024-07-15T11:36:02.219+0100] {dagbag.py:545} INFO - Filling up the DagBag from /mnt/c/Users/Victor/Desktop/Final_Semester/data-engineering-final-semester-portfolio/airflow/dags/first_dag.py
[2024-07-15T11:36:02.322+0100] {logging_mixin.py:188} INFO - [2024-07-15T11:36:02.307+0100] {dagbag.py:355} ERROR - Failed to import: /mnt/c/Users/Victor/Desktop/Final_Semester/data-engineering-final-semester-portfolio/airflow/dags/first_dag.py
Traceback (most recent call last):
  File "/home/victor/airflow_env/lib/python3.10/site-packages/airflow/models/dagbag.py", line 351, in parse
    loader.exec_module(new_module)
  File "<frozen importlib._bootstrap_external>", line 883, in exec_module
  File "<frozen importlib._bootstrap>", line 241, in _call_with_frames_removed
  File "/mnt/c/Users/Victor/Desktop/Final_Semester/data-engineering-final-semester-portfolio/airflow/dags/first_dag.py", line 9, in <module>
    dag_id
NameError: name 'dag_id' is not defined
[2024-07-15T11:36:02.327+0100] {processor.py:842} WARNING - No viable dags retrieved from /mnt/c/Users/Victor/Desktop/Final_Semester/data-engineering-final-semester-portfolio/airflow/dags/first_dag.py
[2024-07-15T11:36:02.699+0100] {processor.py:183} INFO - Processing /mnt/c/Users/Victor/Desktop/Final_Semester/data-engineering-final-semester-portfolio/airflow/dags/first_dag.py took 0.578 seconds
[2024-07-15T11:36:32.940+0100] {processor.py:161} INFO - Started process (PID=50040) to work on /mnt/c/Users/Victor/Desktop/Final_Semester/data-engineering-final-semester-portfolio/airflow/dags/first_dag.py
[2024-07-15T11:36:32.944+0100] {processor.py:830} INFO - Processing file /mnt/c/Users/Victor/Desktop/Final_Semester/data-engineering-final-semester-portfolio/airflow/dags/first_dag.py for tasks to queue
[2024-07-15T11:36:32.952+0100] {logging_mixin.py:188} INFO - [2024-07-15T11:36:32.951+0100] {dagbag.py:545} INFO - Filling up the DagBag from /mnt/c/Users/Victor/Desktop/Final_Semester/data-engineering-final-semester-portfolio/airflow/dags/first_dag.py
[2024-07-15T11:36:33.017+0100] {logging_mixin.py:188} INFO - [2024-07-15T11:36:32.998+0100] {dagbag.py:355} ERROR - Failed to import: /mnt/c/Users/Victor/Desktop/Final_Semester/data-engineering-final-semester-portfolio/airflow/dags/first_dag.py
Traceback (most recent call last):
  File "/home/victor/airflow_env/lib/python3.10/site-packages/airflow/models/dagbag.py", line 351, in parse
    loader.exec_module(new_module)
  File "<frozen importlib._bootstrap_external>", line 883, in exec_module
  File "<frozen importlib._bootstrap>", line 241, in _call_with_frames_removed
  File "/mnt/c/Users/Victor/Desktop/Final_Semester/data-engineering-final-semester-portfolio/airflow/dags/first_dag.py", line 9, in <module>
    dag_id
NameError: name 'dag_id' is not defined
[2024-07-15T11:36:33.023+0100] {processor.py:842} WARNING - No viable dags retrieved from /mnt/c/Users/Victor/Desktop/Final_Semester/data-engineering-final-semester-portfolio/airflow/dags/first_dag.py
[2024-07-15T11:36:33.200+0100] {processor.py:183} INFO - Processing /mnt/c/Users/Victor/Desktop/Final_Semester/data-engineering-final-semester-portfolio/airflow/dags/first_dag.py took 0.289 seconds
[2024-07-15T11:37:05.453+0100] {processor.py:161} INFO - Started process (PID=50192) to work on /mnt/c/Users/Victor/Desktop/Final_Semester/data-engineering-final-semester-portfolio/airflow/dags/first_dag.py
[2024-07-15T11:37:05.459+0100] {processor.py:830} INFO - Processing file /mnt/c/Users/Victor/Desktop/Final_Semester/data-engineering-final-semester-portfolio/airflow/dags/first_dag.py for tasks to queue
[2024-07-15T11:37:05.497+0100] {logging_mixin.py:188} INFO - [2024-07-15T11:37:05.494+0100] {dagbag.py:545} INFO - Filling up the DagBag from /mnt/c/Users/Victor/Desktop/Final_Semester/data-engineering-final-semester-portfolio/airflow/dags/first_dag.py
[2024-07-15T11:37:05.720+0100] {logging_mixin.py:188} INFO - [2024-07-15T11:37:05.691+0100] {dagbag.py:355} ERROR - Failed to import: /mnt/c/Users/Victor/Desktop/Final_Semester/data-engineering-final-semester-portfolio/airflow/dags/first_dag.py
Traceback (most recent call last):
  File "/home/victor/airflow_env/lib/python3.10/site-packages/airflow/models/dagbag.py", line 351, in parse
    loader.exec_module(new_module)
  File "<frozen importlib._bootstrap_external>", line 883, in exec_module
  File "<frozen importlib._bootstrap>", line 241, in _call_with_frames_removed
  File "/mnt/c/Users/Victor/Desktop/Final_Semester/data-engineering-final-semester-portfolio/airflow/dags/first_dag.py", line 9, in <module>
    dag_id
NameError: name 'dag_id' is not defined
[2024-07-15T11:37:05.729+0100] {processor.py:842} WARNING - No viable dags retrieved from /mnt/c/Users/Victor/Desktop/Final_Semester/data-engineering-final-semester-portfolio/airflow/dags/first_dag.py
[2024-07-15T11:37:06.060+0100] {processor.py:183} INFO - Processing /mnt/c/Users/Victor/Desktop/Final_Semester/data-engineering-final-semester-portfolio/airflow/dags/first_dag.py took 0.695 seconds
[2024-07-15T11:37:13.621+0100] {processor.py:161} INFO - Started process (PID=50306) to work on /mnt/c/Users/Victor/Desktop/Final_Semester/data-engineering-final-semester-portfolio/airflow/dags/first_dag.py
[2024-07-15T11:37:13.625+0100] {processor.py:830} INFO - Processing file /mnt/c/Users/Victor/Desktop/Final_Semester/data-engineering-final-semester-portfolio/airflow/dags/first_dag.py for tasks to queue
[2024-07-15T11:37:13.640+0100] {logging_mixin.py:188} INFO - [2024-07-15T11:37:13.637+0100] {dagbag.py:545} INFO - Filling up the DagBag from /mnt/c/Users/Victor/Desktop/Final_Semester/data-engineering-final-semester-portfolio/airflow/dags/first_dag.py
[2024-07-15T11:37:13.726+0100] {logging_mixin.py:188} INFO - [2024-07-15T11:37:13.723+0100] {dagbag.py:355} ERROR - Failed to import: /mnt/c/Users/Victor/Desktop/Final_Semester/data-engineering-final-semester-portfolio/airflow/dags/first_dag.py
Traceback (most recent call last):
  File "/home/victor/airflow_env/lib/python3.10/site-packages/airflow/models/dagbag.py", line 351, in parse
    loader.exec_module(new_module)
  File "<frozen importlib._bootstrap_external>", line 879, in exec_module
  File "<frozen importlib._bootstrap_external>", line 1017, in get_code
  File "<frozen importlib._bootstrap_external>", line 947, in source_to_code
  File "<frozen importlib._bootstrap>", line 241, in _call_with_frames_removed
  File "/mnt/c/Users/Victor/Desktop/Final_Semester/data-engineering-final-semester-portfolio/airflow/dags/first_dag.py", line 10
    ) as dag:
    ^
SyntaxError: invalid syntax
[2024-07-15T11:37:13.729+0100] {processor.py:842} WARNING - No viable dags retrieved from /mnt/c/Users/Victor/Desktop/Final_Semester/data-engineering-final-semester-portfolio/airflow/dags/first_dag.py
[2024-07-15T11:37:13.996+0100] {processor.py:183} INFO - Processing /mnt/c/Users/Victor/Desktop/Final_Semester/data-engineering-final-semester-portfolio/airflow/dags/first_dag.py took 0.409 seconds
[2024-07-15T11:37:19.155+0100] {processor.py:161} INFO - Started process (PID=50345) to work on /mnt/c/Users/Victor/Desktop/Final_Semester/data-engineering-final-semester-portfolio/airflow/dags/first_dag.py
[2024-07-15T11:37:19.190+0100] {processor.py:830} INFO - Processing file /mnt/c/Users/Victor/Desktop/Final_Semester/data-engineering-final-semester-portfolio/airflow/dags/first_dag.py for tasks to queue
[2024-07-15T11:37:19.202+0100] {logging_mixin.py:188} INFO - [2024-07-15T11:37:19.199+0100] {dagbag.py:545} INFO - Filling up the DagBag from /mnt/c/Users/Victor/Desktop/Final_Semester/data-engineering-final-semester-portfolio/airflow/dags/first_dag.py
[2024-07-15T11:37:19.406+0100] {logging_mixin.py:188} INFO - [2024-07-15T11:37:19.351+0100] {dagbag.py:355} ERROR - Failed to import: /mnt/c/Users/Victor/Desktop/Final_Semester/data-engineering-final-semester-portfolio/airflow/dags/first_dag.py
Traceback (most recent call last):
  File "/home/victor/airflow_env/lib/python3.10/site-packages/airflow/models/dagbag.py", line 351, in parse
    loader.exec_module(new_module)
  File "<frozen importlib._bootstrap_external>", line 883, in exec_module
  File "<frozen importlib._bootstrap>", line 241, in _call_with_frames_removed
  File "/mnt/c/Users/Victor/Desktop/Final_Semester/data-engineering-final-semester-portfolio/airflow/dags/first_dag.py", line 8, in <module>
    with DAG(
  File "/home/victor/airflow_env/lib/python3.10/site-packages/airflow/models/dag.py", line 519, in __init__
    validate_key(dag_id)
  File "/home/victor/airflow_env/lib/python3.10/site-packages/airflow/utils/helpers.py", line 57, in validate_key
    raise AirflowException(
airflow.exceptions.AirflowException: The key '' has to be made of alphanumeric characters, dashes, dots and underscores exclusively
[2024-07-15T11:37:19.409+0100] {processor.py:842} WARNING - No viable dags retrieved from /mnt/c/Users/Victor/Desktop/Final_Semester/data-engineering-final-semester-portfolio/airflow/dags/first_dag.py
[2024-07-15T11:37:20.096+0100] {processor.py:183} INFO - Processing /mnt/c/Users/Victor/Desktop/Final_Semester/data-engineering-final-semester-portfolio/airflow/dags/first_dag.py took 1.009 seconds
[2024-07-15T11:37:28.693+0100] {processor.py:161} INFO - Started process (PID=50407) to work on /mnt/c/Users/Victor/Desktop/Final_Semester/data-engineering-final-semester-portfolio/airflow/dags/first_dag.py
[2024-07-15T11:37:28.702+0100] {processor.py:830} INFO - Processing file /mnt/c/Users/Victor/Desktop/Final_Semester/data-engineering-final-semester-portfolio/airflow/dags/first_dag.py for tasks to queue
[2024-07-15T11:37:28.710+0100] {logging_mixin.py:188} INFO - [2024-07-15T11:37:28.709+0100] {dagbag.py:545} INFO - Filling up the DagBag from /mnt/c/Users/Victor/Desktop/Final_Semester/data-engineering-final-semester-portfolio/airflow/dags/first_dag.py
[2024-07-15T11:37:28.886+0100] {logging_mixin.py:188} INFO - [2024-07-15T11:37:28.861+0100] {dagbag.py:355} ERROR - Failed to import: /mnt/c/Users/Victor/Desktop/Final_Semester/data-engineering-final-semester-portfolio/airflow/dags/first_dag.py
Traceback (most recent call last):
  File "/home/victor/airflow_env/lib/python3.10/site-packages/airflow/models/dagbag.py", line 351, in parse
    loader.exec_module(new_module)
  File "<frozen importlib._bootstrap_external>", line 883, in exec_module
  File "<frozen importlib._bootstrap>", line 241, in _call_with_frames_removed
  File "/mnt/c/Users/Victor/Desktop/Final_Semester/data-engineering-final-semester-portfolio/airflow/dags/first_dag.py", line 8, in <module>
    with DAG(
  File "/home/victor/airflow_env/lib/python3.10/site-packages/airflow/models/dag.py", line 519, in __init__
    validate_key(dag_id)
  File "/home/victor/airflow_env/lib/python3.10/site-packages/airflow/utils/helpers.py", line 57, in validate_key
    raise AirflowException(
airflow.exceptions.AirflowException: The key '' has to be made of alphanumeric characters, dashes, dots and underscores exclusively
[2024-07-15T11:37:28.905+0100] {processor.py:842} WARNING - No viable dags retrieved from /mnt/c/Users/Victor/Desktop/Final_Semester/data-engineering-final-semester-portfolio/airflow/dags/first_dag.py
[2024-07-15T11:37:29.212+0100] {processor.py:183} INFO - Processing /mnt/c/Users/Victor/Desktop/Final_Semester/data-engineering-final-semester-portfolio/airflow/dags/first_dag.py took 0.599 seconds
[2024-07-15T11:37:34.113+0100] {processor.py:161} INFO - Started process (PID=50432) to work on /mnt/c/Users/Victor/Desktop/Final_Semester/data-engineering-final-semester-portfolio/airflow/dags/first_dag.py
[2024-07-15T11:37:34.160+0100] {processor.py:830} INFO - Processing file /mnt/c/Users/Victor/Desktop/Final_Semester/data-engineering-final-semester-portfolio/airflow/dags/first_dag.py for tasks to queue
[2024-07-15T11:37:34.182+0100] {logging_mixin.py:188} INFO - [2024-07-15T11:37:34.180+0100] {dagbag.py:545} INFO - Filling up the DagBag from /mnt/c/Users/Victor/Desktop/Final_Semester/data-engineering-final-semester-portfolio/airflow/dags/first_dag.py
[2024-07-15T11:37:34.545+0100] {logging_mixin.py:188} INFO - [2024-07-15T11:37:34.499+0100] {dagbag.py:355} ERROR - Failed to import: /mnt/c/Users/Victor/Desktop/Final_Semester/data-engineering-final-semester-portfolio/airflow/dags/first_dag.py
Traceback (most recent call last):
  File "/home/victor/airflow_env/lib/python3.10/site-packages/airflow/models/dagbag.py", line 351, in parse
    loader.exec_module(new_module)
  File "<frozen importlib._bootstrap_external>", line 883, in exec_module
  File "<frozen importlib._bootstrap>", line 241, in _call_with_frames_removed
  File "/mnt/c/Users/Victor/Desktop/Final_Semester/data-engineering-final-semester-portfolio/airflow/dags/first_dag.py", line 8, in <module>
    with DAG(
  File "/home/victor/airflow_env/lib/python3.10/site-packages/airflow/models/dag.py", line 519, in __init__
    validate_key(dag_id)
  File "/home/victor/airflow_env/lib/python3.10/site-packages/airflow/utils/helpers.py", line 57, in validate_key
    raise AirflowException(
airflow.exceptions.AirflowException: The key '{ENV}' has to be made of alphanumeric characters, dashes, dots and underscores exclusively
[2024-07-15T11:37:34.572+0100] {processor.py:842} WARNING - No viable dags retrieved from /mnt/c/Users/Victor/Desktop/Final_Semester/data-engineering-final-semester-portfolio/airflow/dags/first_dag.py
[2024-07-15T11:37:34.891+0100] {processor.py:183} INFO - Processing /mnt/c/Users/Victor/Desktop/Final_Semester/data-engineering-final-semester-portfolio/airflow/dags/first_dag.py took 0.950 seconds
[2024-07-15T11:37:39.338+0100] {processor.py:161} INFO - Started process (PID=50459) to work on /mnt/c/Users/Victor/Desktop/Final_Semester/data-engineering-final-semester-portfolio/airflow/dags/first_dag.py
[2024-07-15T11:37:39.373+0100] {processor.py:830} INFO - Processing file /mnt/c/Users/Victor/Desktop/Final_Semester/data-engineering-final-semester-portfolio/airflow/dags/first_dag.py for tasks to queue
[2024-07-15T11:37:39.397+0100] {logging_mixin.py:188} INFO - [2024-07-15T11:37:39.393+0100] {dagbag.py:545} INFO - Filling up the DagBag from /mnt/c/Users/Victor/Desktop/Final_Semester/data-engineering-final-semester-portfolio/airflow/dags/first_dag.py
[2024-07-15T11:37:39.780+0100] {logging_mixin.py:188} INFO - [2024-07-15T11:37:39.700+0100] {dagbag.py:355} ERROR - Failed to import: /mnt/c/Users/Victor/Desktop/Final_Semester/data-engineering-final-semester-portfolio/airflow/dags/first_dag.py
Traceback (most recent call last):
  File "/home/victor/airflow_env/lib/python3.10/site-packages/airflow/models/dagbag.py", line 351, in parse
    loader.exec_module(new_module)
  File "<frozen importlib._bootstrap_external>", line 883, in exec_module
  File "<frozen importlib._bootstrap>", line 241, in _call_with_frames_removed
  File "/mnt/c/Users/Victor/Desktop/Final_Semester/data-engineering-final-semester-portfolio/airflow/dags/first_dag.py", line 8, in <module>
    with DAG(
  File "/home/victor/airflow_env/lib/python3.10/site-packages/airflow/models/dag.py", line 519, in __init__
    validate_key(dag_id)
  File "/home/victor/airflow_env/lib/python3.10/site-packages/airflow/utils/helpers.py", line 57, in validate_key
    raise AirflowException(
airflow.exceptions.AirflowException: The key '{ENV}-' has to be made of alphanumeric characters, dashes, dots and underscores exclusively
[2024-07-15T11:37:39.795+0100] {processor.py:842} WARNING - No viable dags retrieved from /mnt/c/Users/Victor/Desktop/Final_Semester/data-engineering-final-semester-portfolio/airflow/dags/first_dag.py
[2024-07-15T11:37:40.395+0100] {processor.py:183} INFO - Processing /mnt/c/Users/Victor/Desktop/Final_Semester/data-engineering-final-semester-portfolio/airflow/dags/first_dag.py took 1.128 seconds
[2024-07-15T11:37:42.882+0100] {processor.py:161} INFO - Started process (PID=50479) to work on /mnt/c/Users/Victor/Desktop/Final_Semester/data-engineering-final-semester-portfolio/airflow/dags/first_dag.py
[2024-07-15T11:37:42.889+0100] {processor.py:830} INFO - Processing file /mnt/c/Users/Victor/Desktop/Final_Semester/data-engineering-final-semester-portfolio/airflow/dags/first_dag.py for tasks to queue
[2024-07-15T11:37:42.898+0100] {logging_mixin.py:188} INFO - [2024-07-15T11:37:42.896+0100] {dagbag.py:545} INFO - Filling up the DagBag from /mnt/c/Users/Victor/Desktop/Final_Semester/data-engineering-final-semester-portfolio/airflow/dags/first_dag.py
[2024-07-15T11:37:43.103+0100] {logging_mixin.py:188} INFO - [2024-07-15T11:37:43.072+0100] {dagbag.py:355} ERROR - Failed to import: /mnt/c/Users/Victor/Desktop/Final_Semester/data-engineering-final-semester-portfolio/airflow/dags/first_dag.py
Traceback (most recent call last):
  File "/home/victor/airflow_env/lib/python3.10/site-packages/airflow/models/dagbag.py", line 351, in parse
    loader.exec_module(new_module)
  File "<frozen importlib._bootstrap_external>", line 883, in exec_module
  File "<frozen importlib._bootstrap>", line 241, in _call_with_frames_removed
  File "/mnt/c/Users/Victor/Desktop/Final_Semester/data-engineering-final-semester-portfolio/airflow/dags/first_dag.py", line 8, in <module>
    with DAG(
  File "/home/victor/airflow_env/lib/python3.10/site-packages/airflow/models/dag.py", line 519, in __init__
    validate_key(dag_id)
  File "/home/victor/airflow_env/lib/python3.10/site-packages/airflow/utils/helpers.py", line 57, in validate_key
    raise AirflowException(
airflow.exceptions.AirflowException: The key '{ENV}-astro' has to be made of alphanumeric characters, dashes, dots and underscores exclusively
[2024-07-15T11:37:43.110+0100] {processor.py:842} WARNING - No viable dags retrieved from /mnt/c/Users/Victor/Desktop/Final_Semester/data-engineering-final-semester-portfolio/airflow/dags/first_dag.py
[2024-07-15T11:37:43.738+0100] {processor.py:183} INFO - Processing /mnt/c/Users/Victor/Desktop/Final_Semester/data-engineering-final-semester-portfolio/airflow/dags/first_dag.py took 0.897 seconds
[2024-07-15T11:37:46.509+0100] {processor.py:161} INFO - Started process (PID=50493) to work on /mnt/c/Users/Victor/Desktop/Final_Semester/data-engineering-final-semester-portfolio/airflow/dags/first_dag.py
[2024-07-15T11:37:46.513+0100] {processor.py:830} INFO - Processing file /mnt/c/Users/Victor/Desktop/Final_Semester/data-engineering-final-semester-portfolio/airflow/dags/first_dag.py for tasks to queue
[2024-07-15T11:37:46.529+0100] {logging_mixin.py:188} INFO - [2024-07-15T11:37:46.527+0100] {dagbag.py:545} INFO - Filling up the DagBag from /mnt/c/Users/Victor/Desktop/Final_Semester/data-engineering-final-semester-portfolio/airflow/dags/first_dag.py
[2024-07-15T11:37:46.873+0100] {logging_mixin.py:188} INFO - [2024-07-15T11:37:46.806+0100] {dagbag.py:355} ERROR - Failed to import: /mnt/c/Users/Victor/Desktop/Final_Semester/data-engineering-final-semester-portfolio/airflow/dags/first_dag.py
Traceback (most recent call last):
  File "/home/victor/airflow_env/lib/python3.10/site-packages/airflow/models/dagbag.py", line 351, in parse
    loader.exec_module(new_module)
  File "<frozen importlib._bootstrap_external>", line 883, in exec_module
  File "<frozen importlib._bootstrap>", line 241, in _call_with_frames_removed
  File "/mnt/c/Users/Victor/Desktop/Final_Semester/data-engineering-final-semester-portfolio/airflow/dags/first_dag.py", line 8, in <module>
    with DAG(
  File "/home/victor/airflow_env/lib/python3.10/site-packages/airflow/models/dag.py", line 519, in __init__
    validate_key(dag_id)
  File "/home/victor/airflow_env/lib/python3.10/site-packages/airflow/utils/helpers.py", line 57, in validate_key
    raise AirflowException(
airflow.exceptions.AirflowException: The key '{ENV}-astron' has to be made of alphanumeric characters, dashes, dots and underscores exclusively
[2024-07-15T11:37:46.875+0100] {processor.py:842} WARNING - No viable dags retrieved from /mnt/c/Users/Victor/Desktop/Final_Semester/data-engineering-final-semester-portfolio/airflow/dags/first_dag.py
[2024-07-15T11:37:47.461+0100] {processor.py:183} INFO - Processing /mnt/c/Users/Victor/Desktop/Final_Semester/data-engineering-final-semester-portfolio/airflow/dags/first_dag.py took 1.027 seconds
[2024-07-15T11:37:50.696+0100] {processor.py:161} INFO - Started process (PID=50515) to work on /mnt/c/Users/Victor/Desktop/Final_Semester/data-engineering-final-semester-portfolio/airflow/dags/first_dag.py
[2024-07-15T11:37:50.714+0100] {processor.py:830} INFO - Processing file /mnt/c/Users/Victor/Desktop/Final_Semester/data-engineering-final-semester-portfolio/airflow/dags/first_dag.py for tasks to queue
[2024-07-15T11:37:50.734+0100] {logging_mixin.py:188} INFO - [2024-07-15T11:37:50.732+0100] {dagbag.py:545} INFO - Filling up the DagBag from /mnt/c/Users/Victor/Desktop/Final_Semester/data-engineering-final-semester-portfolio/airflow/dags/first_dag.py
[2024-07-15T11:37:51.200+0100] {logging_mixin.py:188} INFO - [2024-07-15T11:37:51.096+0100] {dagbag.py:355} ERROR - Failed to import: /mnt/c/Users/Victor/Desktop/Final_Semester/data-engineering-final-semester-portfolio/airflow/dags/first_dag.py
Traceback (most recent call last):
  File "/home/victor/airflow_env/lib/python3.10/site-packages/airflow/models/dagbag.py", line 351, in parse
    loader.exec_module(new_module)
  File "<frozen importlib._bootstrap_external>", line 883, in exec_module
  File "<frozen importlib._bootstrap>", line 241, in _call_with_frames_removed
  File "/mnt/c/Users/Victor/Desktop/Final_Semester/data-engineering-final-semester-portfolio/airflow/dags/first_dag.py", line 8, in <module>
    with DAG(
  File "/home/victor/airflow_env/lib/python3.10/site-packages/airflow/models/dag.py", line 519, in __init__
    validate_key(dag_id)
  File "/home/victor/airflow_env/lib/python3.10/site-packages/airflow/utils/helpers.py", line 57, in validate_key
    raise AirflowException(
airflow.exceptions.AirflowException: The key '{ENV}-astronauts_' has to be made of alphanumeric characters, dashes, dots and underscores exclusively
[2024-07-15T11:37:51.216+0100] {processor.py:842} WARNING - No viable dags retrieved from /mnt/c/Users/Victor/Desktop/Final_Semester/data-engineering-final-semester-portfolio/airflow/dags/first_dag.py
[2024-07-15T11:37:51.980+0100] {processor.py:183} INFO - Processing /mnt/c/Users/Victor/Desktop/Final_Semester/data-engineering-final-semester-portfolio/airflow/dags/first_dag.py took 1.481 seconds
[2024-07-15T11:37:55.192+0100] {processor.py:161} INFO - Started process (PID=50534) to work on /mnt/c/Users/Victor/Desktop/Final_Semester/data-engineering-final-semester-portfolio/airflow/dags/first_dag.py
[2024-07-15T11:37:55.197+0100] {processor.py:830} INFO - Processing file /mnt/c/Users/Victor/Desktop/Final_Semester/data-engineering-final-semester-portfolio/airflow/dags/first_dag.py for tasks to queue
[2024-07-15T11:37:55.222+0100] {logging_mixin.py:188} INFO - [2024-07-15T11:37:55.213+0100] {dagbag.py:545} INFO - Filling up the DagBag from /mnt/c/Users/Victor/Desktop/Final_Semester/data-engineering-final-semester-portfolio/airflow/dags/first_dag.py
[2024-07-15T11:37:55.497+0100] {logging_mixin.py:188} INFO - [2024-07-15T11:37:55.430+0100] {dagbag.py:355} ERROR - Failed to import: /mnt/c/Users/Victor/Desktop/Final_Semester/data-engineering-final-semester-portfolio/airflow/dags/first_dag.py
Traceback (most recent call last):
  File "/home/victor/airflow_env/lib/python3.10/site-packages/airflow/models/dagbag.py", line 351, in parse
    loader.exec_module(new_module)
  File "<frozen importlib._bootstrap_external>", line 883, in exec_module
  File "<frozen importlib._bootstrap>", line 241, in _call_with_frames_removed
  File "/mnt/c/Users/Victor/Desktop/Final_Semester/data-engineering-final-semester-portfolio/airflow/dags/first_dag.py", line 8, in <module>
    with DAG(
  File "/home/victor/airflow_env/lib/python3.10/site-packages/airflow/models/dag.py", line 519, in __init__
    validate_key(dag_id)
  File "/home/victor/airflow_env/lib/python3.10/site-packages/airflow/utils/helpers.py", line 57, in validate_key
    raise AirflowException(
airflow.exceptions.AirflowException: The key '{ENV}-astronauts_in_space' has to be made of alphanumeric characters, dashes, dots and underscores exclusively
[2024-07-15T11:37:55.507+0100] {processor.py:842} WARNING - No viable dags retrieved from /mnt/c/Users/Victor/Desktop/Final_Semester/data-engineering-final-semester-portfolio/airflow/dags/first_dag.py
[2024-07-15T11:37:55.857+0100] {processor.py:183} INFO - Processing /mnt/c/Users/Victor/Desktop/Final_Semester/data-engineering-final-semester-portfolio/airflow/dags/first_dag.py took 0.730 seconds
[2024-07-15T11:38:04.717+0100] {processor.py:161} INFO - Started process (PID=50575) to work on /mnt/c/Users/Victor/Desktop/Final_Semester/data-engineering-final-semester-portfolio/airflow/dags/first_dag.py
[2024-07-15T11:38:04.741+0100] {processor.py:830} INFO - Processing file /mnt/c/Users/Victor/Desktop/Final_Semester/data-engineering-final-semester-portfolio/airflow/dags/first_dag.py for tasks to queue
[2024-07-15T11:38:04.811+0100] {logging_mixin.py:188} INFO - [2024-07-15T11:38:04.808+0100] {dagbag.py:545} INFO - Filling up the DagBag from /mnt/c/Users/Victor/Desktop/Final_Semester/data-engineering-final-semester-portfolio/airflow/dags/first_dag.py
[2024-07-15T11:38:05.177+0100] {logging_mixin.py:188} INFO - [2024-07-15T11:38:05.126+0100] {dagbag.py:355} ERROR - Failed to import: /mnt/c/Users/Victor/Desktop/Final_Semester/data-engineering-final-semester-portfolio/airflow/dags/first_dag.py
Traceback (most recent call last):
  File "/home/victor/airflow_env/lib/python3.10/site-packages/airflow/models/dagbag.py", line 351, in parse
    loader.exec_module(new_module)
  File "<frozen importlib._bootstrap_external>", line 883, in exec_module
  File "<frozen importlib._bootstrap>", line 241, in _call_with_frames_removed
  File "/mnt/c/Users/Victor/Desktop/Final_Semester/data-engineering-final-semester-portfolio/airflow/dags/first_dag.py", line 8, in <module>
    with DAG(
  File "/home/victor/airflow_env/lib/python3.10/site-packages/airflow/models/dag.py", line 519, in __init__
    validate_key(dag_id)
  File "/home/victor/airflow_env/lib/python3.10/site-packages/airflow/utils/helpers.py", line 57, in validate_key
    raise AirflowException(
airflow.exceptions.AirflowException: The key '{ENV}-astronauts_in_space-v1' has to be made of alphanumeric characters, dashes, dots and underscores exclusively
[2024-07-15T11:38:05.182+0100] {processor.py:842} WARNING - No viable dags retrieved from /mnt/c/Users/Victor/Desktop/Final_Semester/data-engineering-final-semester-portfolio/airflow/dags/first_dag.py
[2024-07-15T11:38:05.795+0100] {processor.py:183} INFO - Processing /mnt/c/Users/Victor/Desktop/Final_Semester/data-engineering-final-semester-portfolio/airflow/dags/first_dag.py took 1.231 seconds
[2024-07-15T11:38:09.924+0100] {processor.py:161} INFO - Started process (PID=50602) to work on /mnt/c/Users/Victor/Desktop/Final_Semester/data-engineering-final-semester-portfolio/airflow/dags/first_dag.py
[2024-07-15T11:38:09.942+0100] {processor.py:830} INFO - Processing file /mnt/c/Users/Victor/Desktop/Final_Semester/data-engineering-final-semester-portfolio/airflow/dags/first_dag.py for tasks to queue
[2024-07-15T11:38:09.960+0100] {logging_mixin.py:188} INFO - [2024-07-15T11:38:09.958+0100] {dagbag.py:545} INFO - Filling up the DagBag from /mnt/c/Users/Victor/Desktop/Final_Semester/data-engineering-final-semester-portfolio/airflow/dags/first_dag.py
[2024-07-15T11:38:10.479+0100] {logging_mixin.py:188} INFO - [2024-07-15T11:38:10.357+0100] {dagbag.py:355} ERROR - Failed to import: /mnt/c/Users/Victor/Desktop/Final_Semester/data-engineering-final-semester-portfolio/airflow/dags/first_dag.py
Traceback (most recent call last):
  File "/home/victor/airflow_env/lib/python3.10/site-packages/airflow/models/dagbag.py", line 351, in parse
    loader.exec_module(new_module)
  File "<frozen importlib._bootstrap_external>", line 883, in exec_module
  File "<frozen importlib._bootstrap>", line 241, in _call_with_frames_removed
  File "/mnt/c/Users/Victor/Desktop/Final_Semester/data-engineering-final-semester-portfolio/airflow/dags/first_dag.py", line 8, in <module>
    with DAG(
  File "/home/victor/airflow_env/lib/python3.10/site-packages/airflow/models/dag.py", line 519, in __init__
    validate_key(dag_id)
  File "/home/victor/airflow_env/lib/python3.10/site-packages/airflow/utils/helpers.py", line 57, in validate_key
    raise AirflowException(
airflow.exceptions.AirflowException: The key '{ENV}-astronauts_in_space-v1.0' has to be made of alphanumeric characters, dashes, dots and underscores exclusively
[2024-07-15T11:38:10.492+0100] {processor.py:842} WARNING - No viable dags retrieved from /mnt/c/Users/Victor/Desktop/Final_Semester/data-engineering-final-semester-portfolio/airflow/dags/first_dag.py
[2024-07-15T11:38:10.997+0100] {processor.py:183} INFO - Processing /mnt/c/Users/Victor/Desktop/Final_Semester/data-engineering-final-semester-portfolio/airflow/dags/first_dag.py took 1.280 seconds
[2024-07-15T11:38:16.296+0100] {processor.py:161} INFO - Started process (PID=50631) to work on /mnt/c/Users/Victor/Desktop/Final_Semester/data-engineering-final-semester-portfolio/airflow/dags/first_dag.py
[2024-07-15T11:38:16.328+0100] {processor.py:830} INFO - Processing file /mnt/c/Users/Victor/Desktop/Final_Semester/data-engineering-final-semester-portfolio/airflow/dags/first_dag.py for tasks to queue
[2024-07-15T11:38:16.342+0100] {logging_mixin.py:188} INFO - [2024-07-15T11:38:16.339+0100] {dagbag.py:545} INFO - Filling up the DagBag from /mnt/c/Users/Victor/Desktop/Final_Semester/data-engineering-final-semester-portfolio/airflow/dags/first_dag.py
[2024-07-15T11:38:16.727+0100] {logging_mixin.py:188} INFO - [2024-07-15T11:38:16.599+0100] {dagbag.py:355} ERROR - Failed to import: /mnt/c/Users/Victor/Desktop/Final_Semester/data-engineering-final-semester-portfolio/airflow/dags/first_dag.py
Traceback (most recent call last):
  File "/home/victor/airflow_env/lib/python3.10/site-packages/airflow/models/dagbag.py", line 351, in parse
    loader.exec_module(new_module)
  File "<frozen importlib._bootstrap_external>", line 883, in exec_module
  File "<frozen importlib._bootstrap>", line 241, in _call_with_frames_removed
  File "/mnt/c/Users/Victor/Desktop/Final_Semester/data-engineering-final-semester-portfolio/airflow/dags/first_dag.py", line 8, in <module>
    with DAG(
  File "/home/victor/airflow_env/lib/python3.10/site-packages/airflow/models/dag.py", line 519, in __init__
    validate_key(dag_id)
  File "/home/victor/airflow_env/lib/python3.10/site-packages/airflow/utils/helpers.py", line 57, in validate_key
    raise AirflowException(
airflow.exceptions.AirflowException: The key '{ENV}-astronauts_in_space-v1.0' has to be made of alphanumeric characters, dashes, dots and underscores exclusively
[2024-07-15T11:38:16.738+0100] {processor.py:842} WARNING - No viable dags retrieved from /mnt/c/Users/Victor/Desktop/Final_Semester/data-engineering-final-semester-portfolio/airflow/dags/first_dag.py
[2024-07-15T11:38:17.448+0100] {processor.py:183} INFO - Processing /mnt/c/Users/Victor/Desktop/Final_Semester/data-engineering-final-semester-portfolio/airflow/dags/first_dag.py took 1.230 seconds
[2024-07-15T11:38:22.095+0100] {processor.py:161} INFO - Started process (PID=50653) to work on /mnt/c/Users/Victor/Desktop/Final_Semester/data-engineering-final-semester-portfolio/airflow/dags/first_dag.py
[2024-07-15T11:38:22.105+0100] {processor.py:830} INFO - Processing file /mnt/c/Users/Victor/Desktop/Final_Semester/data-engineering-final-semester-portfolio/airflow/dags/first_dag.py for tasks to queue
[2024-07-15T11:38:22.124+0100] {logging_mixin.py:188} INFO - [2024-07-15T11:38:22.115+0100] {dagbag.py:545} INFO - Filling up the DagBag from /mnt/c/Users/Victor/Desktop/Final_Semester/data-engineering-final-semester-portfolio/airflow/dags/first_dag.py
[2024-07-15T11:38:22.393+0100] {logging_mixin.py:188} INFO - [2024-07-15T11:38:22.342+0100] {dagbag.py:355} ERROR - Failed to import: /mnt/c/Users/Victor/Desktop/Final_Semester/data-engineering-final-semester-portfolio/airflow/dags/first_dag.py
Traceback (most recent call last):
  File "/home/victor/airflow_env/lib/python3.10/site-packages/airflow/models/dagbag.py", line 351, in parse
    loader.exec_module(new_module)
  File "<frozen importlib._bootstrap_external>", line 883, in exec_module
  File "<frozen importlib._bootstrap>", line 241, in _call_with_frames_removed
  File "/mnt/c/Users/Victor/Desktop/Final_Semester/data-engineering-final-semester-portfolio/airflow/dags/first_dag.py", line 8, in <module>
    with DAG(
  File "/home/victor/airflow_env/lib/python3.10/site-packages/airflow/models/dag.py", line 519, in __init__
    validate_key(dag_id)
  File "/home/victor/airflow_env/lib/python3.10/site-packages/airflow/utils/helpers.py", line 57, in validate_key
    raise AirflowException(
airflow.exceptions.AirflowException: The key '{ENV}-astronauts_in_space-v1.0' has to be made of alphanumeric characters, dashes, dots and underscores exclusively
[2024-07-15T11:38:22.396+0100] {processor.py:842} WARNING - No viable dags retrieved from /mnt/c/Users/Victor/Desktop/Final_Semester/data-engineering-final-semester-portfolio/airflow/dags/first_dag.py
[2024-07-15T11:38:22.878+0100] {processor.py:183} INFO - Processing /mnt/c/Users/Victor/Desktop/Final_Semester/data-engineering-final-semester-portfolio/airflow/dags/first_dag.py took 0.918 seconds
[2024-07-15T11:38:35.468+0100] {processor.py:161} INFO - Started process (PID=50722) to work on /mnt/c/Users/Victor/Desktop/Final_Semester/data-engineering-final-semester-portfolio/airflow/dags/first_dag.py
[2024-07-15T11:38:35.486+0100] {processor.py:830} INFO - Processing file /mnt/c/Users/Victor/Desktop/Final_Semester/data-engineering-final-semester-portfolio/airflow/dags/first_dag.py for tasks to queue
[2024-07-15T11:38:35.549+0100] {logging_mixin.py:188} INFO - [2024-07-15T11:38:35.528+0100] {dagbag.py:545} INFO - Filling up the DagBag from /mnt/c/Users/Victor/Desktop/Final_Semester/data-engineering-final-semester-portfolio/airflow/dags/first_dag.py
[2024-07-15T11:38:35.926+0100] {logging_mixin.py:188} INFO - [2024-07-15T11:38:35.922+0100] {dagbag.py:355} ERROR - Failed to import: /mnt/c/Users/Victor/Desktop/Final_Semester/data-engineering-final-semester-portfolio/airflow/dags/first_dag.py
Traceback (most recent call last):
  File "/home/victor/airflow_env/lib/python3.10/site-packages/airflow/models/dagbag.py", line 351, in parse
    loader.exec_module(new_module)
  File "<frozen importlib._bootstrap_external>", line 879, in exec_module
  File "<frozen importlib._bootstrap_external>", line 1017, in get_code
  File "<frozen importlib._bootstrap_external>", line 947, in source_to_code
  File "<frozen importlib._bootstrap>", line 241, in _call_with_frames_removed
  File "/mnt/c/Users/Victor/Desktop/Final_Semester/data-engineering-final-semester-portfolio/airflow/dags/first_dag.py", line 7
    ENV = 
          ^
SyntaxError: invalid syntax
[2024-07-15T11:38:35.953+0100] {processor.py:842} WARNING - No viable dags retrieved from /mnt/c/Users/Victor/Desktop/Final_Semester/data-engineering-final-semester-portfolio/airflow/dags/first_dag.py
[2024-07-15T11:38:36.372+0100] {processor.py:183} INFO - Processing /mnt/c/Users/Victor/Desktop/Final_Semester/data-engineering-final-semester-portfolio/airflow/dags/first_dag.py took 1.079 seconds
[2024-07-15T11:38:44.309+0100] {processor.py:161} INFO - Started process (PID=50764) to work on /mnt/c/Users/Victor/Desktop/Final_Semester/data-engineering-final-semester-portfolio/airflow/dags/first_dag.py
[2024-07-15T11:38:44.317+0100] {processor.py:830} INFO - Processing file /mnt/c/Users/Victor/Desktop/Final_Semester/data-engineering-final-semester-portfolio/airflow/dags/first_dag.py for tasks to queue
[2024-07-15T11:38:44.327+0100] {logging_mixin.py:188} INFO - [2024-07-15T11:38:44.325+0100] {dagbag.py:545} INFO - Filling up the DagBag from /mnt/c/Users/Victor/Desktop/Final_Semester/data-engineering-final-semester-portfolio/airflow/dags/first_dag.py
[2024-07-15T11:38:44.546+0100] {logging_mixin.py:188} INFO - [2024-07-15T11:38:44.543+0100] {dagbag.py:355} ERROR - Failed to import: /mnt/c/Users/Victor/Desktop/Final_Semester/data-engineering-final-semester-portfolio/airflow/dags/first_dag.py
Traceback (most recent call last):
  File "/home/victor/airflow_env/lib/python3.10/site-packages/airflow/models/dagbag.py", line 351, in parse
    loader.exec_module(new_module)
  File "<frozen importlib._bootstrap_external>", line 879, in exec_module
  File "<frozen importlib._bootstrap_external>", line 1017, in get_code
  File "<frozen importlib._bootstrap_external>", line 947, in source_to_code
  File "<frozen importlib._bootstrap>", line 241, in _call_with_frames_removed
  File "/mnt/c/Users/Victor/Desktop/Final_Semester/data-engineering-final-semester-portfolio/airflow/dags/first_dag.py", line 7
    ENV = 
          ^
SyntaxError: invalid syntax
[2024-07-15T11:38:44.549+0100] {processor.py:842} WARNING - No viable dags retrieved from /mnt/c/Users/Victor/Desktop/Final_Semester/data-engineering-final-semester-portfolio/airflow/dags/first_dag.py
[2024-07-15T11:38:44.915+0100] {processor.py:183} INFO - Processing /mnt/c/Users/Victor/Desktop/Final_Semester/data-engineering-final-semester-portfolio/airflow/dags/first_dag.py took 0.652 seconds
[2024-07-15T11:39:16.973+0100] {processor.py:161} INFO - Started process (PID=50937) to work on /mnt/c/Users/Victor/Desktop/Final_Semester/data-engineering-final-semester-portfolio/airflow/dags/first_dag.py
[2024-07-15T11:39:16.989+0100] {processor.py:830} INFO - Processing file /mnt/c/Users/Victor/Desktop/Final_Semester/data-engineering-final-semester-portfolio/airflow/dags/first_dag.py for tasks to queue
[2024-07-15T11:39:17.007+0100] {logging_mixin.py:188} INFO - [2024-07-15T11:39:17.006+0100] {dagbag.py:545} INFO - Filling up the DagBag from /mnt/c/Users/Victor/Desktop/Final_Semester/data-engineering-final-semester-portfolio/airflow/dags/first_dag.py
[2024-07-15T11:39:17.185+0100] {logging_mixin.py:188} INFO - [2024-07-15T11:39:17.178+0100] {dagbag.py:355} ERROR - Failed to import: /mnt/c/Users/Victor/Desktop/Final_Semester/data-engineering-final-semester-portfolio/airflow/dags/first_dag.py
Traceback (most recent call last):
  File "/home/victor/airflow_env/lib/python3.10/site-packages/airflow/models/dagbag.py", line 351, in parse
    loader.exec_module(new_module)
  File "<frozen importlib._bootstrap_external>", line 879, in exec_module
  File "<frozen importlib._bootstrap_external>", line 1017, in get_code
  File "<frozen importlib._bootstrap_external>", line 947, in source_to_code
  File "<frozen importlib._bootstrap>", line 241, in _call_with_frames_removed
  File "/mnt/c/Users/Victor/Desktop/Final_Semester/data-engineering-final-semester-portfolio/airflow/dags/first_dag.py", line 7
    ENV = 
          ^
SyntaxError: invalid syntax
[2024-07-15T11:39:17.190+0100] {processor.py:842} WARNING - No viable dags retrieved from /mnt/c/Users/Victor/Desktop/Final_Semester/data-engineering-final-semester-portfolio/airflow/dags/first_dag.py
[2024-07-15T11:39:19.229+0100] {processor.py:183} INFO - Processing /mnt/c/Users/Victor/Desktop/Final_Semester/data-engineering-final-semester-portfolio/airflow/dags/first_dag.py took 2.383 seconds
[2024-07-15T11:39:39.050+0100] {processor.py:161} INFO - Started process (PID=51043) to work on /mnt/c/Users/Victor/Desktop/Final_Semester/data-engineering-final-semester-portfolio/airflow/dags/first_dag.py
[2024-07-15T11:39:39.072+0100] {processor.py:830} INFO - Processing file /mnt/c/Users/Victor/Desktop/Final_Semester/data-engineering-final-semester-portfolio/airflow/dags/first_dag.py for tasks to queue
[2024-07-15T11:39:39.102+0100] {logging_mixin.py:188} INFO - [2024-07-15T11:39:39.100+0100] {dagbag.py:545} INFO - Filling up the DagBag from /mnt/c/Users/Victor/Desktop/Final_Semester/data-engineering-final-semester-portfolio/airflow/dags/first_dag.py
[2024-07-15T11:39:39.391+0100] {logging_mixin.py:188} INFO - [2024-07-15T11:39:39.361+0100] {dagbag.py:355} ERROR - Failed to import: /mnt/c/Users/Victor/Desktop/Final_Semester/data-engineering-final-semester-portfolio/airflow/dags/first_dag.py
Traceback (most recent call last):
  File "/home/victor/airflow_env/lib/python3.10/site-packages/airflow/models/dagbag.py", line 351, in parse
    loader.exec_module(new_module)
  File "<frozen importlib._bootstrap_external>", line 883, in exec_module
  File "<frozen importlib._bootstrap>", line 241, in _call_with_frames_removed
  File "/mnt/c/Users/Victor/Desktop/Final_Semester/data-engineering-final-semester-portfolio/airflow/dags/first_dag.py", line 7, in <module>
    ENV = os.env
AttributeError: module 'os' has no attribute 'env'
[2024-07-15T11:39:39.399+0100] {processor.py:842} WARNING - No viable dags retrieved from /mnt/c/Users/Victor/Desktop/Final_Semester/data-engineering-final-semester-portfolio/airflow/dags/first_dag.py
[2024-07-15T11:39:39.863+0100] {processor.py:183} INFO - Processing /mnt/c/Users/Victor/Desktop/Final_Semester/data-engineering-final-semester-portfolio/airflow/dags/first_dag.py took 0.969 seconds
[2024-07-15T11:39:44.299+0100] {processor.py:161} INFO - Started process (PID=51067) to work on /mnt/c/Users/Victor/Desktop/Final_Semester/data-engineering-final-semester-portfolio/airflow/dags/first_dag.py
[2024-07-15T11:39:44.308+0100] {processor.py:830} INFO - Processing file /mnt/c/Users/Victor/Desktop/Final_Semester/data-engineering-final-semester-portfolio/airflow/dags/first_dag.py for tasks to queue
[2024-07-15T11:39:44.331+0100] {logging_mixin.py:188} INFO - [2024-07-15T11:39:44.328+0100] {dagbag.py:545} INFO - Filling up the DagBag from /mnt/c/Users/Victor/Desktop/Final_Semester/data-engineering-final-semester-portfolio/airflow/dags/first_dag.py
[2024-07-15T11:39:44.524+0100] {logging_mixin.py:188} INFO - [2024-07-15T11:39:44.482+0100] {dagbag.py:355} ERROR - Failed to import: /mnt/c/Users/Victor/Desktop/Final_Semester/data-engineering-final-semester-portfolio/airflow/dags/first_dag.py
Traceback (most recent call last):
  File "/home/victor/airflow_env/lib/python3.10/site-packages/airflow/models/dagbag.py", line 351, in parse
    loader.exec_module(new_module)
  File "<frozen importlib._bootstrap_external>", line 883, in exec_module
  File "<frozen importlib._bootstrap>", line 241, in _call_with_frames_removed
  File "/mnt/c/Users/Victor/Desktop/Final_Semester/data-engineering-final-semester-portfolio/airflow/dags/first_dag.py", line 9, in <module>
    with DAG(
  File "/home/victor/airflow_env/lib/python3.10/site-packages/airflow/models/dag.py", line 519, in __init__
    validate_key(dag_id)
  File "/home/victor/airflow_env/lib/python3.10/site-packages/airflow/utils/helpers.py", line 57, in validate_key
    raise AirflowException(
airflow.exceptions.AirflowException: The key '{ENV}-astronauts_in_space-v1.0' has to be made of alphanumeric characters, dashes, dots and underscores exclusively
[2024-07-15T11:39:44.543+0100] {processor.py:842} WARNING - No viable dags retrieved from /mnt/c/Users/Victor/Desktop/Final_Semester/data-engineering-final-semester-portfolio/airflow/dags/first_dag.py
[2024-07-15T11:39:45.031+0100] {processor.py:183} INFO - Processing /mnt/c/Users/Victor/Desktop/Final_Semester/data-engineering-final-semester-portfolio/airflow/dags/first_dag.py took 0.802 seconds
[2024-07-15T11:39:47.983+0100] {processor.py:161} INFO - Started process (PID=51083) to work on /mnt/c/Users/Victor/Desktop/Final_Semester/data-engineering-final-semester-portfolio/airflow/dags/first_dag.py
[2024-07-15T11:39:48.000+0100] {processor.py:830} INFO - Processing file /mnt/c/Users/Victor/Desktop/Final_Semester/data-engineering-final-semester-portfolio/airflow/dags/first_dag.py for tasks to queue
[2024-07-15T11:39:48.069+0100] {logging_mixin.py:188} INFO - [2024-07-15T11:39:48.066+0100] {dagbag.py:545} INFO - Filling up the DagBag from /mnt/c/Users/Victor/Desktop/Final_Semester/data-engineering-final-semester-portfolio/airflow/dags/first_dag.py
[2024-07-15T11:39:48.347+0100] {logging_mixin.py:188} INFO - [2024-07-15T11:39:48.324+0100] {dagbag.py:355} ERROR - Failed to import: /mnt/c/Users/Victor/Desktop/Final_Semester/data-engineering-final-semester-portfolio/airflow/dags/first_dag.py
Traceback (most recent call last):
  File "/home/victor/airflow_env/lib/python3.10/site-packages/airflow/models/dagbag.py", line 351, in parse
    loader.exec_module(new_module)
  File "<frozen importlib._bootstrap_external>", line 883, in exec_module
  File "<frozen importlib._bootstrap>", line 241, in _call_with_frames_removed
  File "/mnt/c/Users/Victor/Desktop/Final_Semester/data-engineering-final-semester-portfolio/airflow/dags/first_dag.py", line 7, in <module>
    ENV = os.environ.get()
TypeError: Mapping.get() missing 1 required positional argument: 'key'
[2024-07-15T11:39:48.365+0100] {processor.py:842} WARNING - No viable dags retrieved from /mnt/c/Users/Victor/Desktop/Final_Semester/data-engineering-final-semester-portfolio/airflow/dags/first_dag.py
[2024-07-15T11:39:49.252+0100] {processor.py:183} INFO - Processing /mnt/c/Users/Victor/Desktop/Final_Semester/data-engineering-final-semester-portfolio/airflow/dags/first_dag.py took 1.360 seconds
[2024-07-15T11:39:52.522+0100] {processor.py:161} INFO - Started process (PID=51102) to work on /mnt/c/Users/Victor/Desktop/Final_Semester/data-engineering-final-semester-portfolio/airflow/dags/first_dag.py
[2024-07-15T11:39:52.530+0100] {processor.py:830} INFO - Processing file /mnt/c/Users/Victor/Desktop/Final_Semester/data-engineering-final-semester-portfolio/airflow/dags/first_dag.py for tasks to queue
[2024-07-15T11:39:52.565+0100] {logging_mixin.py:188} INFO - [2024-07-15T11:39:52.563+0100] {dagbag.py:545} INFO - Filling up the DagBag from /mnt/c/Users/Victor/Desktop/Final_Semester/data-engineering-final-semester-portfolio/airflow/dags/first_dag.py
[2024-07-15T11:39:52.742+0100] {logging_mixin.py:188} INFO - [2024-07-15T11:39:52.716+0100] {dagbag.py:355} ERROR - Failed to import: /mnt/c/Users/Victor/Desktop/Final_Semester/data-engineering-final-semester-portfolio/airflow/dags/first_dag.py
Traceback (most recent call last):
  File "/home/victor/airflow_env/lib/python3.10/site-packages/airflow/models/dagbag.py", line 351, in parse
    loader.exec_module(new_module)
  File "<frozen importlib._bootstrap_external>", line 883, in exec_module
  File "<frozen importlib._bootstrap>", line 241, in _call_with_frames_removed
  File "/mnt/c/Users/Victor/Desktop/Final_Semester/data-engineering-final-semester-portfolio/airflow/dags/first_dag.py", line 9, in <module>
    with DAG(
  File "/home/victor/airflow_env/lib/python3.10/site-packages/airflow/models/dag.py", line 519, in __init__
    validate_key(dag_id)
  File "/home/victor/airflow_env/lib/python3.10/site-packages/airflow/utils/helpers.py", line 57, in validate_key
    raise AirflowException(
airflow.exceptions.AirflowException: The key '{ENV}-astronauts_in_space-v1.0' has to be made of alphanumeric characters, dashes, dots and underscores exclusively
[2024-07-15T11:39:52.759+0100] {processor.py:842} WARNING - No viable dags retrieved from /mnt/c/Users/Victor/Desktop/Final_Semester/data-engineering-final-semester-portfolio/airflow/dags/first_dag.py
[2024-07-15T11:39:53.496+0100] {processor.py:183} INFO - Processing /mnt/c/Users/Victor/Desktop/Final_Semester/data-engineering-final-semester-portfolio/airflow/dags/first_dag.py took 1.039 seconds
[2024-07-15T11:39:58.943+0100] {processor.py:161} INFO - Started process (PID=51131) to work on /mnt/c/Users/Victor/Desktop/Final_Semester/data-engineering-final-semester-portfolio/airflow/dags/first_dag.py
[2024-07-15T11:39:58.960+0100] {processor.py:830} INFO - Processing file /mnt/c/Users/Victor/Desktop/Final_Semester/data-engineering-final-semester-portfolio/airflow/dags/first_dag.py for tasks to queue
[2024-07-15T11:39:59.051+0100] {logging_mixin.py:188} INFO - [2024-07-15T11:39:59.044+0100] {dagbag.py:545} INFO - Filling up the DagBag from /mnt/c/Users/Victor/Desktop/Final_Semester/data-engineering-final-semester-portfolio/airflow/dags/first_dag.py
[2024-07-15T11:39:59.321+0100] {logging_mixin.py:188} INFO - [2024-07-15T11:39:59.275+0100] {dagbag.py:355} ERROR - Failed to import: /mnt/c/Users/Victor/Desktop/Final_Semester/data-engineering-final-semester-portfolio/airflow/dags/first_dag.py
Traceback (most recent call last):
  File "/home/victor/airflow_env/lib/python3.10/site-packages/airflow/models/dagbag.py", line 351, in parse
    loader.exec_module(new_module)
  File "<frozen importlib._bootstrap_external>", line 883, in exec_module
  File "<frozen importlib._bootstrap>", line 241, in _call_with_frames_removed
  File "/mnt/c/Users/Victor/Desktop/Final_Semester/data-engineering-final-semester-portfolio/airflow/dags/first_dag.py", line 9, in <module>
    with DAG(
  File "/home/victor/airflow_env/lib/python3.10/site-packages/airflow/models/dag.py", line 519, in __init__
    validate_key(dag_id)
  File "/home/victor/airflow_env/lib/python3.10/site-packages/airflow/utils/helpers.py", line 57, in validate_key
    raise AirflowException(
airflow.exceptions.AirflowException: The key '{ENV}-astronauts_in_space-v1.0' has to be made of alphanumeric characters, dashes, dots and underscores exclusively
[2024-07-15T11:39:59.329+0100] {processor.py:842} WARNING - No viable dags retrieved from /mnt/c/Users/Victor/Desktop/Final_Semester/data-engineering-final-semester-portfolio/airflow/dags/first_dag.py
[2024-07-15T11:39:59.851+0100] {processor.py:183} INFO - Processing /mnt/c/Users/Victor/Desktop/Final_Semester/data-engineering-final-semester-portfolio/airflow/dags/first_dag.py took 0.972 seconds
[2024-07-15T11:40:12.690+0100] {processor.py:161} INFO - Started process (PID=51205) to work on /mnt/c/Users/Victor/Desktop/Final_Semester/data-engineering-final-semester-portfolio/airflow/dags/first_dag.py
[2024-07-15T11:40:12.713+0100] {processor.py:830} INFO - Processing file /mnt/c/Users/Victor/Desktop/Final_Semester/data-engineering-final-semester-portfolio/airflow/dags/first_dag.py for tasks to queue
[2024-07-15T11:40:12.741+0100] {logging_mixin.py:188} INFO - [2024-07-15T11:40:12.735+0100] {dagbag.py:545} INFO - Filling up the DagBag from /mnt/c/Users/Victor/Desktop/Final_Semester/data-engineering-final-semester-portfolio/airflow/dags/first_dag.py
[2024-07-15T11:40:13.034+0100] {logging_mixin.py:188} INFO - [2024-07-15T11:40:12.953+0100] {dagbag.py:355} ERROR - Failed to import: /mnt/c/Users/Victor/Desktop/Final_Semester/data-engineering-final-semester-portfolio/airflow/dags/first_dag.py
Traceback (most recent call last):
  File "/home/victor/airflow_env/lib/python3.10/site-packages/airflow/models/dagbag.py", line 351, in parse
    loader.exec_module(new_module)
  File "<frozen importlib._bootstrap_external>", line 883, in exec_module
  File "<frozen importlib._bootstrap>", line 241, in _call_with_frames_removed
  File "/mnt/c/Users/Victor/Desktop/Final_Semester/data-engineering-final-semester-portfolio/airflow/dags/first_dag.py", line 10, in <module>
    with DAG(
  File "/home/victor/airflow_env/lib/python3.10/site-packages/airflow/models/dag.py", line 519, in __init__
    validate_key(dag_id)
  File "/home/victor/airflow_env/lib/python3.10/site-packages/airflow/utils/helpers.py", line 57, in validate_key
    raise AirflowException(
airflow.exceptions.AirflowException: The key '{ENV}-astronauts_in_space-v1.0' has to be made of alphanumeric characters, dashes, dots and underscores exclusively
[2024-07-15T11:40:13.062+0100] {processor.py:842} WARNING - No viable dags retrieved from /mnt/c/Users/Victor/Desktop/Final_Semester/data-engineering-final-semester-portfolio/airflow/dags/first_dag.py
[2024-07-15T11:40:13.469+0100] {processor.py:183} INFO - Processing /mnt/c/Users/Victor/Desktop/Final_Semester/data-engineering-final-semester-portfolio/airflow/dags/first_dag.py took 0.887 seconds
[2024-07-15T11:40:18.759+0100] {processor.py:161} INFO - Started process (PID=51236) to work on /mnt/c/Users/Victor/Desktop/Final_Semester/data-engineering-final-semester-portfolio/airflow/dags/first_dag.py
[2024-07-15T11:40:18.786+0100] {processor.py:830} INFO - Processing file /mnt/c/Users/Victor/Desktop/Final_Semester/data-engineering-final-semester-portfolio/airflow/dags/first_dag.py for tasks to queue
[2024-07-15T11:40:18.804+0100] {logging_mixin.py:188} INFO - [2024-07-15T11:40:18.801+0100] {dagbag.py:545} INFO - Filling up the DagBag from /mnt/c/Users/Victor/Desktop/Final_Semester/data-engineering-final-semester-portfolio/airflow/dags/first_dag.py
[2024-07-15T11:40:19.060+0100] {processor.py:840} INFO - DAG(s) 'dev-astronauts_in_space-v1.0' retrieved from /mnt/c/Users/Victor/Desktop/Final_Semester/data-engineering-final-semester-portfolio/airflow/dags/first_dag.py
[2024-07-15T11:40:21.297+0100] {logging_mixin.py:188} INFO - [2024-07-15T11:40:21.294+0100] {override.py:1847} INFO - Created Permission View: can read on DAG:dev-astronauts_in_space-v1.0
[2024-07-15T11:40:21.935+0100] {logging_mixin.py:188} INFO - [2024-07-15T11:40:21.933+0100] {override.py:1847} INFO - Created Permission View: can delete on DAG:dev-astronauts_in_space-v1.0
[2024-07-15T11:40:22.621+0100] {logging_mixin.py:188} INFO - [2024-07-15T11:40:22.618+0100] {override.py:1847} INFO - Created Permission View: can edit on DAG:dev-astronauts_in_space-v1.0
[2024-07-15T11:40:22.630+0100] {logging_mixin.py:188} INFO - [2024-07-15T11:40:22.629+0100] {dag.py:3096} INFO - Sync 1 DAGs
[2024-07-15T11:40:23.052+0100] {logging_mixin.py:188} INFO - [2024-07-15T11:40:23.050+0100] {dag.py:3118} INFO - Creating ORM DAG for dev-astronauts_in_space-v1.0
[2024-07-15T11:40:23.379+0100] {logging_mixin.py:188} INFO - [2024-07-15T11:40:23.378+0100] {dag.py:3954} INFO - Setting next_dagrun for dev-astronauts_in_space-v1.0 to None, run_after=None
[2024-07-15T11:40:24.752+0100] {processor.py:183} INFO - Processing /mnt/c/Users/Victor/Desktop/Final_Semester/data-engineering-final-semester-portfolio/airflow/dags/first_dag.py took 6.149 seconds
[2024-07-15T11:40:27.527+0100] {processor.py:161} INFO - Started process (PID=51279) to work on /mnt/c/Users/Victor/Desktop/Final_Semester/data-engineering-final-semester-portfolio/airflow/dags/first_dag.py
[2024-07-15T11:40:27.539+0100] {processor.py:830} INFO - Processing file /mnt/c/Users/Victor/Desktop/Final_Semester/data-engineering-final-semester-portfolio/airflow/dags/first_dag.py for tasks to queue
[2024-07-15T11:40:27.570+0100] {logging_mixin.py:188} INFO - [2024-07-15T11:40:27.568+0100] {dagbag.py:545} INFO - Filling up the DagBag from /mnt/c/Users/Victor/Desktop/Final_Semester/data-engineering-final-semester-portfolio/airflow/dags/first_dag.py
[2024-07-15T11:40:27.935+0100] {processor.py:840} INFO - DAG(s) 'dev-astronauts_in_space-v1.0' retrieved from /mnt/c/Users/Victor/Desktop/Final_Semester/data-engineering-final-semester-portfolio/airflow/dags/first_dag.py
[2024-07-15T11:40:28.093+0100] {logging_mixin.py:188} INFO - [2024-07-15T11:40:28.092+0100] {dag.py:3096} INFO - Sync 1 DAGs
[2024-07-15T11:40:28.613+0100] {logging_mixin.py:188} INFO - [2024-07-15T11:40:28.609+0100] {dag.py:3954} INFO - Setting next_dagrun for dev-astronauts_in_space-v1.0 to None, run_after=None
[2024-07-15T11:40:29.336+0100] {processor.py:183} INFO - Processing /mnt/c/Users/Victor/Desktop/Final_Semester/data-engineering-final-semester-portfolio/airflow/dags/first_dag.py took 1.935 seconds
[2024-07-15T11:40:59.780+0100] {processor.py:161} INFO - Started process (PID=51441) to work on /mnt/c/Users/Victor/Desktop/Final_Semester/data-engineering-final-semester-portfolio/airflow/dags/first_dag.py
[2024-07-15T11:40:59.785+0100] {processor.py:830} INFO - Processing file /mnt/c/Users/Victor/Desktop/Final_Semester/data-engineering-final-semester-portfolio/airflow/dags/first_dag.py for tasks to queue
[2024-07-15T11:40:59.793+0100] {logging_mixin.py:188} INFO - [2024-07-15T11:40:59.791+0100] {dagbag.py:545} INFO - Filling up the DagBag from /mnt/c/Users/Victor/Desktop/Final_Semester/data-engineering-final-semester-portfolio/airflow/dags/first_dag.py
[2024-07-15T11:40:59.908+0100] {processor.py:840} INFO - DAG(s) 'dev-astronauts_in_space-v1.0' retrieved from /mnt/c/Users/Victor/Desktop/Final_Semester/data-engineering-final-semester-portfolio/airflow/dags/first_dag.py
[2024-07-15T11:41:00.031+0100] {logging_mixin.py:188} INFO - [2024-07-15T11:41:00.030+0100] {dag.py:3096} INFO - Sync 1 DAGs
[2024-07-15T11:41:00.146+0100] {logging_mixin.py:188} INFO - [2024-07-15T11:41:00.145+0100] {dag.py:3954} INFO - Setting next_dagrun for dev-astronauts_in_space-v1.0 to None, run_after=None
[2024-07-15T11:41:00.514+0100] {processor.py:183} INFO - Processing /mnt/c/Users/Victor/Desktop/Final_Semester/data-engineering-final-semester-portfolio/airflow/dags/first_dag.py took 0.772 seconds
[2024-07-15T11:41:31.899+0100] {processor.py:161} INFO - Started process (PID=51620) to work on /mnt/c/Users/Victor/Desktop/Final_Semester/data-engineering-final-semester-portfolio/airflow/dags/first_dag.py
[2024-07-15T11:41:31.903+0100] {processor.py:830} INFO - Processing file /mnt/c/Users/Victor/Desktop/Final_Semester/data-engineering-final-semester-portfolio/airflow/dags/first_dag.py for tasks to queue
[2024-07-15T11:41:31.915+0100] {logging_mixin.py:188} INFO - [2024-07-15T11:41:31.914+0100] {dagbag.py:545} INFO - Filling up the DagBag from /mnt/c/Users/Victor/Desktop/Final_Semester/data-engineering-final-semester-portfolio/airflow/dags/first_dag.py
[2024-07-15T11:41:32.001+0100] {processor.py:840} INFO - DAG(s) 'dev-astronauts_in_space-v1.0' retrieved from /mnt/c/Users/Victor/Desktop/Final_Semester/data-engineering-final-semester-portfolio/airflow/dags/first_dag.py
[2024-07-15T11:41:32.110+0100] {logging_mixin.py:188} INFO - [2024-07-15T11:41:32.110+0100] {dag.py:3096} INFO - Sync 1 DAGs
[2024-07-15T11:41:32.214+0100] {logging_mixin.py:188} INFO - [2024-07-15T11:41:32.213+0100] {dag.py:3954} INFO - Setting next_dagrun for dev-astronauts_in_space-v1.0 to None, run_after=None
[2024-07-15T11:41:32.478+0100] {processor.py:183} INFO - Processing /mnt/c/Users/Victor/Desktop/Final_Semester/data-engineering-final-semester-portfolio/airflow/dags/first_dag.py took 0.604 seconds
[2024-07-15T11:42:03.642+0100] {processor.py:161} INFO - Started process (PID=51789) to work on /mnt/c/Users/Victor/Desktop/Final_Semester/data-engineering-final-semester-portfolio/airflow/dags/first_dag.py
[2024-07-15T11:42:03.648+0100] {processor.py:830} INFO - Processing file /mnt/c/Users/Victor/Desktop/Final_Semester/data-engineering-final-semester-portfolio/airflow/dags/first_dag.py for tasks to queue
[2024-07-15T11:42:03.662+0100] {logging_mixin.py:188} INFO - [2024-07-15T11:42:03.654+0100] {dagbag.py:545} INFO - Filling up the DagBag from /mnt/c/Users/Victor/Desktop/Final_Semester/data-engineering-final-semester-portfolio/airflow/dags/first_dag.py
[2024-07-15T11:42:03.768+0100] {processor.py:840} INFO - DAG(s) 'dev-astronauts_in_space-v1.0' retrieved from /mnt/c/Users/Victor/Desktop/Final_Semester/data-engineering-final-semester-portfolio/airflow/dags/first_dag.py
[2024-07-15T11:42:03.913+0100] {logging_mixin.py:188} INFO - [2024-07-15T11:42:03.912+0100] {dag.py:3096} INFO - Sync 1 DAGs
[2024-07-15T11:42:04.087+0100] {logging_mixin.py:188} INFO - [2024-07-15T11:42:04.086+0100] {dag.py:3954} INFO - Setting next_dagrun for dev-astronauts_in_space-v1.0 to None, run_after=None
[2024-07-15T11:42:04.457+0100] {processor.py:183} INFO - Processing /mnt/c/Users/Victor/Desktop/Final_Semester/data-engineering-final-semester-portfolio/airflow/dags/first_dag.py took 0.860 seconds
[2024-07-15T11:42:34.721+0100] {processor.py:161} INFO - Started process (PID=51988) to work on /mnt/c/Users/Victor/Desktop/Final_Semester/data-engineering-final-semester-portfolio/airflow/dags/first_dag.py
[2024-07-15T11:42:34.726+0100] {processor.py:830} INFO - Processing file /mnt/c/Users/Victor/Desktop/Final_Semester/data-engineering-final-semester-portfolio/airflow/dags/first_dag.py for tasks to queue
[2024-07-15T11:42:34.735+0100] {logging_mixin.py:188} INFO - [2024-07-15T11:42:34.733+0100] {dagbag.py:545} INFO - Filling up the DagBag from /mnt/c/Users/Victor/Desktop/Final_Semester/data-engineering-final-semester-portfolio/airflow/dags/first_dag.py
[2024-07-15T11:42:34.844+0100] {processor.py:840} INFO - DAG(s) 'dev-astronauts_in_space-v1.0' retrieved from /mnt/c/Users/Victor/Desktop/Final_Semester/data-engineering-final-semester-portfolio/airflow/dags/first_dag.py
[2024-07-15T11:42:35.018+0100] {logging_mixin.py:188} INFO - [2024-07-15T11:42:35.017+0100] {dag.py:3096} INFO - Sync 1 DAGs
[2024-07-15T11:42:35.215+0100] {logging_mixin.py:188} INFO - [2024-07-15T11:42:35.214+0100] {dag.py:3954} INFO - Setting next_dagrun for dev-astronauts_in_space-v1.0 to None, run_after=None
[2024-07-15T11:42:35.632+0100] {processor.py:183} INFO - Processing /mnt/c/Users/Victor/Desktop/Final_Semester/data-engineering-final-semester-portfolio/airflow/dags/first_dag.py took 0.946 seconds
[2024-07-15T11:43:05.935+0100] {processor.py:161} INFO - Started process (PID=52224) to work on /mnt/c/Users/Victor/Desktop/Final_Semester/data-engineering-final-semester-portfolio/airflow/dags/first_dag.py
[2024-07-15T11:43:05.940+0100] {processor.py:830} INFO - Processing file /mnt/c/Users/Victor/Desktop/Final_Semester/data-engineering-final-semester-portfolio/airflow/dags/first_dag.py for tasks to queue
[2024-07-15T11:43:05.950+0100] {logging_mixin.py:188} INFO - [2024-07-15T11:43:05.949+0100] {dagbag.py:545} INFO - Filling up the DagBag from /mnt/c/Users/Victor/Desktop/Final_Semester/data-engineering-final-semester-portfolio/airflow/dags/first_dag.py
[2024-07-15T11:43:06.085+0100] {processor.py:840} INFO - DAG(s) 'dev-astronauts_in_space-v1.0' retrieved from /mnt/c/Users/Victor/Desktop/Final_Semester/data-engineering-final-semester-portfolio/airflow/dags/first_dag.py
[2024-07-15T11:43:06.217+0100] {logging_mixin.py:188} INFO - [2024-07-15T11:43:06.216+0100] {dag.py:3096} INFO - Sync 1 DAGs
[2024-07-15T11:43:06.358+0100] {logging_mixin.py:188} INFO - [2024-07-15T11:43:06.356+0100] {dag.py:3954} INFO - Setting next_dagrun for dev-astronauts_in_space-v1.0 to None, run_after=None
[2024-07-15T11:43:06.856+0100] {processor.py:183} INFO - Processing /mnt/c/Users/Victor/Desktop/Final_Semester/data-engineering-final-semester-portfolio/airflow/dags/first_dag.py took 0.950 seconds
[2024-07-15T11:43:38.618+0100] {processor.py:161} INFO - Started process (PID=52461) to work on /mnt/c/Users/Victor/Desktop/Final_Semester/data-engineering-final-semester-portfolio/airflow/dags/first_dag.py
[2024-07-15T11:43:38.622+0100] {processor.py:830} INFO - Processing file /mnt/c/Users/Victor/Desktop/Final_Semester/data-engineering-final-semester-portfolio/airflow/dags/first_dag.py for tasks to queue
[2024-07-15T11:43:38.630+0100] {logging_mixin.py:188} INFO - [2024-07-15T11:43:38.628+0100] {dagbag.py:545} INFO - Filling up the DagBag from /mnt/c/Users/Victor/Desktop/Final_Semester/data-engineering-final-semester-portfolio/airflow/dags/first_dag.py
[2024-07-15T11:43:38.720+0100] {processor.py:840} INFO - DAG(s) 'dev-astronauts_in_space-v1.0' retrieved from /mnt/c/Users/Victor/Desktop/Final_Semester/data-engineering-final-semester-portfolio/airflow/dags/first_dag.py
[2024-07-15T11:43:38.823+0100] {logging_mixin.py:188} INFO - [2024-07-15T11:43:38.822+0100] {dag.py:3096} INFO - Sync 1 DAGs
[2024-07-15T11:43:38.917+0100] {logging_mixin.py:188} INFO - [2024-07-15T11:43:38.916+0100] {dag.py:3954} INFO - Setting next_dagrun for dev-astronauts_in_space-v1.0 to None, run_after=None
[2024-07-15T11:43:39.194+0100] {processor.py:183} INFO - Processing /mnt/c/Users/Victor/Desktop/Final_Semester/data-engineering-final-semester-portfolio/airflow/dags/first_dag.py took 0.602 seconds
[2024-07-15T11:44:09.823+0100] {processor.py:161} INFO - Started process (PID=52709) to work on /mnt/c/Users/Victor/Desktop/Final_Semester/data-engineering-final-semester-portfolio/airflow/dags/first_dag.py
[2024-07-15T11:44:09.838+0100] {processor.py:830} INFO - Processing file /mnt/c/Users/Victor/Desktop/Final_Semester/data-engineering-final-semester-portfolio/airflow/dags/first_dag.py for tasks to queue
[2024-07-15T11:44:09.855+0100] {logging_mixin.py:188} INFO - [2024-07-15T11:44:09.853+0100] {dagbag.py:545} INFO - Filling up the DagBag from /mnt/c/Users/Victor/Desktop/Final_Semester/data-engineering-final-semester-portfolio/airflow/dags/first_dag.py
[2024-07-15T11:44:10.325+0100] {processor.py:840} INFO - DAG(s) 'dev-astronauts_in_space-v1.0' retrieved from /mnt/c/Users/Victor/Desktop/Final_Semester/data-engineering-final-semester-portfolio/airflow/dags/first_dag.py
[2024-07-15T11:44:10.691+0100] {logging_mixin.py:188} INFO - [2024-07-15T11:44:10.688+0100] {dag.py:3096} INFO - Sync 1 DAGs
[2024-07-15T11:44:11.004+0100] {logging_mixin.py:188} INFO - [2024-07-15T11:44:11.003+0100] {dag.py:3954} INFO - Setting next_dagrun for dev-astronauts_in_space-v1.0 to None, run_after=None
[2024-07-15T11:44:11.605+0100] {processor.py:183} INFO - Processing /mnt/c/Users/Victor/Desktop/Final_Semester/data-engineering-final-semester-portfolio/airflow/dags/first_dag.py took 1.863 seconds
[2024-07-15T11:44:16.322+0100] {processor.py:161} INFO - Started process (PID=52811) to work on /mnt/c/Users/Victor/Desktop/Final_Semester/data-engineering-final-semester-portfolio/airflow/dags/first_dag.py
[2024-07-15T11:44:16.334+0100] {processor.py:830} INFO - Processing file /mnt/c/Users/Victor/Desktop/Final_Semester/data-engineering-final-semester-portfolio/airflow/dags/first_dag.py for tasks to queue
[2024-07-15T11:44:16.355+0100] {logging_mixin.py:188} INFO - [2024-07-15T11:44:16.353+0100] {dagbag.py:545} INFO - Filling up the DagBag from /mnt/c/Users/Victor/Desktop/Final_Semester/data-engineering-final-semester-portfolio/airflow/dags/first_dag.py
[2024-07-15T11:44:16.702+0100] {processor.py:840} INFO - DAG(s) 'dev-astronauts_in_space-v1.0' retrieved from /mnt/c/Users/Victor/Desktop/Final_Semester/data-engineering-final-semester-portfolio/airflow/dags/first_dag.py
[2024-07-15T11:44:17.160+0100] {logging_mixin.py:188} INFO - [2024-07-15T11:44:17.159+0100] {dag.py:3096} INFO - Sync 1 DAGs
[2024-07-15T11:44:17.992+0100] {logging_mixin.py:188} INFO - [2024-07-15T11:44:17.990+0100] {dag.py:3954} INFO - Setting next_dagrun for dev-astronauts_in_space-v1.0 to None, run_after=None
[2024-07-15T11:44:19.666+0100] {processor.py:183} INFO - Processing /mnt/c/Users/Victor/Desktop/Final_Semester/data-engineering-final-semester-portfolio/airflow/dags/first_dag.py took 3.466 seconds
[2024-07-15T11:44:23.904+0100] {processor.py:161} INFO - Started process (PID=52845) to work on /mnt/c/Users/Victor/Desktop/Final_Semester/data-engineering-final-semester-portfolio/airflow/dags/first_dag.py
[2024-07-15T11:44:23.910+0100] {processor.py:830} INFO - Processing file /mnt/c/Users/Victor/Desktop/Final_Semester/data-engineering-final-semester-portfolio/airflow/dags/first_dag.py for tasks to queue
[2024-07-15T11:44:23.926+0100] {logging_mixin.py:188} INFO - [2024-07-15T11:44:23.924+0100] {dagbag.py:545} INFO - Filling up the DagBag from /mnt/c/Users/Victor/Desktop/Final_Semester/data-engineering-final-semester-portfolio/airflow/dags/first_dag.py
[2024-07-15T11:44:24.281+0100] {logging_mixin.py:188} INFO - [2024-07-15T11:44:24.239+0100] {dagbag.py:355} ERROR - Failed to import: /mnt/c/Users/Victor/Desktop/Final_Semester/data-engineering-final-semester-portfolio/airflow/dags/first_dag.py
Traceback (most recent call last):
  File "/home/victor/airflow_env/lib/python3.10/site-packages/airflow/models/dagbag.py", line 351, in parse
    loader.exec_module(new_module)
  File "<frozen importlib._bootstrap_external>", line 879, in exec_module
  File "<frozen importlib._bootstrap_external>", line 1017, in get_code
  File "<frozen importlib._bootstrap_external>", line 947, in source_to_code
  File "<frozen importlib._bootstrap>", line 241, in _call_with_frames_removed
  File "/mnt/c/Users/Victor/Desktop/Final_Semester/data-engineering-final-semester-portfolio/airflow/dags/first_dag.py", line 12
    ) as dag:
    ^
SyntaxError: positional argument follows keyword argument
[2024-07-15T11:44:24.284+0100] {processor.py:842} WARNING - No viable dags retrieved from /mnt/c/Users/Victor/Desktop/Final_Semester/data-engineering-final-semester-portfolio/airflow/dags/first_dag.py
[2024-07-15T11:44:25.201+0100] {processor.py:183} INFO - Processing /mnt/c/Users/Victor/Desktop/Final_Semester/data-engineering-final-semester-portfolio/airflow/dags/first_dag.py took 1.494 seconds
[2024-07-15T11:44:29.769+0100] {processor.py:161} INFO - Started process (PID=52865) to work on /mnt/c/Users/Victor/Desktop/Final_Semester/data-engineering-final-semester-portfolio/airflow/dags/first_dag.py
[2024-07-15T11:44:29.786+0100] {processor.py:830} INFO - Processing file /mnt/c/Users/Victor/Desktop/Final_Semester/data-engineering-final-semester-portfolio/airflow/dags/first_dag.py for tasks to queue
[2024-07-15T11:44:29.822+0100] {logging_mixin.py:188} INFO - [2024-07-15T11:44:29.820+0100] {dagbag.py:545} INFO - Filling up the DagBag from /mnt/c/Users/Victor/Desktop/Final_Semester/data-engineering-final-semester-portfolio/airflow/dags/first_dag.py
[2024-07-15T11:44:30.643+0100] {processor.py:840} INFO - DAG(s) 'dev-astronauts_in_space-v1.0' retrieved from /mnt/c/Users/Victor/Desktop/Final_Semester/data-engineering-final-semester-portfolio/airflow/dags/first_dag.py
[2024-07-15T11:44:33.428+0100] {logging_mixin.py:188} INFO - [2024-07-15T11:44:33.427+0100] {dag.py:3096} INFO - Sync 1 DAGs
[2024-07-15T11:44:34.089+0100] {logging_mixin.py:188} INFO - [2024-07-15T11:44:34.087+0100] {dag.py:3954} INFO - Setting next_dagrun for dev-astronauts_in_space-v1.0 to None, run_after=None
[2024-07-15T11:44:35.492+0100] {processor.py:183} INFO - Processing /mnt/c/Users/Victor/Desktop/Final_Semester/data-engineering-final-semester-portfolio/airflow/dags/first_dag.py took 5.904 seconds
[2024-07-15T11:44:39.691+0100] {processor.py:161} INFO - Started process (PID=52907) to work on /mnt/c/Users/Victor/Desktop/Final_Semester/data-engineering-final-semester-portfolio/airflow/dags/first_dag.py
[2024-07-15T11:44:39.712+0100] {processor.py:830} INFO - Processing file /mnt/c/Users/Victor/Desktop/Final_Semester/data-engineering-final-semester-portfolio/airflow/dags/first_dag.py for tasks to queue
[2024-07-15T11:44:39.738+0100] {logging_mixin.py:188} INFO - [2024-07-15T11:44:39.724+0100] {dagbag.py:545} INFO - Filling up the DagBag from /mnt/c/Users/Victor/Desktop/Final_Semester/data-engineering-final-semester-portfolio/airflow/dags/first_dag.py
[2024-07-15T11:44:40.038+0100] {processor.py:840} INFO - DAG(s) 'dev-astronauts_in_space-v1.0' retrieved from /mnt/c/Users/Victor/Desktop/Final_Semester/data-engineering-final-semester-portfolio/airflow/dags/first_dag.py
[2024-07-15T11:44:40.141+0100] {logging_mixin.py:188} INFO - [2024-07-15T11:44:40.140+0100] {dag.py:3096} INFO - Sync 1 DAGs
[2024-07-15T11:44:41.156+0100] {logging_mixin.py:188} INFO - [2024-07-15T11:44:41.155+0100] {dag.py:3954} INFO - Setting next_dagrun for dev-astronauts_in_space-v1.0 to None, run_after=None
[2024-07-15T11:44:42.988+0100] {processor.py:183} INFO - Processing /mnt/c/Users/Victor/Desktop/Final_Semester/data-engineering-final-semester-portfolio/airflow/dags/first_dag.py took 3.422 seconds
[2024-07-15T11:44:46.925+0100] {processor.py:161} INFO - Started process (PID=52939) to work on /mnt/c/Users/Victor/Desktop/Final_Semester/data-engineering-final-semester-portfolio/airflow/dags/first_dag.py
[2024-07-15T11:44:46.943+0100] {processor.py:830} INFO - Processing file /mnt/c/Users/Victor/Desktop/Final_Semester/data-engineering-final-semester-portfolio/airflow/dags/first_dag.py for tasks to queue
[2024-07-15T11:44:46.969+0100] {logging_mixin.py:188} INFO - [2024-07-15T11:44:46.967+0100] {dagbag.py:545} INFO - Filling up the DagBag from /mnt/c/Users/Victor/Desktop/Final_Semester/data-engineering-final-semester-portfolio/airflow/dags/first_dag.py
[2024-07-15T11:44:47.585+0100] {processor.py:840} INFO - DAG(s) 'dev-astronauts_in_space-v1.0' retrieved from /mnt/c/Users/Victor/Desktop/Final_Semester/data-engineering-final-semester-portfolio/airflow/dags/first_dag.py
[2024-07-15T11:44:47.844+0100] {logging_mixin.py:188} INFO - [2024-07-15T11:44:47.842+0100] {dag.py:3096} INFO - Sync 1 DAGs
[2024-07-15T11:44:48.374+0100] {logging_mixin.py:188} INFO - [2024-07-15T11:44:48.372+0100] {dag.py:3954} INFO - Setting next_dagrun for dev-astronauts_in_space-v1.0 to None, run_after=None
[2024-07-15T11:44:49.084+0100] {processor.py:183} INFO - Processing /mnt/c/Users/Victor/Desktop/Final_Semester/data-engineering-final-semester-portfolio/airflow/dags/first_dag.py took 2.240 seconds
[2024-07-15T11:44:52.480+0100] {processor.py:161} INFO - Started process (PID=52960) to work on /mnt/c/Users/Victor/Desktop/Final_Semester/data-engineering-final-semester-portfolio/airflow/dags/first_dag.py
[2024-07-15T11:44:52.521+0100] {processor.py:830} INFO - Processing file /mnt/c/Users/Victor/Desktop/Final_Semester/data-engineering-final-semester-portfolio/airflow/dags/first_dag.py for tasks to queue
[2024-07-15T11:44:52.541+0100] {logging_mixin.py:188} INFO - [2024-07-15T11:44:52.539+0100] {dagbag.py:545} INFO - Filling up the DagBag from /mnt/c/Users/Victor/Desktop/Final_Semester/data-engineering-final-semester-portfolio/airflow/dags/first_dag.py
[2024-07-15T11:44:53.127+0100] {processor.py:840} INFO - DAG(s) 'dev-astronauts_in_space-v1.0' retrieved from /mnt/c/Users/Victor/Desktop/Final_Semester/data-engineering-final-semester-portfolio/airflow/dags/first_dag.py
[2024-07-15T11:44:53.502+0100] {logging_mixin.py:188} INFO - [2024-07-15T11:44:53.501+0100] {dag.py:3096} INFO - Sync 1 DAGs
[2024-07-15T11:44:53.942+0100] {logging_mixin.py:188} INFO - [2024-07-15T11:44:53.941+0100] {dag.py:3954} INFO - Setting next_dagrun for dev-astronauts_in_space-v1.0 to None, run_after=None
[2024-07-15T11:44:54.690+0100] {processor.py:183} INFO - Processing /mnt/c/Users/Victor/Desktop/Final_Semester/data-engineering-final-semester-portfolio/airflow/dags/first_dag.py took 2.298 seconds
[2024-07-15T11:44:58.061+0100] {processor.py:161} INFO - Started process (PID=52988) to work on /mnt/c/Users/Victor/Desktop/Final_Semester/data-engineering-final-semester-portfolio/airflow/dags/first_dag.py
[2024-07-15T11:44:58.068+0100] {processor.py:830} INFO - Processing file /mnt/c/Users/Victor/Desktop/Final_Semester/data-engineering-final-semester-portfolio/airflow/dags/first_dag.py for tasks to queue
[2024-07-15T11:44:58.083+0100] {logging_mixin.py:188} INFO - [2024-07-15T11:44:58.081+0100] {dagbag.py:545} INFO - Filling up the DagBag from /mnt/c/Users/Victor/Desktop/Final_Semester/data-engineering-final-semester-portfolio/airflow/dags/first_dag.py
[2024-07-15T11:44:58.263+0100] {logging_mixin.py:188} INFO - [2024-07-15T11:44:58.260+0100] {dagbag.py:355} ERROR - Failed to import: /mnt/c/Users/Victor/Desktop/Final_Semester/data-engineering-final-semester-portfolio/airflow/dags/first_dag.py
Traceback (most recent call last):
  File "/home/victor/airflow_env/lib/python3.10/site-packages/airflow/models/dagbag.py", line 351, in parse
    loader.exec_module(new_module)
  File "<frozen importlib._bootstrap_external>", line 879, in exec_module
  File "<frozen importlib._bootstrap_external>", line 1017, in get_code
  File "<frozen importlib._bootstrap_external>", line 947, in source_to_code
  File "<frozen importlib._bootstrap>", line 241, in _call_with_frames_removed
  File "/mnt/c/Users/Victor/Desktop/Final_Semester/data-engineering-final-semester-portfolio/airflow/dags/first_dag.py", line 12
    def
    ^^^
SyntaxError: invalid syntax
[2024-07-15T11:44:58.267+0100] {processor.py:842} WARNING - No viable dags retrieved from /mnt/c/Users/Victor/Desktop/Final_Semester/data-engineering-final-semester-portfolio/airflow/dags/first_dag.py
[2024-07-15T11:44:58.887+0100] {processor.py:183} INFO - Processing /mnt/c/Users/Victor/Desktop/Final_Semester/data-engineering-final-semester-portfolio/airflow/dags/first_dag.py took 0.930 seconds
[2024-07-15T11:45:01.151+0100] {processor.py:161} INFO - Started process (PID=53002) to work on /mnt/c/Users/Victor/Desktop/Final_Semester/data-engineering-final-semester-portfolio/airflow/dags/first_dag.py
[2024-07-15T11:45:01.159+0100] {processor.py:830} INFO - Processing file /mnt/c/Users/Victor/Desktop/Final_Semester/data-engineering-final-semester-portfolio/airflow/dags/first_dag.py for tasks to queue
[2024-07-15T11:45:01.185+0100] {logging_mixin.py:188} INFO - [2024-07-15T11:45:01.183+0100] {dagbag.py:545} INFO - Filling up the DagBag from /mnt/c/Users/Victor/Desktop/Final_Semester/data-engineering-final-semester-portfolio/airflow/dags/first_dag.py
[2024-07-15T11:45:01.617+0100] {logging_mixin.py:188} INFO - [2024-07-15T11:45:01.604+0100] {dagbag.py:355} ERROR - Failed to import: /mnt/c/Users/Victor/Desktop/Final_Semester/data-engineering-final-semester-portfolio/airflow/dags/first_dag.py
Traceback (most recent call last):
  File "/home/victor/airflow_env/lib/python3.10/site-packages/airflow/models/dagbag.py", line 351, in parse
    loader.exec_module(new_module)
  File "<frozen importlib._bootstrap_external>", line 879, in exec_module
  File "<frozen importlib._bootstrap_external>", line 1017, in get_code
  File "<frozen importlib._bootstrap_external>", line 947, in source_to_code
  File "<frozen importlib._bootstrap>", line 241, in _call_with_frames_removed
  File "/mnt/c/Users/Victor/Desktop/Final_Semester/data-engineering-final-semester-portfolio/airflow/dags/first_dag.py", line 13
    ) as dag:
    ^
SyntaxError: positional argument follows keyword argument
[2024-07-15T11:45:01.654+0100] {processor.py:842} WARNING - No viable dags retrieved from /mnt/c/Users/Victor/Desktop/Final_Semester/data-engineering-final-semester-portfolio/airflow/dags/first_dag.py
[2024-07-15T11:45:02.439+0100] {processor.py:183} INFO - Processing /mnt/c/Users/Victor/Desktop/Final_Semester/data-engineering-final-semester-portfolio/airflow/dags/first_dag.py took 1.397 seconds
[2024-07-15T11:45:05.330+0100] {processor.py:161} INFO - Started process (PID=53024) to work on /mnt/c/Users/Victor/Desktop/Final_Semester/data-engineering-final-semester-portfolio/airflow/dags/first_dag.py
[2024-07-15T11:45:05.354+0100] {processor.py:830} INFO - Processing file /mnt/c/Users/Victor/Desktop/Final_Semester/data-engineering-final-semester-portfolio/airflow/dags/first_dag.py for tasks to queue
[2024-07-15T11:45:05.370+0100] {logging_mixin.py:188} INFO - [2024-07-15T11:45:05.368+0100] {dagbag.py:545} INFO - Filling up the DagBag from /mnt/c/Users/Victor/Desktop/Final_Semester/data-engineering-final-semester-portfolio/airflow/dags/first_dag.py
[2024-07-15T11:45:05.542+0100] {logging_mixin.py:188} INFO - [2024-07-15T11:45:05.540+0100] {dagbag.py:355} ERROR - Failed to import: /mnt/c/Users/Victor/Desktop/Final_Semester/data-engineering-final-semester-portfolio/airflow/dags/first_dag.py
Traceback (most recent call last):
  File "/home/victor/airflow_env/lib/python3.10/site-packages/airflow/models/dagbag.py", line 351, in parse
    loader.exec_module(new_module)
  File "<frozen importlib._bootstrap_external>", line 879, in exec_module
  File "<frozen importlib._bootstrap_external>", line 1017, in get_code
  File "<frozen importlib._bootstrap_external>", line 947, in source_to_code
  File "<frozen importlib._bootstrap>", line 241, in _call_with_frames_removed
  File "/mnt/c/Users/Victor/Desktop/Final_Semester/data-engineering-final-semester-portfolio/airflow/dags/first_dag.py", line 13
    ) as dag:
    ^
SyntaxError: invalid syntax
[2024-07-15T11:45:05.566+0100] {processor.py:842} WARNING - No viable dags retrieved from /mnt/c/Users/Victor/Desktop/Final_Semester/data-engineering-final-semester-portfolio/airflow/dags/first_dag.py
[2024-07-15T11:45:06.215+0100] {processor.py:183} INFO - Processing /mnt/c/Users/Victor/Desktop/Final_Semester/data-engineering-final-semester-portfolio/airflow/dags/first_dag.py took 1.005 seconds
[2024-07-15T11:45:09.309+0100] {processor.py:161} INFO - Started process (PID=53039) to work on /mnt/c/Users/Victor/Desktop/Final_Semester/data-engineering-final-semester-portfolio/airflow/dags/first_dag.py
[2024-07-15T11:45:09.353+0100] {processor.py:830} INFO - Processing file /mnt/c/Users/Victor/Desktop/Final_Semester/data-engineering-final-semester-portfolio/airflow/dags/first_dag.py for tasks to queue
[2024-07-15T11:45:09.406+0100] {logging_mixin.py:188} INFO - [2024-07-15T11:45:09.404+0100] {dagbag.py:545} INFO - Filling up the DagBag from /mnt/c/Users/Victor/Desktop/Final_Semester/data-engineering-final-semester-portfolio/airflow/dags/first_dag.py
[2024-07-15T11:45:09.791+0100] {logging_mixin.py:188} INFO - [2024-07-15T11:45:09.674+0100] {dagbag.py:355} ERROR - Failed to import: /mnt/c/Users/Victor/Desktop/Final_Semester/data-engineering-final-semester-portfolio/airflow/dags/first_dag.py
Traceback (most recent call last):
  File "/home/victor/airflow_env/lib/python3.10/site-packages/airflow/models/dagbag.py", line 351, in parse
    loader.exec_module(new_module)
  File "<frozen importlib._bootstrap_external>", line 883, in exec_module
  File "<frozen importlib._bootstrap>", line 241, in _call_with_frames_removed
  File "/mnt/c/Users/Victor/Desktop/Final_Semester/data-engineering-final-semester-portfolio/airflow/dags/first_dag.py", line 12, in <module>
    default_args=DEFAULT
NameError: name 'DEFAULT' is not defined
[2024-07-15T11:45:09.821+0100] {processor.py:842} WARNING - No viable dags retrieved from /mnt/c/Users/Victor/Desktop/Final_Semester/data-engineering-final-semester-portfolio/airflow/dags/first_dag.py
[2024-07-15T11:45:10.604+0100] {processor.py:183} INFO - Processing /mnt/c/Users/Victor/Desktop/Final_Semester/data-engineering-final-semester-portfolio/airflow/dags/first_dag.py took 1.382 seconds
[2024-07-15T11:45:13.390+0100] {processor.py:161} INFO - Started process (PID=53062) to work on /mnt/c/Users/Victor/Desktop/Final_Semester/data-engineering-final-semester-portfolio/airflow/dags/first_dag.py
[2024-07-15T11:45:13.408+0100] {processor.py:830} INFO - Processing file /mnt/c/Users/Victor/Desktop/Final_Semester/data-engineering-final-semester-portfolio/airflow/dags/first_dag.py for tasks to queue
[2024-07-15T11:45:13.448+0100] {logging_mixin.py:188} INFO - [2024-07-15T11:45:13.445+0100] {dagbag.py:545} INFO - Filling up the DagBag from /mnt/c/Users/Victor/Desktop/Final_Semester/data-engineering-final-semester-portfolio/airflow/dags/first_dag.py
[2024-07-15T11:45:13.818+0100] {logging_mixin.py:188} INFO - [2024-07-15T11:45:13.756+0100] {dagbag.py:355} ERROR - Failed to import: /mnt/c/Users/Victor/Desktop/Final_Semester/data-engineering-final-semester-portfolio/airflow/dags/first_dag.py
Traceback (most recent call last):
  File "/home/victor/airflow_env/lib/python3.10/site-packages/airflow/models/dagbag.py", line 351, in parse
    loader.exec_module(new_module)
  File "<frozen importlib._bootstrap_external>", line 883, in exec_module
  File "<frozen importlib._bootstrap>", line 241, in _call_with_frames_removed
  File "/mnt/c/Users/Victor/Desktop/Final_Semester/data-engineering-final-semester-portfolio/airflow/dags/first_dag.py", line 12, in <module>
    default_args=DEFAULT_ARGS
NameError: name 'DEFAULT_ARGS' is not defined
[2024-07-15T11:45:13.835+0100] {processor.py:842} WARNING - No viable dags retrieved from /mnt/c/Users/Victor/Desktop/Final_Semester/data-engineering-final-semester-portfolio/airflow/dags/first_dag.py
[2024-07-15T11:45:14.289+0100] {processor.py:183} INFO - Processing /mnt/c/Users/Victor/Desktop/Final_Semester/data-engineering-final-semester-portfolio/airflow/dags/first_dag.py took 0.996 seconds
[2024-07-15T11:45:21.327+0100] {processor.py:161} INFO - Started process (PID=53100) to work on /mnt/c/Users/Victor/Desktop/Final_Semester/data-engineering-final-semester-portfolio/airflow/dags/first_dag.py
[2024-07-15T11:45:21.335+0100] {processor.py:830} INFO - Processing file /mnt/c/Users/Victor/Desktop/Final_Semester/data-engineering-final-semester-portfolio/airflow/dags/first_dag.py for tasks to queue
[2024-07-15T11:45:21.352+0100] {logging_mixin.py:188} INFO - [2024-07-15T11:45:21.349+0100] {dagbag.py:545} INFO - Filling up the DagBag from /mnt/c/Users/Victor/Desktop/Final_Semester/data-engineering-final-semester-portfolio/airflow/dags/first_dag.py
[2024-07-15T11:45:21.535+0100] {logging_mixin.py:188} INFO - [2024-07-15T11:45:21.508+0100] {dagbag.py:355} ERROR - Failed to import: /mnt/c/Users/Victor/Desktop/Final_Semester/data-engineering-final-semester-portfolio/airflow/dags/first_dag.py
Traceback (most recent call last):
  File "/home/victor/airflow_env/lib/python3.10/site-packages/airflow/models/dagbag.py", line 351, in parse
    loader.exec_module(new_module)
  File "<frozen importlib._bootstrap_external>", line 883, in exec_module
  File "<frozen importlib._bootstrap>", line 241, in _call_with_frames_removed
  File "/mnt/c/Users/Victor/Desktop/Final_Semester/data-engineering-final-semester-portfolio/airflow/dags/first_dag.py", line 8, in <module>
    DEFAULT_ARGS
NameError: name 'DEFAULT_ARGS' is not defined
[2024-07-15T11:45:21.541+0100] {processor.py:842} WARNING - No viable dags retrieved from /mnt/c/Users/Victor/Desktop/Final_Semester/data-engineering-final-semester-portfolio/airflow/dags/first_dag.py
[2024-07-15T11:45:22.005+0100] {processor.py:183} INFO - Processing /mnt/c/Users/Victor/Desktop/Final_Semester/data-engineering-final-semester-portfolio/airflow/dags/first_dag.py took 0.710 seconds
[2024-07-15T11:45:23.736+0100] {processor.py:161} INFO - Started process (PID=53111) to work on /mnt/c/Users/Victor/Desktop/Final_Semester/data-engineering-final-semester-portfolio/airflow/dags/first_dag.py
[2024-07-15T11:45:23.742+0100] {processor.py:830} INFO - Processing file /mnt/c/Users/Victor/Desktop/Final_Semester/data-engineering-final-semester-portfolio/airflow/dags/first_dag.py for tasks to queue
[2024-07-15T11:45:23.752+0100] {logging_mixin.py:188} INFO - [2024-07-15T11:45:23.751+0100] {dagbag.py:545} INFO - Filling up the DagBag from /mnt/c/Users/Victor/Desktop/Final_Semester/data-engineering-final-semester-portfolio/airflow/dags/first_dag.py
[2024-07-15T11:45:23.981+0100] {logging_mixin.py:188} INFO - [2024-07-15T11:45:23.977+0100] {dagbag.py:355} ERROR - Failed to import: /mnt/c/Users/Victor/Desktop/Final_Semester/data-engineering-final-semester-portfolio/airflow/dags/first_dag.py
Traceback (most recent call last):
  File "/home/victor/airflow_env/lib/python3.10/site-packages/airflow/models/dagbag.py", line 351, in parse
    loader.exec_module(new_module)
  File "<frozen importlib._bootstrap_external>", line 879, in exec_module
  File "<frozen importlib._bootstrap_external>", line 1017, in get_code
  File "<frozen importlib._bootstrap_external>", line 947, in source_to_code
  File "<frozen importlib._bootstrap>", line 241, in _call_with_frames_removed
  File "/mnt/c/Users/Victor/Desktop/Final_Semester/data-engineering-final-semester-portfolio/airflow/dags/first_dag.py", line 8
    DEFAULT_ARGS =
                  ^
SyntaxError: invalid syntax
[2024-07-15T11:45:23.985+0100] {processor.py:842} WARNING - No viable dags retrieved from /mnt/c/Users/Victor/Desktop/Final_Semester/data-engineering-final-semester-portfolio/airflow/dags/first_dag.py
[2024-07-15T11:45:24.401+0100] {processor.py:183} INFO - Processing /mnt/c/Users/Victor/Desktop/Final_Semester/data-engineering-final-semester-portfolio/airflow/dags/first_dag.py took 0.712 seconds
[2024-07-15T11:45:27.451+0100] {processor.py:161} INFO - Started process (PID=53125) to work on /mnt/c/Users/Victor/Desktop/Final_Semester/data-engineering-final-semester-portfolio/airflow/dags/first_dag.py
[2024-07-15T11:45:27.465+0100] {processor.py:830} INFO - Processing file /mnt/c/Users/Victor/Desktop/Final_Semester/data-engineering-final-semester-portfolio/airflow/dags/first_dag.py for tasks to queue
[2024-07-15T11:45:27.484+0100] {logging_mixin.py:188} INFO - [2024-07-15T11:45:27.474+0100] {dagbag.py:545} INFO - Filling up the DagBag from /mnt/c/Users/Victor/Desktop/Final_Semester/data-engineering-final-semester-portfolio/airflow/dags/first_dag.py
[2024-07-15T11:45:27.971+0100] {processor.py:840} INFO - DAG(s) 'dev-astronauts_in_space-v1.0' retrieved from /mnt/c/Users/Victor/Desktop/Final_Semester/data-engineering-final-semester-portfolio/airflow/dags/first_dag.py
[2024-07-15T11:45:29.440+0100] {logging_mixin.py:188} INFO - [2024-07-15T11:45:29.439+0100] {dag.py:3096} INFO - Sync 1 DAGs
[2024-07-15T11:45:29.664+0100] {logging_mixin.py:188} INFO - [2024-07-15T11:45:29.662+0100] {dag.py:3954} INFO - Setting next_dagrun for dev-astronauts_in_space-v1.0 to None, run_after=None
[2024-07-15T11:45:30.510+0100] {processor.py:183} INFO - Processing /mnt/c/Users/Victor/Desktop/Final_Semester/data-engineering-final-semester-portfolio/airflow/dags/first_dag.py took 3.239 seconds
[2024-07-15T11:45:34.755+0100] {processor.py:161} INFO - Started process (PID=53163) to work on /mnt/c/Users/Victor/Desktop/Final_Semester/data-engineering-final-semester-portfolio/airflow/dags/first_dag.py
[2024-07-15T11:45:34.761+0100] {processor.py:830} INFO - Processing file /mnt/c/Users/Victor/Desktop/Final_Semester/data-engineering-final-semester-portfolio/airflow/dags/first_dag.py for tasks to queue
[2024-07-15T11:45:34.778+0100] {logging_mixin.py:188} INFO - [2024-07-15T11:45:34.776+0100] {dagbag.py:545} INFO - Filling up the DagBag from /mnt/c/Users/Victor/Desktop/Final_Semester/data-engineering-final-semester-portfolio/airflow/dags/first_dag.py
[2024-07-15T11:45:35.142+0100] {processor.py:840} INFO - DAG(s) 'dev-astronauts_in_space-v1.0' retrieved from /mnt/c/Users/Victor/Desktop/Final_Semester/data-engineering-final-semester-portfolio/airflow/dags/first_dag.py
[2024-07-15T11:45:35.361+0100] {logging_mixin.py:188} INFO - [2024-07-15T11:45:35.360+0100] {dag.py:3096} INFO - Sync 1 DAGs
[2024-07-15T11:45:35.640+0100] {logging_mixin.py:188} INFO - [2024-07-15T11:45:35.638+0100] {dag.py:3954} INFO - Setting next_dagrun for dev-astronauts_in_space-v1.0 to None, run_after=None
[2024-07-15T11:45:36.591+0100] {processor.py:183} INFO - Processing /mnt/c/Users/Victor/Desktop/Final_Semester/data-engineering-final-semester-portfolio/airflow/dags/first_dag.py took 1.945 seconds
[2024-07-15T11:45:39.446+0100] {processor.py:161} INFO - Started process (PID=53188) to work on /mnt/c/Users/Victor/Desktop/Final_Semester/data-engineering-final-semester-portfolio/airflow/dags/first_dag.py
[2024-07-15T11:45:39.455+0100] {processor.py:830} INFO - Processing file /mnt/c/Users/Victor/Desktop/Final_Semester/data-engineering-final-semester-portfolio/airflow/dags/first_dag.py for tasks to queue
[2024-07-15T11:45:39.466+0100] {logging_mixin.py:188} INFO - [2024-07-15T11:45:39.464+0100] {dagbag.py:545} INFO - Filling up the DagBag from /mnt/c/Users/Victor/Desktop/Final_Semester/data-engineering-final-semester-portfolio/airflow/dags/first_dag.py
[2024-07-15T11:45:39.647+0100] {logging_mixin.py:188} INFO - [2024-07-15T11:45:39.623+0100] {dagbag.py:355} ERROR - Failed to import: /mnt/c/Users/Victor/Desktop/Final_Semester/data-engineering-final-semester-portfolio/airflow/dags/first_dag.py
Traceback (most recent call last):
  File "/home/victor/airflow_env/lib/python3.10/site-packages/airflow/models/dagbag.py", line 351, in parse
    loader.exec_module(new_module)
  File "<frozen importlib._bootstrap_external>", line 883, in exec_module
  File "<frozen importlib._bootstrap>", line 241, in _call_with_frames_removed
  File "/mnt/c/Users/Victor/Desktop/Final_Semester/data-engineering-final-semester-portfolio/airflow/dags/first_dag.py", line 13, in <module>
    with DAG(
  File "/home/victor/airflow_env/lib/python3.10/site-packages/airflow/models/dag.py", line 500, in __init__
    raise TypeError("default_args must be a dict")
TypeError: default_args must be a dict
[2024-07-15T11:45:39.669+0100] {processor.py:842} WARNING - No viable dags retrieved from /mnt/c/Users/Victor/Desktop/Final_Semester/data-engineering-final-semester-portfolio/airflow/dags/first_dag.py
[2024-07-15T11:45:40.126+0100] {processor.py:183} INFO - Processing /mnt/c/Users/Victor/Desktop/Final_Semester/data-engineering-final-semester-portfolio/airflow/dags/first_dag.py took 0.731 seconds
[2024-07-15T11:46:10.576+0100] {processor.py:161} INFO - Started process (PID=53354) to work on /mnt/c/Users/Victor/Desktop/Final_Semester/data-engineering-final-semester-portfolio/airflow/dags/first_dag.py
[2024-07-15T11:46:10.589+0100] {processor.py:830} INFO - Processing file /mnt/c/Users/Victor/Desktop/Final_Semester/data-engineering-final-semester-portfolio/airflow/dags/first_dag.py for tasks to queue
[2024-07-15T11:46:10.596+0100] {logging_mixin.py:188} INFO - [2024-07-15T11:46:10.595+0100] {dagbag.py:545} INFO - Filling up the DagBag from /mnt/c/Users/Victor/Desktop/Final_Semester/data-engineering-final-semester-portfolio/airflow/dags/first_dag.py
[2024-07-15T11:46:10.709+0100] {logging_mixin.py:188} INFO - [2024-07-15T11:46:10.686+0100] {dagbag.py:355} ERROR - Failed to import: /mnt/c/Users/Victor/Desktop/Final_Semester/data-engineering-final-semester-portfolio/airflow/dags/first_dag.py
Traceback (most recent call last):
  File "/home/victor/airflow_env/lib/python3.10/site-packages/airflow/models/dagbag.py", line 351, in parse
    loader.exec_module(new_module)
  File "<frozen importlib._bootstrap_external>", line 883, in exec_module
  File "<frozen importlib._bootstrap>", line 241, in _call_with_frames_removed
  File "/mnt/c/Users/Victor/Desktop/Final_Semester/data-engineering-final-semester-portfolio/airflow/dags/first_dag.py", line 13, in <module>
    with DAG(
  File "/home/victor/airflow_env/lib/python3.10/site-packages/airflow/models/dag.py", line 500, in __init__
    raise TypeError("default_args must be a dict")
TypeError: default_args must be a dict
[2024-07-15T11:46:10.719+0100] {processor.py:842} WARNING - No viable dags retrieved from /mnt/c/Users/Victor/Desktop/Final_Semester/data-engineering-final-semester-portfolio/airflow/dags/first_dag.py
[2024-07-15T11:46:11.007+0100] {processor.py:183} INFO - Processing /mnt/c/Users/Victor/Desktop/Final_Semester/data-engineering-final-semester-portfolio/airflow/dags/first_dag.py took 0.478 seconds
[2024-07-15T11:46:42.204+0100] {processor.py:161} INFO - Started process (PID=53504) to work on /mnt/c/Users/Victor/Desktop/Final_Semester/data-engineering-final-semester-portfolio/airflow/dags/first_dag.py
[2024-07-15T11:46:42.210+0100] {processor.py:830} INFO - Processing file /mnt/c/Users/Victor/Desktop/Final_Semester/data-engineering-final-semester-portfolio/airflow/dags/first_dag.py for tasks to queue
[2024-07-15T11:46:42.218+0100] {logging_mixin.py:188} INFO - [2024-07-15T11:46:42.217+0100] {dagbag.py:545} INFO - Filling up the DagBag from /mnt/c/Users/Victor/Desktop/Final_Semester/data-engineering-final-semester-portfolio/airflow/dags/first_dag.py
[2024-07-15T11:46:42.281+0100] {logging_mixin.py:188} INFO - [2024-07-15T11:46:42.263+0100] {dagbag.py:355} ERROR - Failed to import: /mnt/c/Users/Victor/Desktop/Final_Semester/data-engineering-final-semester-portfolio/airflow/dags/first_dag.py
Traceback (most recent call last):
  File "/home/victor/airflow_env/lib/python3.10/site-packages/airflow/models/dagbag.py", line 351, in parse
    loader.exec_module(new_module)
  File "<frozen importlib._bootstrap_external>", line 883, in exec_module
  File "<frozen importlib._bootstrap>", line 241, in _call_with_frames_removed
  File "/mnt/c/Users/Victor/Desktop/Final_Semester/data-engineering-final-semester-portfolio/airflow/dags/first_dag.py", line 13, in <module>
    with DAG(
  File "/home/victor/airflow_env/lib/python3.10/site-packages/airflow/models/dag.py", line 500, in __init__
    raise TypeError("default_args must be a dict")
TypeError: default_args must be a dict
[2024-07-15T11:46:42.286+0100] {processor.py:842} WARNING - No viable dags retrieved from /mnt/c/Users/Victor/Desktop/Final_Semester/data-engineering-final-semester-portfolio/airflow/dags/first_dag.py
[2024-07-15T11:46:42.516+0100] {processor.py:183} INFO - Processing /mnt/c/Users/Victor/Desktop/Final_Semester/data-engineering-final-semester-portfolio/airflow/dags/first_dag.py took 0.379 seconds
[2024-07-15T11:47:07.194+0100] {processor.py:161} INFO - Started process (PID=53621) to work on /mnt/c/Users/Victor/Desktop/Final_Semester/data-engineering-final-semester-portfolio/airflow/dags/first_dag.py
[2024-07-15T11:47:07.202+0100] {processor.py:830} INFO - Processing file /mnt/c/Users/Victor/Desktop/Final_Semester/data-engineering-final-semester-portfolio/airflow/dags/first_dag.py for tasks to queue
[2024-07-15T11:47:07.210+0100] {logging_mixin.py:188} INFO - [2024-07-15T11:47:07.208+0100] {dagbag.py:545} INFO - Filling up the DagBag from /mnt/c/Users/Victor/Desktop/Final_Semester/data-engineering-final-semester-portfolio/airflow/dags/first_dag.py
[2024-07-15T11:47:07.311+0100] {logging_mixin.py:188} INFO - [2024-07-15T11:47:07.308+0100] {dagbag.py:355} ERROR - Failed to import: /mnt/c/Users/Victor/Desktop/Final_Semester/data-engineering-final-semester-portfolio/airflow/dags/first_dag.py
Traceback (most recent call last):
  File "/home/victor/airflow_env/lib/python3.10/site-packages/airflow/models/dagbag.py", line 351, in parse
    loader.exec_module(new_module)
  File "<frozen importlib._bootstrap_external>", line 879, in exec_module
  File "<frozen importlib._bootstrap_external>", line 1017, in get_code
  File "<frozen importlib._bootstrap_external>", line 947, in source_to_code
  File "<frozen importlib._bootstrap>", line 241, in _call_with_frames_removed
  File "/mnt/c/Users/Victor/Desktop/Final_Semester/data-engineering-final-semester-portfolio/airflow/dags/first_dag.py", line 9
    "OWNER":
           ^
SyntaxError: expression expected after dictionary key and ':'
[2024-07-15T11:47:07.313+0100] {processor.py:842} WARNING - No viable dags retrieved from /mnt/c/Users/Victor/Desktop/Final_Semester/data-engineering-final-semester-portfolio/airflow/dags/first_dag.py
[2024-07-15T11:47:07.797+0100] {processor.py:183} INFO - Processing /mnt/c/Users/Victor/Desktop/Final_Semester/data-engineering-final-semester-portfolio/airflow/dags/first_dag.py took 0.651 seconds
[2024-07-15T11:47:10.824+0100] {processor.py:161} INFO - Started process (PID=53642) to work on /mnt/c/Users/Victor/Desktop/Final_Semester/data-engineering-final-semester-portfolio/airflow/dags/first_dag.py
[2024-07-15T11:47:10.834+0100] {processor.py:830} INFO - Processing file /mnt/c/Users/Victor/Desktop/Final_Semester/data-engineering-final-semester-portfolio/airflow/dags/first_dag.py for tasks to queue
[2024-07-15T11:47:10.862+0100] {logging_mixin.py:188} INFO - [2024-07-15T11:47:10.859+0100] {dagbag.py:545} INFO - Filling up the DagBag from /mnt/c/Users/Victor/Desktop/Final_Semester/data-engineering-final-semester-portfolio/airflow/dags/first_dag.py
[2024-07-15T11:47:11.103+0100] {processor.py:840} INFO - DAG(s) 'dev-astronauts_in_space-v1.0' retrieved from /mnt/c/Users/Victor/Desktop/Final_Semester/data-engineering-final-semester-portfolio/airflow/dags/first_dag.py
[2024-07-15T11:47:12.554+0100] {logging_mixin.py:188} INFO - [2024-07-15T11:47:12.553+0100] {dag.py:3096} INFO - Sync 1 DAGs
[2024-07-15T11:47:12.882+0100] {logging_mixin.py:188} INFO - [2024-07-15T11:47:12.881+0100] {dag.py:3954} INFO - Setting next_dagrun for dev-astronauts_in_space-v1.0 to None, run_after=None
[2024-07-15T11:47:13.875+0100] {processor.py:183} INFO - Processing /mnt/c/Users/Victor/Desktop/Final_Semester/data-engineering-final-semester-portfolio/airflow/dags/first_dag.py took 3.187 seconds
[2024-07-15T11:47:17.702+0100] {processor.py:161} INFO - Started process (PID=53676) to work on /mnt/c/Users/Victor/Desktop/Final_Semester/data-engineering-final-semester-portfolio/airflow/dags/first_dag.py
[2024-07-15T11:47:17.709+0100] {processor.py:830} INFO - Processing file /mnt/c/Users/Victor/Desktop/Final_Semester/data-engineering-final-semester-portfolio/airflow/dags/first_dag.py for tasks to queue
[2024-07-15T11:47:17.743+0100] {logging_mixin.py:188} INFO - [2024-07-15T11:47:17.741+0100] {dagbag.py:545} INFO - Filling up the DagBag from /mnt/c/Users/Victor/Desktop/Final_Semester/data-engineering-final-semester-portfolio/airflow/dags/first_dag.py
[2024-07-15T11:47:18.024+0100] {processor.py:840} INFO - DAG(s) 'dev-astronauts_in_space-v1.0' retrieved from /mnt/c/Users/Victor/Desktop/Final_Semester/data-engineering-final-semester-portfolio/airflow/dags/first_dag.py
[2024-07-15T11:47:18.130+0100] {logging_mixin.py:188} INFO - [2024-07-15T11:47:18.128+0100] {dag.py:3096} INFO - Sync 1 DAGs
[2024-07-15T11:47:18.556+0100] {logging_mixin.py:188} INFO - [2024-07-15T11:47:18.544+0100] {dag.py:3954} INFO - Setting next_dagrun for dev-astronauts_in_space-v1.0 to None, run_after=None
[2024-07-15T11:47:19.611+0100] {processor.py:183} INFO - Processing /mnt/c/Users/Victor/Desktop/Final_Semester/data-engineering-final-semester-portfolio/airflow/dags/first_dag.py took 2.016 seconds
[2024-07-15T11:47:22.771+0100] {processor.py:161} INFO - Started process (PID=53713) to work on /mnt/c/Users/Victor/Desktop/Final_Semester/data-engineering-final-semester-portfolio/airflow/dags/first_dag.py
[2024-07-15T11:47:22.775+0100] {processor.py:830} INFO - Processing file /mnt/c/Users/Victor/Desktop/Final_Semester/data-engineering-final-semester-portfolio/airflow/dags/first_dag.py for tasks to queue
[2024-07-15T11:47:22.794+0100] {logging_mixin.py:188} INFO - [2024-07-15T11:47:22.792+0100] {dagbag.py:545} INFO - Filling up the DagBag from /mnt/c/Users/Victor/Desktop/Final_Semester/data-engineering-final-semester-portfolio/airflow/dags/first_dag.py
[2024-07-15T11:47:23.111+0100] {processor.py:840} INFO - DAG(s) 'dev-astronauts_in_space-v1.0' retrieved from /mnt/c/Users/Victor/Desktop/Final_Semester/data-engineering-final-semester-portfolio/airflow/dags/first_dag.py
[2024-07-15T11:47:23.258+0100] {logging_mixin.py:188} INFO - [2024-07-15T11:47:23.257+0100] {dag.py:3096} INFO - Sync 1 DAGs
[2024-07-15T11:47:23.583+0100] {logging_mixin.py:188} INFO - [2024-07-15T11:47:23.582+0100] {dag.py:3954} INFO - Setting next_dagrun for dev-astronauts_in_space-v1.0 to None, run_after=None
[2024-07-15T11:47:24.396+0100] {processor.py:183} INFO - Processing /mnt/c/Users/Victor/Desktop/Final_Semester/data-engineering-final-semester-portfolio/airflow/dags/first_dag.py took 1.665 seconds
[2024-07-15T11:47:56.906+0100] {processor.py:161} INFO - Started process (PID=53909) to work on /mnt/c/Users/Victor/Desktop/Final_Semester/data-engineering-final-semester-portfolio/airflow/dags/first_dag.py
[2024-07-15T11:47:56.931+0100] {processor.py:830} INFO - Processing file /mnt/c/Users/Victor/Desktop/Final_Semester/data-engineering-final-semester-portfolio/airflow/dags/first_dag.py for tasks to queue
[2024-07-15T11:47:56.957+0100] {logging_mixin.py:188} INFO - [2024-07-15T11:47:56.956+0100] {dagbag.py:545} INFO - Filling up the DagBag from /mnt/c/Users/Victor/Desktop/Final_Semester/data-engineering-final-semester-portfolio/airflow/dags/first_dag.py
[2024-07-15T11:47:57.207+0100] {processor.py:840} INFO - DAG(s) 'dev-astronauts_in_space-v1.0' retrieved from /mnt/c/Users/Victor/Desktop/Final_Semester/data-engineering-final-semester-portfolio/airflow/dags/first_dag.py
[2024-07-15T11:47:58.860+0100] {logging_mixin.py:188} INFO - [2024-07-15T11:47:58.831+0100] {dag.py:3096} INFO - Sync 1 DAGs
[2024-07-15T11:47:59.439+0100] {logging_mixin.py:188} INFO - [2024-07-15T11:47:59.427+0100] {dag.py:3954} INFO - Setting next_dagrun for dev-astronauts_in_space-v1.0 to None, run_after=None
[2024-07-15T11:48:01.112+0100] {processor.py:183} INFO - Processing /mnt/c/Users/Victor/Desktop/Final_Semester/data-engineering-final-semester-portfolio/airflow/dags/first_dag.py took 4.275 seconds
[2024-07-15T11:48:04.184+0100] {processor.py:161} INFO - Started process (PID=53944) to work on /mnt/c/Users/Victor/Desktop/Final_Semester/data-engineering-final-semester-portfolio/airflow/dags/first_dag.py
[2024-07-15T11:48:04.196+0100] {processor.py:830} INFO - Processing file /mnt/c/Users/Victor/Desktop/Final_Semester/data-engineering-final-semester-portfolio/airflow/dags/first_dag.py for tasks to queue
[2024-07-15T11:48:04.223+0100] {logging_mixin.py:188} INFO - [2024-07-15T11:48:04.220+0100] {dagbag.py:545} INFO - Filling up the DagBag from /mnt/c/Users/Victor/Desktop/Final_Semester/data-engineering-final-semester-portfolio/airflow/dags/first_dag.py
[2024-07-15T11:48:04.463+0100] {logging_mixin.py:188} INFO - [2024-07-15T11:48:04.460+0100] {dagbag.py:355} ERROR - Failed to import: /mnt/c/Users/Victor/Desktop/Final_Semester/data-engineering-final-semester-portfolio/airflow/dags/first_dag.py
Traceback (most recent call last):
  File "/home/victor/airflow_env/lib/python3.10/site-packages/airflow/models/dagbag.py", line 351, in parse
    loader.exec_module(new_module)
  File "<frozen importlib._bootstrap_external>", line 879, in exec_module
  File "<frozen importlib._bootstrap_external>", line 1017, in get_code
  File "<frozen importlib._bootstrap_external>", line 947, in source_to_code
  File "<frozen importlib._bootstrap>", line 241, in _call_with_frames_removed
  File "/mnt/c/Users/Victor/Desktop/Final_Semester/data-engineering-final-semester-portfolio/airflow/dags/first_dag.py", line 10
    "retries"
            ^
SyntaxError: ':' expected after dictionary key
[2024-07-15T11:48:04.466+0100] {processor.py:842} WARNING - No viable dags retrieved from /mnt/c/Users/Victor/Desktop/Final_Semester/data-engineering-final-semester-portfolio/airflow/dags/first_dag.py
[2024-07-15T11:48:05.200+0100] {processor.py:183} INFO - Processing /mnt/c/Users/Victor/Desktop/Final_Semester/data-engineering-final-semester-portfolio/airflow/dags/first_dag.py took 1.089 seconds
[2024-07-15T11:48:09.379+0100] {processor.py:161} INFO - Started process (PID=53971) to work on /mnt/c/Users/Victor/Desktop/Final_Semester/data-engineering-final-semester-portfolio/airflow/dags/first_dag.py
[2024-07-15T11:48:09.390+0100] {processor.py:830} INFO - Processing file /mnt/c/Users/Victor/Desktop/Final_Semester/data-engineering-final-semester-portfolio/airflow/dags/first_dag.py for tasks to queue
[2024-07-15T11:48:09.407+0100] {logging_mixin.py:188} INFO - [2024-07-15T11:48:09.405+0100] {dagbag.py:545} INFO - Filling up the DagBag from /mnt/c/Users/Victor/Desktop/Final_Semester/data-engineering-final-semester-portfolio/airflow/dags/first_dag.py
[2024-07-15T11:48:09.646+0100] {logging_mixin.py:188} INFO - [2024-07-15T11:48:09.613+0100] {dagbag.py:355} ERROR - Failed to import: /mnt/c/Users/Victor/Desktop/Final_Semester/data-engineering-final-semester-portfolio/airflow/dags/first_dag.py
Traceback (most recent call last):
  File "/home/victor/airflow_env/lib/python3.10/site-packages/airflow/models/dagbag.py", line 351, in parse
    loader.exec_module(new_module)
  File "<frozen importlib._bootstrap_external>", line 879, in exec_module
  File "<frozen importlib._bootstrap_external>", line 1017, in get_code
  File "<frozen importlib._bootstrap_external>", line 947, in source_to_code
  File "<frozen importlib._bootstrap>", line 241, in _call_with_frames_removed
  File "/mnt/c/Users/Victor/Desktop/Final_Semester/data-engineering-final-semester-portfolio/airflow/dags/first_dag.py", line 10
    "retries"
            ^
SyntaxError: ':' expected after dictionary key
[2024-07-15T11:48:09.660+0100] {processor.py:842} WARNING - No viable dags retrieved from /mnt/c/Users/Victor/Desktop/Final_Semester/data-engineering-final-semester-portfolio/airflow/dags/first_dag.py
[2024-07-15T11:48:10.209+0100] {processor.py:183} INFO - Processing /mnt/c/Users/Victor/Desktop/Final_Semester/data-engineering-final-semester-portfolio/airflow/dags/first_dag.py took 0.891 seconds
[2024-07-15T11:48:12.276+0100] {processor.py:161} INFO - Started process (PID=53982) to work on /mnt/c/Users/Victor/Desktop/Final_Semester/data-engineering-final-semester-portfolio/airflow/dags/first_dag.py
[2024-07-15T11:48:12.290+0100] {processor.py:830} INFO - Processing file /mnt/c/Users/Victor/Desktop/Final_Semester/data-engineering-final-semester-portfolio/airflow/dags/first_dag.py for tasks to queue
[2024-07-15T11:48:12.297+0100] {logging_mixin.py:188} INFO - [2024-07-15T11:48:12.296+0100] {dagbag.py:545} INFO - Filling up the DagBag from /mnt/c/Users/Victor/Desktop/Final_Semester/data-engineering-final-semester-portfolio/airflow/dags/first_dag.py
[2024-07-15T11:48:12.556+0100] {logging_mixin.py:188} INFO - [2024-07-15T11:48:12.529+0100] {dagbag.py:355} ERROR - Failed to import: /mnt/c/Users/Victor/Desktop/Final_Semester/data-engineering-final-semester-portfolio/airflow/dags/first_dag.py
Traceback (most recent call last):
  File "/home/victor/airflow_env/lib/python3.10/site-packages/airflow/models/dagbag.py", line 351, in parse
    loader.exec_module(new_module)
  File "<frozen importlib._bootstrap_external>", line 879, in exec_module
  File "<frozen importlib._bootstrap_external>", line 1017, in get_code
  File "<frozen importlib._bootstrap_external>", line 947, in source_to_code
  File "<frozen importlib._bootstrap>", line 241, in _call_with_frames_removed
  File "/mnt/c/Users/Victor/Desktop/Final_Semester/data-engineering-final-semester-portfolio/airflow/dags/first_dag.py", line 10
    "retries":
             ^
SyntaxError: expression expected after dictionary key and ':'
[2024-07-15T11:48:12.558+0100] {processor.py:842} WARNING - No viable dags retrieved from /mnt/c/Users/Victor/Desktop/Final_Semester/data-engineering-final-semester-portfolio/airflow/dags/first_dag.py
[2024-07-15T11:48:12.899+0100] {processor.py:183} INFO - Processing /mnt/c/Users/Victor/Desktop/Final_Semester/data-engineering-final-semester-portfolio/airflow/dags/first_dag.py took 0.705 seconds
[2024-07-15T11:48:15.570+0100] {processor.py:161} INFO - Started process (PID=53997) to work on /mnt/c/Users/Victor/Desktop/Final_Semester/data-engineering-final-semester-portfolio/airflow/dags/first_dag.py
[2024-07-15T11:48:15.576+0100] {processor.py:830} INFO - Processing file /mnt/c/Users/Victor/Desktop/Final_Semester/data-engineering-final-semester-portfolio/airflow/dags/first_dag.py for tasks to queue
[2024-07-15T11:48:15.589+0100] {logging_mixin.py:188} INFO - [2024-07-15T11:48:15.587+0100] {dagbag.py:545} INFO - Filling up the DagBag from /mnt/c/Users/Victor/Desktop/Final_Semester/data-engineering-final-semester-portfolio/airflow/dags/first_dag.py
[2024-07-15T11:48:15.937+0100] {processor.py:840} INFO - DAG(s) 'dev-astronauts_in_space-v1.0' retrieved from /mnt/c/Users/Victor/Desktop/Final_Semester/data-engineering-final-semester-portfolio/airflow/dags/first_dag.py
[2024-07-15T11:48:16.212+0100] {logging_mixin.py:188} INFO - [2024-07-15T11:48:16.210+0100] {dag.py:3096} INFO - Sync 1 DAGs
[2024-07-15T11:48:16.914+0100] {logging_mixin.py:188} INFO - [2024-07-15T11:48:16.913+0100] {dag.py:3954} INFO - Setting next_dagrun for dev-astronauts_in_space-v1.0 to None, run_after=None
[2024-07-15T11:48:18.395+0100] {processor.py:183} INFO - Processing /mnt/c/Users/Victor/Desktop/Final_Semester/data-engineering-final-semester-portfolio/airflow/dags/first_dag.py took 2.865 seconds
[2024-07-15T11:48:22.111+0100] {processor.py:161} INFO - Started process (PID=54027) to work on /mnt/c/Users/Victor/Desktop/Final_Semester/data-engineering-final-semester-portfolio/airflow/dags/first_dag.py
[2024-07-15T11:48:22.121+0100] {processor.py:830} INFO - Processing file /mnt/c/Users/Victor/Desktop/Final_Semester/data-engineering-final-semester-portfolio/airflow/dags/first_dag.py for tasks to queue
[2024-07-15T11:48:22.156+0100] {logging_mixin.py:188} INFO - [2024-07-15T11:48:22.150+0100] {dagbag.py:545} INFO - Filling up the DagBag from /mnt/c/Users/Victor/Desktop/Final_Semester/data-engineering-final-semester-portfolio/airflow/dags/first_dag.py
[2024-07-15T11:48:22.318+0100] {logging_mixin.py:188} INFO - [2024-07-15T11:48:22.313+0100] {dagbag.py:355} ERROR - Failed to import: /mnt/c/Users/Victor/Desktop/Final_Semester/data-engineering-final-semester-portfolio/airflow/dags/first_dag.py
Traceback (most recent call last):
  File "/home/victor/airflow_env/lib/python3.10/site-packages/airflow/models/dagbag.py", line 351, in parse
    loader.exec_module(new_module)
  File "<frozen importlib._bootstrap_external>", line 879, in exec_module
  File "<frozen importlib._bootstrap_external>", line 1017, in get_code
  File "<frozen importlib._bootstrap_external>", line 947, in source_to_code
  File "<frozen importlib._bootstrap>", line 241, in _call_with_frames_removed
  File "/mnt/c/Users/Victor/Desktop/Final_Semester/data-engineering-final-semester-portfolio/airflow/dags/first_dag.py", line 11
    "retry"
          ^
SyntaxError: ':' expected after dictionary key
[2024-07-15T11:48:22.322+0100] {processor.py:842} WARNING - No viable dags retrieved from /mnt/c/Users/Victor/Desktop/Final_Semester/data-engineering-final-semester-portfolio/airflow/dags/first_dag.py
[2024-07-15T11:48:22.729+0100] {processor.py:183} INFO - Processing /mnt/c/Users/Victor/Desktop/Final_Semester/data-engineering-final-semester-portfolio/airflow/dags/first_dag.py took 0.789 seconds
[2024-07-15T11:48:24.441+0100] {processor.py:161} INFO - Started process (PID=54041) to work on /mnt/c/Users/Victor/Desktop/Final_Semester/data-engineering-final-semester-portfolio/airflow/dags/first_dag.py
[2024-07-15T11:48:24.462+0100] {processor.py:830} INFO - Processing file /mnt/c/Users/Victor/Desktop/Final_Semester/data-engineering-final-semester-portfolio/airflow/dags/first_dag.py for tasks to queue
[2024-07-15T11:48:24.484+0100] {logging_mixin.py:188} INFO - [2024-07-15T11:48:24.481+0100] {dagbag.py:545} INFO - Filling up the DagBag from /mnt/c/Users/Victor/Desktop/Final_Semester/data-engineering-final-semester-portfolio/airflow/dags/first_dag.py
[2024-07-15T11:48:24.646+0100] {logging_mixin.py:188} INFO - [2024-07-15T11:48:24.644+0100] {dagbag.py:355} ERROR - Failed to import: /mnt/c/Users/Victor/Desktop/Final_Semester/data-engineering-final-semester-portfolio/airflow/dags/first_dag.py
Traceback (most recent call last):
  File "/home/victor/airflow_env/lib/python3.10/site-packages/airflow/models/dagbag.py", line 351, in parse
    loader.exec_module(new_module)
  File "<frozen importlib._bootstrap_external>", line 879, in exec_module
  File "<frozen importlib._bootstrap_external>", line 1017, in get_code
  File "<frozen importlib._bootstrap_external>", line 947, in source_to_code
  File "<frozen importlib._bootstrap>", line 241, in _call_with_frames_removed
  File "/mnt/c/Users/Victor/Desktop/Final_Semester/data-engineering-final-semester-portfolio/airflow/dags/first_dag.py", line 11
    "retry_delay"
                ^
SyntaxError: ':' expected after dictionary key
[2024-07-15T11:48:24.654+0100] {processor.py:842} WARNING - No viable dags retrieved from /mnt/c/Users/Victor/Desktop/Final_Semester/data-engineering-final-semester-portfolio/airflow/dags/first_dag.py
[2024-07-15T11:48:25.201+0100] {processor.py:183} INFO - Processing /mnt/c/Users/Victor/Desktop/Final_Semester/data-engineering-final-semester-portfolio/airflow/dags/first_dag.py took 0.808 seconds
[2024-07-15T11:48:28.020+0100] {processor.py:161} INFO - Started process (PID=54059) to work on /mnt/c/Users/Victor/Desktop/Final_Semester/data-engineering-final-semester-portfolio/airflow/dags/first_dag.py
[2024-07-15T11:48:28.029+0100] {processor.py:830} INFO - Processing file /mnt/c/Users/Victor/Desktop/Final_Semester/data-engineering-final-semester-portfolio/airflow/dags/first_dag.py for tasks to queue
[2024-07-15T11:48:28.084+0100] {logging_mixin.py:188} INFO - [2024-07-15T11:48:28.082+0100] {dagbag.py:545} INFO - Filling up the DagBag from /mnt/c/Users/Victor/Desktop/Final_Semester/data-engineering-final-semester-portfolio/airflow/dags/first_dag.py
[2024-07-15T11:48:28.503+0100] {logging_mixin.py:188} INFO - [2024-07-15T11:48:28.464+0100] {dagbag.py:355} ERROR - Failed to import: /mnt/c/Users/Victor/Desktop/Final_Semester/data-engineering-final-semester-portfolio/airflow/dags/first_dag.py
Traceback (most recent call last):
  File "/home/victor/airflow_env/lib/python3.10/site-packages/airflow/models/dagbag.py", line 351, in parse
    loader.exec_module(new_module)
  File "<frozen importlib._bootstrap_external>", line 883, in exec_module
  File "<frozen importlib._bootstrap>", line 241, in _call_with_frames_removed
  File "/mnt/c/Users/Victor/Desktop/Final_Semester/data-engineering-final-semester-portfolio/airflow/dags/first_dag.py", line 11, in <module>
    "retry_delay": ti
NameError: name 'ti' is not defined
[2024-07-15T11:48:28.527+0100] {processor.py:842} WARNING - No viable dags retrieved from /mnt/c/Users/Victor/Desktop/Final_Semester/data-engineering-final-semester-portfolio/airflow/dags/first_dag.py
[2024-07-15T11:48:29.122+0100] {processor.py:183} INFO - Processing /mnt/c/Users/Victor/Desktop/Final_Semester/data-engineering-final-semester-portfolio/airflow/dags/first_dag.py took 1.240 seconds
[2024-07-15T11:48:32.153+0100] {processor.py:161} INFO - Started process (PID=54077) to work on /mnt/c/Users/Victor/Desktop/Final_Semester/data-engineering-final-semester-portfolio/airflow/dags/first_dag.py
[2024-07-15T11:48:32.171+0100] {processor.py:830} INFO - Processing file /mnt/c/Users/Victor/Desktop/Final_Semester/data-engineering-final-semester-portfolio/airflow/dags/first_dag.py for tasks to queue
[2024-07-15T11:48:32.190+0100] {logging_mixin.py:188} INFO - [2024-07-15T11:48:32.189+0100] {dagbag.py:545} INFO - Filling up the DagBag from /mnt/c/Users/Victor/Desktop/Final_Semester/data-engineering-final-semester-portfolio/airflow/dags/first_dag.py
[2024-07-15T11:48:32.647+0100] {logging_mixin.py:188} INFO - [2024-07-15T11:48:32.601+0100] {dagbag.py:355} ERROR - Failed to import: /mnt/c/Users/Victor/Desktop/Final_Semester/data-engineering-final-semester-portfolio/airflow/dags/first_dag.py
Traceback (most recent call last):
  File "/home/victor/airflow_env/lib/python3.10/site-packages/airflow/models/dagbag.py", line 351, in parse
    loader.exec_module(new_module)
  File "<frozen importlib._bootstrap_external>", line 883, in exec_module
  File "<frozen importlib._bootstrap>", line 241, in _call_with_frames_removed
  File "/mnt/c/Users/Victor/Desktop/Final_Semester/data-engineering-final-semester-portfolio/airflow/dags/first_dag.py", line 20, in <module>
    start = EmptyOperator(task_id='start')
  File "/home/victor/airflow_env/lib/python3.10/site-packages/airflow/models/baseoperator.py", line 485, in apply_defaults
    result = func(self, **kwargs, default_args=default_args)
  File "/home/victor/airflow_env/lib/python3.10/site-packages/airflow/models/baseoperator.py", line 485, in apply_defaults
    result = func(self, **kwargs, default_args=default_args)
  File "/home/victor/airflow_env/lib/python3.10/site-packages/airflow/models/baseoperator.py", line 973, in __init__
    self.retry_delay = coerce_timedelta(retry_delay, key="retry_delay")
  File "/home/victor/airflow_env/lib/python3.10/site-packages/airflow/models/baseoperator.py", line 146, in coerce_timedelta
    return timedelta(seconds=value)
TypeError: unsupported type for timedelta seconds component: type
[2024-07-15T11:48:32.681+0100] {processor.py:842} WARNING - No viable dags retrieved from /mnt/c/Users/Victor/Desktop/Final_Semester/data-engineering-final-semester-portfolio/airflow/dags/first_dag.py
[2024-07-15T11:48:33.527+0100] {processor.py:183} INFO - Processing /mnt/c/Users/Victor/Desktop/Final_Semester/data-engineering-final-semester-portfolio/airflow/dags/first_dag.py took 1.438 seconds
[2024-07-15T11:48:38.244+0100] {processor.py:161} INFO - Started process (PID=54105) to work on /mnt/c/Users/Victor/Desktop/Final_Semester/data-engineering-final-semester-portfolio/airflow/dags/first_dag.py
[2024-07-15T11:48:38.255+0100] {processor.py:830} INFO - Processing file /mnt/c/Users/Victor/Desktop/Final_Semester/data-engineering-final-semester-portfolio/airflow/dags/first_dag.py for tasks to queue
[2024-07-15T11:48:38.266+0100] {logging_mixin.py:188} INFO - [2024-07-15T11:48:38.264+0100] {dagbag.py:545} INFO - Filling up the DagBag from /mnt/c/Users/Victor/Desktop/Final_Semester/data-engineering-final-semester-portfolio/airflow/dags/first_dag.py
[2024-07-15T11:48:38.845+0100] {logging_mixin.py:188} INFO - [2024-07-15T11:48:38.792+0100] {dagbag.py:355} ERROR - Failed to import: /mnt/c/Users/Victor/Desktop/Final_Semester/data-engineering-final-semester-portfolio/airflow/dags/first_dag.py
Traceback (most recent call last):
  File "/home/victor/airflow_env/lib/python3.10/site-packages/airflow/models/dagbag.py", line 351, in parse
    loader.exec_module(new_module)
  File "<frozen importlib._bootstrap_external>", line 883, in exec_module
  File "<frozen importlib._bootstrap>", line 241, in _call_with_frames_removed
  File "/mnt/c/Users/Victor/Desktop/Final_Semester/data-engineering-final-semester-portfolio/airflow/dags/first_dag.py", line 11, in <module>
    "retry_delay": timedelta(min)
TypeError: unsupported type for timedelta days component: builtin_function_or_method
[2024-07-15T11:48:38.861+0100] {processor.py:842} WARNING - No viable dags retrieved from /mnt/c/Users/Victor/Desktop/Final_Semester/data-engineering-final-semester-portfolio/airflow/dags/first_dag.py
[2024-07-15T11:48:39.400+0100] {processor.py:183} INFO - Processing /mnt/c/Users/Victor/Desktop/Final_Semester/data-engineering-final-semester-portfolio/airflow/dags/first_dag.py took 1.238 seconds
[2024-07-15T11:48:42.312+0100] {processor.py:161} INFO - Started process (PID=54128) to work on /mnt/c/Users/Victor/Desktop/Final_Semester/data-engineering-final-semester-portfolio/airflow/dags/first_dag.py
[2024-07-15T11:48:42.323+0100] {processor.py:830} INFO - Processing file /mnt/c/Users/Victor/Desktop/Final_Semester/data-engineering-final-semester-portfolio/airflow/dags/first_dag.py for tasks to queue
[2024-07-15T11:48:42.341+0100] {logging_mixin.py:188} INFO - [2024-07-15T11:48:42.333+0100] {dagbag.py:545} INFO - Filling up the DagBag from /mnt/c/Users/Victor/Desktop/Final_Semester/data-engineering-final-semester-portfolio/airflow/dags/first_dag.py
[2024-07-15T11:48:42.743+0100] {processor.py:840} INFO - DAG(s) 'dev-astronauts_in_space-v1.0' retrieved from /mnt/c/Users/Victor/Desktop/Final_Semester/data-engineering-final-semester-portfolio/airflow/dags/first_dag.py
[2024-07-15T11:48:44.959+0100] {logging_mixin.py:188} INFO - [2024-07-15T11:48:44.956+0100] {dag.py:3096} INFO - Sync 1 DAGs
[2024-07-15T11:48:45.282+0100] {logging_mixin.py:188} INFO - [2024-07-15T11:48:45.281+0100] {dag.py:3954} INFO - Setting next_dagrun for dev-astronauts_in_space-v1.0 to None, run_after=None
[2024-07-15T11:48:46.112+0100] {processor.py:183} INFO - Processing /mnt/c/Users/Victor/Desktop/Final_Semester/data-engineering-final-semester-portfolio/airflow/dags/first_dag.py took 3.855 seconds
[2024-07-15T11:48:50.395+0100] {processor.py:161} INFO - Started process (PID=54167) to work on /mnt/c/Users/Victor/Desktop/Final_Semester/data-engineering-final-semester-portfolio/airflow/dags/first_dag.py
[2024-07-15T11:48:50.400+0100] {processor.py:830} INFO - Processing file /mnt/c/Users/Victor/Desktop/Final_Semester/data-engineering-final-semester-portfolio/airflow/dags/first_dag.py for tasks to queue
[2024-07-15T11:48:50.419+0100] {logging_mixin.py:188} INFO - [2024-07-15T11:48:50.417+0100] {dagbag.py:545} INFO - Filling up the DagBag from /mnt/c/Users/Victor/Desktop/Final_Semester/data-engineering-final-semester-portfolio/airflow/dags/first_dag.py
[2024-07-15T11:48:50.626+0100] {processor.py:840} INFO - DAG(s) 'dev-astronauts_in_space-v1.0' retrieved from /mnt/c/Users/Victor/Desktop/Final_Semester/data-engineering-final-semester-portfolio/airflow/dags/first_dag.py
[2024-07-15T11:48:50.764+0100] {logging_mixin.py:188} INFO - [2024-07-15T11:48:50.761+0100] {dag.py:3096} INFO - Sync 1 DAGs
[2024-07-15T11:48:51.269+0100] {logging_mixin.py:188} INFO - [2024-07-15T11:48:51.268+0100] {dag.py:3954} INFO - Setting next_dagrun for dev-astronauts_in_space-v1.0 to None, run_after=None
[2024-07-15T11:48:51.875+0100] {processor.py:183} INFO - Processing /mnt/c/Users/Victor/Desktop/Final_Semester/data-engineering-final-semester-portfolio/airflow/dags/first_dag.py took 1.577 seconds
[2024-07-15T11:48:57.573+0100] {processor.py:161} INFO - Started process (PID=54205) to work on /mnt/c/Users/Victor/Desktop/Final_Semester/data-engineering-final-semester-portfolio/airflow/dags/first_dag.py
[2024-07-15T11:48:57.578+0100] {processor.py:830} INFO - Processing file /mnt/c/Users/Victor/Desktop/Final_Semester/data-engineering-final-semester-portfolio/airflow/dags/first_dag.py for tasks to queue
[2024-07-15T11:48:57.609+0100] {logging_mixin.py:188} INFO - [2024-07-15T11:48:57.606+0100] {dagbag.py:545} INFO - Filling up the DagBag from /mnt/c/Users/Victor/Desktop/Final_Semester/data-engineering-final-semester-portfolio/airflow/dags/first_dag.py
[2024-07-15T11:48:57.825+0100] {processor.py:840} INFO - DAG(s) 'dev-astronauts_in_space-v1.0' retrieved from /mnt/c/Users/Victor/Desktop/Final_Semester/data-engineering-final-semester-portfolio/airflow/dags/first_dag.py
[2024-07-15T11:48:57.975+0100] {logging_mixin.py:188} INFO - [2024-07-15T11:48:57.974+0100] {dag.py:3096} INFO - Sync 1 DAGs
[2024-07-15T11:48:58.223+0100] {logging_mixin.py:188} INFO - [2024-07-15T11:48:58.222+0100] {dag.py:3954} INFO - Setting next_dagrun for dev-astronauts_in_space-v1.0 to None, run_after=None
[2024-07-15T11:48:58.889+0100] {processor.py:183} INFO - Processing /mnt/c/Users/Victor/Desktop/Final_Semester/data-engineering-final-semester-portfolio/airflow/dags/first_dag.py took 1.461 seconds
[2024-07-15T11:49:01.354+0100] {processor.py:161} INFO - Started process (PID=54222) to work on /mnt/c/Users/Victor/Desktop/Final_Semester/data-engineering-final-semester-portfolio/airflow/dags/first_dag.py
[2024-07-15T11:49:01.362+0100] {processor.py:830} INFO - Processing file /mnt/c/Users/Victor/Desktop/Final_Semester/data-engineering-final-semester-portfolio/airflow/dags/first_dag.py for tasks to queue
[2024-07-15T11:49:01.376+0100] {logging_mixin.py:188} INFO - [2024-07-15T11:49:01.373+0100] {dagbag.py:545} INFO - Filling up the DagBag from /mnt/c/Users/Victor/Desktop/Final_Semester/data-engineering-final-semester-portfolio/airflow/dags/first_dag.py
[2024-07-15T11:49:01.633+0100] {processor.py:840} INFO - DAG(s) 'dev-astronauts_in_space-v1.0' retrieved from /mnt/c/Users/Victor/Desktop/Final_Semester/data-engineering-final-semester-portfolio/airflow/dags/first_dag.py
[2024-07-15T11:49:01.750+0100] {logging_mixin.py:188} INFO - [2024-07-15T11:49:01.747+0100] {dag.py:3096} INFO - Sync 1 DAGs
[2024-07-15T11:49:02.012+0100] {logging_mixin.py:188} INFO - [2024-07-15T11:49:02.011+0100] {dag.py:3954} INFO - Setting next_dagrun for dev-astronauts_in_space-v1.0 to None, run_after=None
[2024-07-15T11:49:02.879+0100] {processor.py:183} INFO - Processing /mnt/c/Users/Victor/Desktop/Final_Semester/data-engineering-final-semester-portfolio/airflow/dags/first_dag.py took 1.616 seconds
[2024-07-15T11:49:33.907+0100] {processor.py:161} INFO - Started process (PID=54393) to work on /mnt/c/Users/Victor/Desktop/Final_Semester/data-engineering-final-semester-portfolio/airflow/dags/first_dag.py
[2024-07-15T11:49:33.914+0100] {processor.py:830} INFO - Processing file /mnt/c/Users/Victor/Desktop/Final_Semester/data-engineering-final-semester-portfolio/airflow/dags/first_dag.py for tasks to queue
[2024-07-15T11:49:33.945+0100] {logging_mixin.py:188} INFO - [2024-07-15T11:49:33.944+0100] {dagbag.py:545} INFO - Filling up the DagBag from /mnt/c/Users/Victor/Desktop/Final_Semester/data-engineering-final-semester-portfolio/airflow/dags/first_dag.py
[2024-07-15T11:49:34.064+0100] {processor.py:840} INFO - DAG(s) 'dev-astronauts_in_space-v1.0' retrieved from /mnt/c/Users/Victor/Desktop/Final_Semester/data-engineering-final-semester-portfolio/airflow/dags/first_dag.py
[2024-07-15T11:49:34.235+0100] {logging_mixin.py:188} INFO - [2024-07-15T11:49:34.234+0100] {dag.py:3096} INFO - Sync 1 DAGs
[2024-07-15T11:49:34.403+0100] {logging_mixin.py:188} INFO - [2024-07-15T11:49:34.402+0100] {dag.py:3954} INFO - Setting next_dagrun for dev-astronauts_in_space-v1.0 to None, run_after=None
[2024-07-15T11:49:34.712+0100] {processor.py:183} INFO - Processing /mnt/c/Users/Victor/Desktop/Final_Semester/data-engineering-final-semester-portfolio/airflow/dags/first_dag.py took 0.848 seconds
[2024-07-15T11:50:05.498+0100] {processor.py:161} INFO - Started process (PID=54545) to work on /mnt/c/Users/Victor/Desktop/Final_Semester/data-engineering-final-semester-portfolio/airflow/dags/first_dag.py
[2024-07-15T11:50:05.502+0100] {processor.py:830} INFO - Processing file /mnt/c/Users/Victor/Desktop/Final_Semester/data-engineering-final-semester-portfolio/airflow/dags/first_dag.py for tasks to queue
[2024-07-15T11:50:05.513+0100] {logging_mixin.py:188} INFO - [2024-07-15T11:50:05.511+0100] {dagbag.py:545} INFO - Filling up the DagBag from /mnt/c/Users/Victor/Desktop/Final_Semester/data-engineering-final-semester-portfolio/airflow/dags/first_dag.py
[2024-07-15T11:50:05.610+0100] {processor.py:840} INFO - DAG(s) 'dev-astronauts_in_space-v1.0' retrieved from /mnt/c/Users/Victor/Desktop/Final_Semester/data-engineering-final-semester-portfolio/airflow/dags/first_dag.py
[2024-07-15T11:50:05.980+0100] {logging_mixin.py:188} INFO - [2024-07-15T11:50:05.978+0100] {dag.py:3096} INFO - Sync 1 DAGs
[2024-07-15T11:50:06.235+0100] {logging_mixin.py:188} INFO - [2024-07-15T11:50:06.234+0100] {dag.py:3954} INFO - Setting next_dagrun for dev-astronauts_in_space-v1.0 to None, run_after=None
[2024-07-15T11:50:06.645+0100] {processor.py:183} INFO - Processing /mnt/c/Users/Victor/Desktop/Final_Semester/data-engineering-final-semester-portfolio/airflow/dags/first_dag.py took 1.176 seconds
[2024-07-15T11:50:23.479+0100] {processor.py:161} INFO - Started process (PID=54635) to work on /mnt/c/Users/Victor/Desktop/Final_Semester/data-engineering-final-semester-portfolio/airflow/dags/first_dag.py
[2024-07-15T11:50:23.484+0100] {processor.py:830} INFO - Processing file /mnt/c/Users/Victor/Desktop/Final_Semester/data-engineering-final-semester-portfolio/airflow/dags/first_dag.py for tasks to queue
[2024-07-15T11:50:23.510+0100] {logging_mixin.py:188} INFO - [2024-07-15T11:50:23.508+0100] {dagbag.py:545} INFO - Filling up the DagBag from /mnt/c/Users/Victor/Desktop/Final_Semester/data-engineering-final-semester-portfolio/airflow/dags/first_dag.py
[2024-07-15T11:50:23.760+0100] {processor.py:840} INFO - DAG(s) 'dev-astronauts_in_space-v1.0' retrieved from /mnt/c/Users/Victor/Desktop/Final_Semester/data-engineering-final-semester-portfolio/airflow/dags/first_dag.py
[2024-07-15T11:50:24.070+0100] {logging_mixin.py:188} INFO - [2024-07-15T11:50:24.069+0100] {dag.py:3096} INFO - Sync 1 DAGs
[2024-07-15T11:50:24.444+0100] {logging_mixin.py:188} INFO - [2024-07-15T11:50:24.432+0100] {dag.py:3954} INFO - Setting next_dagrun for dev-astronauts_in_space-v1.0 to None, run_after=None
[2024-07-15T11:50:25.063+0100] {processor.py:183} INFO - Processing /mnt/c/Users/Victor/Desktop/Final_Semester/data-engineering-final-semester-portfolio/airflow/dags/first_dag.py took 1.694 seconds
[2024-07-15T11:50:28.174+0100] {processor.py:161} INFO - Started process (PID=54660) to work on /mnt/c/Users/Victor/Desktop/Final_Semester/data-engineering-final-semester-portfolio/airflow/dags/first_dag.py
[2024-07-15T11:50:28.192+0100] {processor.py:830} INFO - Processing file /mnt/c/Users/Victor/Desktop/Final_Semester/data-engineering-final-semester-portfolio/airflow/dags/first_dag.py for tasks to queue
[2024-07-15T11:50:28.242+0100] {logging_mixin.py:188} INFO - [2024-07-15T11:50:28.211+0100] {dagbag.py:545} INFO - Filling up the DagBag from /mnt/c/Users/Victor/Desktop/Final_Semester/data-engineering-final-semester-portfolio/airflow/dags/first_dag.py
[2024-07-15T11:50:28.488+0100] {logging_mixin.py:188} INFO - [2024-07-15T11:50:28.426+0100] {dagbag.py:355} ERROR - Failed to import: /mnt/c/Users/Victor/Desktop/Final_Semester/data-engineering-final-semester-portfolio/airflow/dags/first_dag.py
Traceback (most recent call last):
  File "/home/victor/airflow_env/lib/python3.10/site-packages/airflow/models/dagbag.py", line 351, in parse
    loader.exec_module(new_module)
  File "<frozen importlib._bootstrap_external>", line 879, in exec_module
  File "<frozen importlib._bootstrap_external>", line 1017, in get_code
  File "<frozen importlib._bootstrap_external>", line 947, in source_to_code
  File "<frozen importlib._bootstrap>", line 241, in _call_with_frames_removed
  File "/mnt/c/Users/Victor/Desktop/Final_Semester/data-engineering-final-semester-portfolio/airflow/dags/first_dag.py", line 19
    default_args=DEFAULT_ARGS
                 
SyntaxError: invalid syntax. Perhaps you forgot a comma?
[2024-07-15T11:50:28.495+0100] {processor.py:842} WARNING - No viable dags retrieved from /mnt/c/Users/Victor/Desktop/Final_Semester/data-engineering-final-semester-portfolio/airflow/dags/first_dag.py
[2024-07-15T11:50:29.203+0100] {processor.py:183} INFO - Processing /mnt/c/Users/Victor/Desktop/Final_Semester/data-engineering-final-semester-portfolio/airflow/dags/first_dag.py took 1.118 seconds
[2024-07-15T11:50:31.798+0100] {processor.py:161} INFO - Started process (PID=54674) to work on /mnt/c/Users/Victor/Desktop/Final_Semester/data-engineering-final-semester-portfolio/airflow/dags/first_dag.py
[2024-07-15T11:50:31.849+0100] {processor.py:830} INFO - Processing file /mnt/c/Users/Victor/Desktop/Final_Semester/data-engineering-final-semester-portfolio/airflow/dags/first_dag.py for tasks to queue
[2024-07-15T11:50:31.885+0100] {logging_mixin.py:188} INFO - [2024-07-15T11:50:31.870+0100] {dagbag.py:545} INFO - Filling up the DagBag from /mnt/c/Users/Victor/Desktop/Final_Semester/data-engineering-final-semester-portfolio/airflow/dags/first_dag.py
[2024-07-15T11:50:32.102+0100] {logging_mixin.py:188} INFO - [2024-07-15T11:50:32.083+0100] {dagbag.py:355} ERROR - Failed to import: /mnt/c/Users/Victor/Desktop/Final_Semester/data-engineering-final-semester-portfolio/airflow/dags/first_dag.py
Traceback (most recent call last):
  File "/home/victor/airflow_env/lib/python3.10/site-packages/airflow/models/dagbag.py", line 351, in parse
    loader.exec_module(new_module)
  File "<frozen importlib._bootstrap_external>", line 879, in exec_module
  File "<frozen importlib._bootstrap_external>", line 1017, in get_code
  File "<frozen importlib._bootstrap_external>", line 947, in source_to_code
  File "<frozen importlib._bootstrap>", line 241, in _call_with_frames_removed
  File "/mnt/c/Users/Victor/Desktop/Final_Semester/data-engineering-final-semester-portfolio/airflow/dags/first_dag.py", line 19
    default_args=DEFAULT_ARGS
                 
SyntaxError: invalid syntax. Perhaps you forgot a comma?
[2024-07-15T11:50:32.168+0100] {processor.py:842} WARNING - No viable dags retrieved from /mnt/c/Users/Victor/Desktop/Final_Semester/data-engineering-final-semester-portfolio/airflow/dags/first_dag.py
[2024-07-15T11:50:32.900+0100] {processor.py:183} INFO - Processing /mnt/c/Users/Victor/Desktop/Final_Semester/data-engineering-final-semester-portfolio/airflow/dags/first_dag.py took 1.234 seconds
[2024-07-15T11:50:38.037+0100] {processor.py:161} INFO - Started process (PID=54705) to work on /mnt/c/Users/Victor/Desktop/Final_Semester/data-engineering-final-semester-portfolio/airflow/dags/first_dag.py
[2024-07-15T11:50:38.045+0100] {processor.py:830} INFO - Processing file /mnt/c/Users/Victor/Desktop/Final_Semester/data-engineering-final-semester-portfolio/airflow/dags/first_dag.py for tasks to queue
[2024-07-15T11:50:38.067+0100] {logging_mixin.py:188} INFO - [2024-07-15T11:50:38.064+0100] {dagbag.py:545} INFO - Filling up the DagBag from /mnt/c/Users/Victor/Desktop/Final_Semester/data-engineering-final-semester-portfolio/airflow/dags/first_dag.py
[2024-07-15T11:50:38.574+0100] {logging_mixin.py:188} INFO - [2024-07-15T11:50:38.550+0100] {dagbag.py:355} ERROR - Failed to import: /mnt/c/Users/Victor/Desktop/Final_Semester/data-engineering-final-semester-portfolio/airflow/dags/first_dag.py
Traceback (most recent call last):
  File "/home/victor/airflow_env/lib/python3.10/site-packages/airflow/models/dagbag.py", line 351, in parse
    loader.exec_module(new_module)
  File "<frozen importlib._bootstrap_external>", line 879, in exec_module
  File "<frozen importlib._bootstrap_external>", line 1017, in get_code
  File "<frozen importlib._bootstrap_external>", line 947, in source_to_code
  File "<frozen importlib._bootstrap>", line 241, in _call_with_frames_removed
  File "/mnt/c/Users/Victor/Desktop/Final_Semester/data-engineering-final-semester-portfolio/airflow/dags/first_dag.py", line 19
    default_args=DEFAULT_ARGS
                 ^^^^
SyntaxError: invalid syntax. Perhaps you forgot a comma?
[2024-07-15T11:50:38.602+0100] {processor.py:842} WARNING - No viable dags retrieved from /mnt/c/Users/Victor/Desktop/Final_Semester/data-engineering-final-semester-portfolio/airflow/dags/first_dag.py
[2024-07-15T11:50:39.132+0100] {processor.py:183} INFO - Processing /mnt/c/Users/Victor/Desktop/Final_Semester/data-engineering-final-semester-portfolio/airflow/dags/first_dag.py took 1.213 seconds
[2024-07-15T11:50:41.600+0100] {processor.py:161} INFO - Started process (PID=54726) to work on /mnt/c/Users/Victor/Desktop/Final_Semester/data-engineering-final-semester-portfolio/airflow/dags/first_dag.py
[2024-07-15T11:50:41.609+0100] {processor.py:830} INFO - Processing file /mnt/c/Users/Victor/Desktop/Final_Semester/data-engineering-final-semester-portfolio/airflow/dags/first_dag.py for tasks to queue
[2024-07-15T11:50:41.631+0100] {logging_mixin.py:188} INFO - [2024-07-15T11:50:41.630+0100] {dagbag.py:545} INFO - Filling up the DagBag from /mnt/c/Users/Victor/Desktop/Final_Semester/data-engineering-final-semester-portfolio/airflow/dags/first_dag.py
[2024-07-15T11:50:41.757+0100] {logging_mixin.py:188} INFO - [2024-07-15T11:50:41.753+0100] {dagbag.py:355} ERROR - Failed to import: /mnt/c/Users/Victor/Desktop/Final_Semester/data-engineering-final-semester-portfolio/airflow/dags/first_dag.py
Traceback (most recent call last):
  File "/home/victor/airflow_env/lib/python3.10/site-packages/airflow/models/dagbag.py", line 351, in parse
    loader.exec_module(new_module)
  File "<frozen importlib._bootstrap_external>", line 879, in exec_module
  File "<frozen importlib._bootstrap_external>", line 1017, in get_code
  File "<frozen importlib._bootstrap_external>", line 947, in source_to_code
  File "<frozen importlib._bootstrap>", line 241, in _call_with_frames_removed
  File "/mnt/c/Users/Victor/Desktop/Final_Semester/data-engineering-final-semester-portfolio/airflow/dags/first_dag.py", line 19
    default_args=DEFAULT_ARGS
                 ^^^^
SyntaxError: invalid syntax. Perhaps you forgot a comma?
[2024-07-15T11:50:41.780+0100] {processor.py:842} WARNING - No viable dags retrieved from /mnt/c/Users/Victor/Desktop/Final_Semester/data-engineering-final-semester-portfolio/airflow/dags/first_dag.py
[2024-07-15T11:50:42.317+0100] {processor.py:183} INFO - Processing /mnt/c/Users/Victor/Desktop/Final_Semester/data-engineering-final-semester-portfolio/airflow/dags/first_dag.py took 0.795 seconds
[2024-07-15T11:51:02.970+0100] {processor.py:161} INFO - Started process (PID=54829) to work on /mnt/c/Users/Victor/Desktop/Final_Semester/data-engineering-final-semester-portfolio/airflow/dags/first_dag.py
[2024-07-15T11:51:02.983+0100] {processor.py:830} INFO - Processing file /mnt/c/Users/Victor/Desktop/Final_Semester/data-engineering-final-semester-portfolio/airflow/dags/first_dag.py for tasks to queue
[2024-07-15T11:51:02.996+0100] {logging_mixin.py:188} INFO - [2024-07-15T11:51:02.992+0100] {dagbag.py:545} INFO - Filling up the DagBag from /mnt/c/Users/Victor/Desktop/Final_Semester/data-engineering-final-semester-portfolio/airflow/dags/first_dag.py
[2024-07-15T11:51:03.100+0100] {logging_mixin.py:188} INFO - [2024-07-15T11:51:03.096+0100] {dagbag.py:355} ERROR - Failed to import: /mnt/c/Users/Victor/Desktop/Final_Semester/data-engineering-final-semester-portfolio/airflow/dags/first_dag.py
Traceback (most recent call last):
  File "/home/victor/airflow_env/lib/python3.10/site-packages/airflow/models/dagbag.py", line 351, in parse
    loader.exec_module(new_module)
  File "<frozen importlib._bootstrap_external>", line 879, in exec_module
  File "<frozen importlib._bootstrap_external>", line 1017, in get_code
  File "<frozen importlib._bootstrap_external>", line 947, in source_to_code
  File "<frozen importlib._bootstrap>", line 241, in _call_with_frames_removed
  File "/mnt/c/Users/Victor/Desktop/Final_Semester/data-engineering-final-semester-portfolio/airflow/dags/first_dag.py", line 19
    default_args=DEFAULT_ARGS
                 ^^^^
SyntaxError: invalid syntax. Perhaps you forgot a comma?
[2024-07-15T11:51:03.102+0100] {processor.py:842} WARNING - No viable dags retrieved from /mnt/c/Users/Victor/Desktop/Final_Semester/data-engineering-final-semester-portfolio/airflow/dags/first_dag.py
[2024-07-15T11:51:03.368+0100] {processor.py:183} INFO - Processing /mnt/c/Users/Victor/Desktop/Final_Semester/data-engineering-final-semester-portfolio/airflow/dags/first_dag.py took 0.466 seconds
[2024-07-15T11:51:05.982+0100] {processor.py:161} INFO - Started process (PID=54846) to work on /mnt/c/Users/Victor/Desktop/Final_Semester/data-engineering-final-semester-portfolio/airflow/dags/first_dag.py
[2024-07-15T11:51:06.000+0100] {processor.py:830} INFO - Processing file /mnt/c/Users/Victor/Desktop/Final_Semester/data-engineering-final-semester-portfolio/airflow/dags/first_dag.py for tasks to queue
[2024-07-15T11:51:06.014+0100] {logging_mixin.py:188} INFO - [2024-07-15T11:51:06.012+0100] {dagbag.py:545} INFO - Filling up the DagBag from /mnt/c/Users/Victor/Desktop/Final_Semester/data-engineering-final-semester-portfolio/airflow/dags/first_dag.py
[2024-07-15T11:51:06.133+0100] {logging_mixin.py:188} INFO - [2024-07-15T11:51:06.131+0100] {dagbag.py:355} ERROR - Failed to import: /mnt/c/Users/Victor/Desktop/Final_Semester/data-engineering-final-semester-portfolio/airflow/dags/first_dag.py
Traceback (most recent call last):
  File "/home/victor/airflow_env/lib/python3.10/site-packages/airflow/models/dagbag.py", line 351, in parse
    loader.exec_module(new_module)
  File "<frozen importlib._bootstrap_external>", line 879, in exec_module
  File "<frozen importlib._bootstrap_external>", line 1017, in get_code
  File "<frozen importlib._bootstrap_external>", line 947, in source_to_code
  File "<frozen importlib._bootstrap>", line 241, in _call_with_frames_removed
  File "/mnt/c/Users/Victor/Desktop/Final_Semester/data-engineering-final-semester-portfolio/airflow/dags/first_dag.py", line 19
    default_args=DEFAULT_ARGS
                 ^^^^
SyntaxError: invalid syntax. Perhaps you forgot a comma?
[2024-07-15T11:51:06.136+0100] {processor.py:842} WARNING - No viable dags retrieved from /mnt/c/Users/Victor/Desktop/Final_Semester/data-engineering-final-semester-portfolio/airflow/dags/first_dag.py
[2024-07-15T11:51:06.467+0100] {processor.py:183} INFO - Processing /mnt/c/Users/Victor/Desktop/Final_Semester/data-engineering-final-semester-portfolio/airflow/dags/first_dag.py took 0.583 seconds
[2024-07-15T11:51:37.582+0100] {processor.py:161} INFO - Started process (PID=55017) to work on /mnt/c/Users/Victor/Desktop/Final_Semester/data-engineering-final-semester-portfolio/airflow/dags/first_dag.py
[2024-07-15T11:51:37.586+0100] {processor.py:830} INFO - Processing file /mnt/c/Users/Victor/Desktop/Final_Semester/data-engineering-final-semester-portfolio/airflow/dags/first_dag.py for tasks to queue
[2024-07-15T11:51:37.595+0100] {logging_mixin.py:188} INFO - [2024-07-15T11:51:37.593+0100] {dagbag.py:545} INFO - Filling up the DagBag from /mnt/c/Users/Victor/Desktop/Final_Semester/data-engineering-final-semester-portfolio/airflow/dags/first_dag.py
[2024-07-15T11:51:37.674+0100] {logging_mixin.py:188} INFO - [2024-07-15T11:51:37.671+0100] {dagbag.py:355} ERROR - Failed to import: /mnt/c/Users/Victor/Desktop/Final_Semester/data-engineering-final-semester-portfolio/airflow/dags/first_dag.py
Traceback (most recent call last):
  File "/home/victor/airflow_env/lib/python3.10/site-packages/airflow/models/dagbag.py", line 351, in parse
    loader.exec_module(new_module)
  File "<frozen importlib._bootstrap_external>", line 879, in exec_module
  File "<frozen importlib._bootstrap_external>", line 1017, in get_code
  File "<frozen importlib._bootstrap_external>", line 947, in source_to_code
  File "<frozen importlib._bootstrap>", line 241, in _call_with_frames_removed
  File "/mnt/c/Users/Victor/Desktop/Final_Semester/data-engineering-final-semester-portfolio/airflow/dags/first_dag.py", line 19
    default_args=DEFAULT_ARGS
                 ^^^^
SyntaxError: invalid syntax. Perhaps you forgot a comma?
[2024-07-15T11:51:37.676+0100] {processor.py:842} WARNING - No viable dags retrieved from /mnt/c/Users/Victor/Desktop/Final_Semester/data-engineering-final-semester-portfolio/airflow/dags/first_dag.py
[2024-07-15T11:51:37.871+0100] {processor.py:183} INFO - Processing /mnt/c/Users/Victor/Desktop/Final_Semester/data-engineering-final-semester-portfolio/airflow/dags/first_dag.py took 0.324 seconds
[2024-07-15T11:51:52.485+0100] {processor.py:161} INFO - Started process (PID=55096) to work on /mnt/c/Users/Victor/Desktop/Final_Semester/data-engineering-final-semester-portfolio/airflow/dags/first_dag.py
[2024-07-15T11:51:52.493+0100] {processor.py:830} INFO - Processing file /mnt/c/Users/Victor/Desktop/Final_Semester/data-engineering-final-semester-portfolio/airflow/dags/first_dag.py for tasks to queue
[2024-07-15T11:51:52.501+0100] {logging_mixin.py:188} INFO - [2024-07-15T11:51:52.499+0100] {dagbag.py:545} INFO - Filling up the DagBag from /mnt/c/Users/Victor/Desktop/Final_Semester/data-engineering-final-semester-portfolio/airflow/dags/first_dag.py
[2024-07-15T11:51:52.643+0100] {logging_mixin.py:188} INFO - [2024-07-15T11:51:52.638+0100] {dagbag.py:355} ERROR - Failed to import: /mnt/c/Users/Victor/Desktop/Final_Semester/data-engineering-final-semester-portfolio/airflow/dags/first_dag.py
Traceback (most recent call last):
  File "/home/victor/airflow_env/lib/python3.10/site-packages/airflow/models/dagbag.py", line 351, in parse
    loader.exec_module(new_module)
  File "<frozen importlib._bootstrap_external>", line 879, in exec_module
  File "<frozen importlib._bootstrap_external>", line 1017, in get_code
  File "<frozen importlib._bootstrap_external>", line 947, in source_to_code
  File "<frozen importlib._bootstrap>", line 241, in _call_with_frames_removed
  File "/mnt/c/Users/Victor/Desktop/Final_Semester/data-engineering-final-semester-portfolio/airflow/dags/first_dag.py", line 19
    default_args=DEFAULT_ARGS
                 ^^^^
SyntaxError: invalid syntax. Perhaps you forgot a comma?
[2024-07-15T11:51:52.645+0100] {processor.py:842} WARNING - No viable dags retrieved from /mnt/c/Users/Victor/Desktop/Final_Semester/data-engineering-final-semester-portfolio/airflow/dags/first_dag.py
[2024-07-15T11:51:52.951+0100] {processor.py:183} INFO - Processing /mnt/c/Users/Victor/Desktop/Final_Semester/data-engineering-final-semester-portfolio/airflow/dags/first_dag.py took 0.501 seconds
[2024-07-15T11:52:20.028+0100] {processor.py:161} INFO - Started process (PID=55244) to work on /mnt/c/Users/Victor/Desktop/Final_Semester/data-engineering-final-semester-portfolio/airflow/dags/first_dag.py
[2024-07-15T11:52:20.056+0100] {processor.py:830} INFO - Processing file /mnt/c/Users/Victor/Desktop/Final_Semester/data-engineering-final-semester-portfolio/airflow/dags/first_dag.py for tasks to queue
[2024-07-15T11:52:20.072+0100] {logging_mixin.py:188} INFO - [2024-07-15T11:52:20.071+0100] {dagbag.py:545} INFO - Filling up the DagBag from /mnt/c/Users/Victor/Desktop/Final_Semester/data-engineering-final-semester-portfolio/airflow/dags/first_dag.py
[2024-07-15T11:52:20.176+0100] {logging_mixin.py:188} INFO - [2024-07-15T11:52:20.173+0100] {dagbag.py:355} ERROR - Failed to import: /mnt/c/Users/Victor/Desktop/Final_Semester/data-engineering-final-semester-portfolio/airflow/dags/first_dag.py
Traceback (most recent call last):
  File "/home/victor/airflow_env/lib/python3.10/site-packages/airflow/models/dagbag.py", line 351, in parse
    loader.exec_module(new_module)
  File "<frozen importlib._bootstrap_external>", line 879, in exec_module
  File "<frozen importlib._bootstrap_external>", line 1017, in get_code
  File "<frozen importlib._bootstrap_external>", line 947, in source_to_code
  File "<frozen importlib._bootstrap>", line 241, in _call_with_frames_removed
  File "/mnt/c/Users/Victor/Desktop/Final_Semester/data-engineering-final-semester-portfolio/airflow/dags/first_dag.py", line 19
    default_args=DEFAULT_ARGS
                 ^^^^
SyntaxError: invalid syntax. Perhaps you forgot a comma?
[2024-07-15T11:52:20.190+0100] {processor.py:842} WARNING - No viable dags retrieved from /mnt/c/Users/Victor/Desktop/Final_Semester/data-engineering-final-semester-portfolio/airflow/dags/first_dag.py
[2024-07-15T11:52:20.721+0100] {processor.py:183} INFO - Processing /mnt/c/Users/Victor/Desktop/Final_Semester/data-engineering-final-semester-portfolio/airflow/dags/first_dag.py took 0.792 seconds
[2024-07-15T11:52:22.949+0100] {processor.py:161} INFO - Started process (PID=55269) to work on /mnt/c/Users/Victor/Desktop/Final_Semester/data-engineering-final-semester-portfolio/airflow/dags/first_dag.py
[2024-07-15T11:52:22.954+0100] {processor.py:830} INFO - Processing file /mnt/c/Users/Victor/Desktop/Final_Semester/data-engineering-final-semester-portfolio/airflow/dags/first_dag.py for tasks to queue
[2024-07-15T11:52:22.969+0100] {logging_mixin.py:188} INFO - [2024-07-15T11:52:22.967+0100] {dagbag.py:545} INFO - Filling up the DagBag from /mnt/c/Users/Victor/Desktop/Final_Semester/data-engineering-final-semester-portfolio/airflow/dags/first_dag.py
[2024-07-15T11:52:23.109+0100] {logging_mixin.py:188} INFO - [2024-07-15T11:52:23.105+0100] {dagbag.py:355} ERROR - Failed to import: /mnt/c/Users/Victor/Desktop/Final_Semester/data-engineering-final-semester-portfolio/airflow/dags/first_dag.py
Traceback (most recent call last):
  File "/home/victor/airflow_env/lib/python3.10/site-packages/airflow/models/dagbag.py", line 351, in parse
    loader.exec_module(new_module)
  File "<frozen importlib._bootstrap_external>", line 879, in exec_module
  File "<frozen importlib._bootstrap_external>", line 1017, in get_code
  File "<frozen importlib._bootstrap_external>", line 947, in source_to_code
  File "<frozen importlib._bootstrap>", line 241, in _call_with_frames_removed
  File "/mnt/c/Users/Victor/Desktop/Final_Semester/data-engineering-final-semester-portfolio/airflow/dags/first_dag.py", line 19
    default_args=DEFAULT_ARGS
                 ^^^^
SyntaxError: invalid syntax. Perhaps you forgot a comma?
[2024-07-15T11:52:23.113+0100] {processor.py:842} WARNING - No viable dags retrieved from /mnt/c/Users/Victor/Desktop/Final_Semester/data-engineering-final-semester-portfolio/airflow/dags/first_dag.py
[2024-07-15T11:52:23.562+0100] {processor.py:183} INFO - Processing /mnt/c/Users/Victor/Desktop/Final_Semester/data-engineering-final-semester-portfolio/airflow/dags/first_dag.py took 0.647 seconds
[2024-07-15T11:52:55.129+0100] {processor.py:161} INFO - Started process (PID=55500) to work on /mnt/c/Users/Victor/Desktop/Final_Semester/data-engineering-final-semester-portfolio/airflow/dags/first_dag.py
[2024-07-15T11:52:55.140+0100] {processor.py:830} INFO - Processing file /mnt/c/Users/Victor/Desktop/Final_Semester/data-engineering-final-semester-portfolio/airflow/dags/first_dag.py for tasks to queue
[2024-07-15T11:52:55.162+0100] {logging_mixin.py:188} INFO - [2024-07-15T11:52:55.154+0100] {dagbag.py:545} INFO - Filling up the DagBag from /mnt/c/Users/Victor/Desktop/Final_Semester/data-engineering-final-semester-portfolio/airflow/dags/first_dag.py
[2024-07-15T11:52:55.333+0100] {logging_mixin.py:188} INFO - [2024-07-15T11:52:55.328+0100] {dagbag.py:355} ERROR - Failed to import: /mnt/c/Users/Victor/Desktop/Final_Semester/data-engineering-final-semester-portfolio/airflow/dags/first_dag.py
Traceback (most recent call last):
  File "/home/victor/airflow_env/lib/python3.10/site-packages/airflow/models/dagbag.py", line 351, in parse
    loader.exec_module(new_module)
  File "<frozen importlib._bootstrap_external>", line 879, in exec_module
  File "<frozen importlib._bootstrap_external>", line 1017, in get_code
  File "<frozen importlib._bootstrap_external>", line 947, in source_to_code
  File "<frozen importlib._bootstrap>", line 241, in _call_with_frames_removed
  File "/mnt/c/Users/Victor/Desktop/Final_Semester/data-engineering-final-semester-portfolio/airflow/dags/first_dag.py", line 19
    default_args=DEFAULT_ARGS
                 ^^^^
SyntaxError: invalid syntax. Perhaps you forgot a comma?
[2024-07-15T11:52:55.369+0100] {processor.py:842} WARNING - No viable dags retrieved from /mnt/c/Users/Victor/Desktop/Final_Semester/data-engineering-final-semester-portfolio/airflow/dags/first_dag.py
[2024-07-15T11:52:55.890+0100] {processor.py:183} INFO - Processing /mnt/c/Users/Victor/Desktop/Final_Semester/data-engineering-final-semester-portfolio/airflow/dags/first_dag.py took 0.838 seconds
[2024-07-15T11:53:20.052+0100] {processor.py:161} INFO - Started process (PID=55632) to work on /mnt/c/Users/Victor/Desktop/Final_Semester/data-engineering-final-semester-portfolio/airflow/dags/first_dag.py
[2024-07-15T11:53:20.060+0100] {processor.py:830} INFO - Processing file /mnt/c/Users/Victor/Desktop/Final_Semester/data-engineering-final-semester-portfolio/airflow/dags/first_dag.py for tasks to queue
[2024-07-15T11:53:20.067+0100] {logging_mixin.py:188} INFO - [2024-07-15T11:53:20.066+0100] {dagbag.py:545} INFO - Filling up the DagBag from /mnt/c/Users/Victor/Desktop/Final_Semester/data-engineering-final-semester-portfolio/airflow/dags/first_dag.py
[2024-07-15T11:53:20.195+0100] {logging_mixin.py:188} INFO - [2024-07-15T11:53:20.190+0100] {dagbag.py:355} ERROR - Failed to import: /mnt/c/Users/Victor/Desktop/Final_Semester/data-engineering-final-semester-portfolio/airflow/dags/first_dag.py
Traceback (most recent call last):
  File "/home/victor/airflow_env/lib/python3.10/site-packages/airflow/models/dagbag.py", line 351, in parse
    loader.exec_module(new_module)
  File "<frozen importlib._bootstrap_external>", line 879, in exec_module
  File "<frozen importlib._bootstrap_external>", line 1017, in get_code
  File "<frozen importlib._bootstrap_external>", line 947, in source_to_code
  File "<frozen importlib._bootstrap>", line 241, in _call_with_frames_removed
  File "/mnt/c/Users/Victor/Desktop/Final_Semester/data-engineering-final-semester-portfolio/airflow/dags/first_dag.py", line 20
    schedule_interval="@daily"
                      
SyntaxError: invalid syntax. Perhaps you forgot a comma?
[2024-07-15T11:53:20.214+0100] {processor.py:842} WARNING - No viable dags retrieved from /mnt/c/Users/Victor/Desktop/Final_Semester/data-engineering-final-semester-portfolio/airflow/dags/first_dag.py
[2024-07-15T11:53:20.921+0100] {processor.py:183} INFO - Processing /mnt/c/Users/Victor/Desktop/Final_Semester/data-engineering-final-semester-portfolio/airflow/dags/first_dag.py took 0.957 seconds
[2024-07-15T11:53:30.285+0100] {processor.py:161} INFO - Started process (PID=55683) to work on /mnt/c/Users/Victor/Desktop/Final_Semester/data-engineering-final-semester-portfolio/airflow/dags/first_dag.py
[2024-07-15T11:53:30.299+0100] {processor.py:830} INFO - Processing file /mnt/c/Users/Victor/Desktop/Final_Semester/data-engineering-final-semester-portfolio/airflow/dags/first_dag.py for tasks to queue
[2024-07-15T11:53:30.307+0100] {logging_mixin.py:188} INFO - [2024-07-15T11:53:30.305+0100] {dagbag.py:545} INFO - Filling up the DagBag from /mnt/c/Users/Victor/Desktop/Final_Semester/data-engineering-final-semester-portfolio/airflow/dags/first_dag.py
[2024-07-15T11:53:30.533+0100] {logging_mixin.py:188} INFO - [2024-07-15T11:53:30.507+0100] {dagbag.py:355} ERROR - Failed to import: /mnt/c/Users/Victor/Desktop/Final_Semester/data-engineering-final-semester-portfolio/airflow/dags/first_dag.py
Traceback (most recent call last):
  File "/home/victor/airflow_env/lib/python3.10/site-packages/airflow/models/dagbag.py", line 351, in parse
    loader.exec_module(new_module)
  File "<frozen importlib._bootstrap_external>", line 879, in exec_module
  File "<frozen importlib._bootstrap_external>", line 1017, in get_code
  File "<frozen importlib._bootstrap_external>", line 947, in source_to_code
  File "<frozen importlib._bootstrap>", line 241, in _call_with_frames_removed
  File "/mnt/c/Users/Victor/Desktop/Final_Semester/data-engineering-final-semester-portfolio/airflow/dags/first_dag.py", line 22
    ) as dag:
    ^
SyntaxError: invalid syntax
[2024-07-15T11:53:30.543+0100] {processor.py:842} WARNING - No viable dags retrieved from /mnt/c/Users/Victor/Desktop/Final_Semester/data-engineering-final-semester-portfolio/airflow/dags/first_dag.py
[2024-07-15T11:53:31.324+0100] {processor.py:183} INFO - Processing /mnt/c/Users/Victor/Desktop/Final_Semester/data-engineering-final-semester-portfolio/airflow/dags/first_dag.py took 1.155 seconds
[2024-07-15T11:53:40.786+0100] {processor.py:161} INFO - Started process (PID=55733) to work on /mnt/c/Users/Victor/Desktop/Final_Semester/data-engineering-final-semester-portfolio/airflow/dags/first_dag.py
[2024-07-15T11:53:40.803+0100] {processor.py:830} INFO - Processing file /mnt/c/Users/Victor/Desktop/Final_Semester/data-engineering-final-semester-portfolio/airflow/dags/first_dag.py for tasks to queue
[2024-07-15T11:53:40.811+0100] {logging_mixin.py:188} INFO - [2024-07-15T11:53:40.809+0100] {dagbag.py:545} INFO - Filling up the DagBag from /mnt/c/Users/Victor/Desktop/Final_Semester/data-engineering-final-semester-portfolio/airflow/dags/first_dag.py
[2024-07-15T11:53:41.063+0100] {logging_mixin.py:188} INFO - [2024-07-15T11:53:41.040+0100] {dagbag.py:355} ERROR - Failed to import: /mnt/c/Users/Victor/Desktop/Final_Semester/data-engineering-final-semester-portfolio/airflow/dags/first_dag.py
Traceback (most recent call last):
  File "/home/victor/airflow_env/lib/python3.10/site-packages/airflow/models/dagbag.py", line 351, in parse
    loader.exec_module(new_module)
  File "<frozen importlib._bootstrap_external>", line 883, in exec_module
  File "<frozen importlib._bootstrap>", line 241, in _call_with_frames_removed
  File "/mnt/c/Users/Victor/Desktop/Final_Semester/data-engineering-final-semester-portfolio/airflow/dags/first_dag.py", line 16, in <module>
    with DAG(
  File "/home/victor/airflow_env/lib/python3.10/site-packages/airflow/models/dag.py", line 580, in __init__
    raise ValueError("DAG is missing the start_date parameter")
ValueError: DAG is missing the start_date parameter
[2024-07-15T11:53:41.073+0100] {processor.py:842} WARNING - No viable dags retrieved from /mnt/c/Users/Victor/Desktop/Final_Semester/data-engineering-final-semester-portfolio/airflow/dags/first_dag.py
[2024-07-15T11:53:41.972+0100] {processor.py:183} INFO - Processing /mnt/c/Users/Victor/Desktop/Final_Semester/data-engineering-final-semester-portfolio/airflow/dags/first_dag.py took 1.275 seconds
[2024-07-15T11:53:47.519+0100] {processor.py:161} INFO - Started process (PID=55766) to work on /mnt/c/Users/Victor/Desktop/Final_Semester/data-engineering-final-semester-portfolio/airflow/dags/first_dag.py
[2024-07-15T11:53:47.539+0100] {processor.py:830} INFO - Processing file /mnt/c/Users/Victor/Desktop/Final_Semester/data-engineering-final-semester-portfolio/airflow/dags/first_dag.py for tasks to queue
[2024-07-15T11:53:47.547+0100] {logging_mixin.py:188} INFO - [2024-07-15T11:53:47.546+0100] {dagbag.py:545} INFO - Filling up the DagBag from /mnt/c/Users/Victor/Desktop/Final_Semester/data-engineering-final-semester-portfolio/airflow/dags/first_dag.py
[2024-07-15T11:53:47.784+0100] {logging_mixin.py:188} INFO - [2024-07-15T11:53:47.781+0100] {dagbag.py:355} ERROR - Failed to import: /mnt/c/Users/Victor/Desktop/Final_Semester/data-engineering-final-semester-portfolio/airflow/dags/first_dag.py
Traceback (most recent call last):
  File "/home/victor/airflow_env/lib/python3.10/site-packages/airflow/models/dagbag.py", line 351, in parse
    loader.exec_module(new_module)
  File "<frozen importlib._bootstrap_external>", line 879, in exec_module
  File "<frozen importlib._bootstrap_external>", line 1017, in get_code
  File "<frozen importlib._bootstrap_external>", line 947, in source_to_code
  File "<frozen importlib._bootstrap>", line 241, in _call_with_frames_removed
  File "/mnt/c/Users/Victor/Desktop/Final_Semester/data-engineering-final-semester-portfolio/airflow/dags/first_dag.py", line 23
    ) as dag:
    ^
SyntaxError: positional argument follows keyword argument
[2024-07-15T11:53:47.786+0100] {processor.py:842} WARNING - No viable dags retrieved from /mnt/c/Users/Victor/Desktop/Final_Semester/data-engineering-final-semester-portfolio/airflow/dags/first_dag.py
[2024-07-15T11:53:48.137+0100] {processor.py:183} INFO - Processing /mnt/c/Users/Victor/Desktop/Final_Semester/data-engineering-final-semester-portfolio/airflow/dags/first_dag.py took 0.747 seconds
[2024-07-15T11:53:57.723+0100] {processor.py:161} INFO - Started process (PID=55811) to work on /mnt/c/Users/Victor/Desktop/Final_Semester/data-engineering-final-semester-portfolio/airflow/dags/first_dag.py
[2024-07-15T11:53:57.740+0100] {processor.py:830} INFO - Processing file /mnt/c/Users/Victor/Desktop/Final_Semester/data-engineering-final-semester-portfolio/airflow/dags/first_dag.py for tasks to queue
[2024-07-15T11:53:57.752+0100] {logging_mixin.py:188} INFO - [2024-07-15T11:53:57.750+0100] {dagbag.py:545} INFO - Filling up the DagBag from /mnt/c/Users/Victor/Desktop/Final_Semester/data-engineering-final-semester-portfolio/airflow/dags/first_dag.py
[2024-07-15T11:53:58.104+0100] {logging_mixin.py:188} INFO - [2024-07-15T11:53:58.100+0100] {dagbag.py:355} ERROR - Failed to import: /mnt/c/Users/Victor/Desktop/Final_Semester/data-engineering-final-semester-portfolio/airflow/dags/first_dag.py
Traceback (most recent call last):
  File "/home/victor/airflow_env/lib/python3.10/site-packages/airflow/models/dagbag.py", line 351, in parse
    loader.exec_module(new_module)
  File "<frozen importlib._bootstrap_external>", line 879, in exec_module
  File "<frozen importlib._bootstrap_external>", line 1017, in get_code
  File "<frozen importlib._bootstrap_external>", line 947, in source_to_code
  File "<frozen importlib._bootstrap>", line 241, in _call_with_frames_removed
  File "/mnt/c/Users/Victor/Desktop/Final_Semester/data-engineering-final-semester-portfolio/airflow/dags/first_dag.py", line 24
    ) as dag:
    ^
SyntaxError: positional argument follows keyword argument
[2024-07-15T11:53:58.108+0100] {processor.py:842} WARNING - No viable dags retrieved from /mnt/c/Users/Victor/Desktop/Final_Semester/data-engineering-final-semester-portfolio/airflow/dags/first_dag.py
[2024-07-15T11:53:58.751+0100] {processor.py:183} INFO - Processing /mnt/c/Users/Victor/Desktop/Final_Semester/data-engineering-final-semester-portfolio/airflow/dags/first_dag.py took 1.183 seconds
[2024-07-15T11:54:21.238+0100] {processor.py:161} INFO - Started process (PID=55920) to work on /mnt/c/Users/Victor/Desktop/Final_Semester/data-engineering-final-semester-portfolio/airflow/dags/first_dag.py
[2024-07-15T11:54:21.251+0100] {processor.py:830} INFO - Processing file /mnt/c/Users/Victor/Desktop/Final_Semester/data-engineering-final-semester-portfolio/airflow/dags/first_dag.py for tasks to queue
[2024-07-15T11:54:21.260+0100] {logging_mixin.py:188} INFO - [2024-07-15T11:54:21.255+0100] {dagbag.py:545} INFO - Filling up the DagBag from /mnt/c/Users/Victor/Desktop/Final_Semester/data-engineering-final-semester-portfolio/airflow/dags/first_dag.py
[2024-07-15T11:54:21.420+0100] {logging_mixin.py:188} INFO - [2024-07-15T11:54:21.399+0100] {dagbag.py:355} ERROR - Failed to import: /mnt/c/Users/Victor/Desktop/Final_Semester/data-engineering-final-semester-portfolio/airflow/dags/first_dag.py
Traceback (most recent call last):
  File "/home/victor/airflow_env/lib/python3.10/site-packages/airflow/models/dagbag.py", line 351, in parse
    loader.exec_module(new_module)
  File "<frozen importlib._bootstrap_external>", line 883, in exec_module
  File "<frozen importlib._bootstrap>", line 241, in _call_with_frames_removed
  File "/mnt/c/Users/Victor/Desktop/Final_Semester/data-engineering-final-semester-portfolio/airflow/dags/first_dag.py", line 16, in <module>
    with DAG(
  File "/home/victor/airflow_env/lib/python3.10/site-packages/airflow/models/dag.py", line 580, in __init__
    raise ValueError("DAG is missing the start_date parameter")
ValueError: DAG is missing the start_date parameter
[2024-07-15T11:54:21.425+0100] {processor.py:842} WARNING - No viable dags retrieved from /mnt/c/Users/Victor/Desktop/Final_Semester/data-engineering-final-semester-portfolio/airflow/dags/first_dag.py
[2024-07-15T11:54:21.722+0100] {processor.py:183} INFO - Processing /mnt/c/Users/Victor/Desktop/Final_Semester/data-engineering-final-semester-portfolio/airflow/dags/first_dag.py took 0.532 seconds
[2024-07-15T11:54:26.995+0100] {processor.py:161} INFO - Started process (PID=55944) to work on /mnt/c/Users/Victor/Desktop/Final_Semester/data-engineering-final-semester-portfolio/airflow/dags/first_dag.py
[2024-07-15T11:54:27.026+0100] {processor.py:830} INFO - Processing file /mnt/c/Users/Victor/Desktop/Final_Semester/data-engineering-final-semester-portfolio/airflow/dags/first_dag.py for tasks to queue
[2024-07-15T11:54:27.043+0100] {logging_mixin.py:188} INFO - [2024-07-15T11:54:27.035+0100] {dagbag.py:545} INFO - Filling up the DagBag from /mnt/c/Users/Victor/Desktop/Final_Semester/data-engineering-final-semester-portfolio/airflow/dags/first_dag.py
[2024-07-15T11:54:27.529+0100] {logging_mixin.py:188} INFO - [2024-07-15T11:54:27.500+0100] {dagbag.py:355} ERROR - Failed to import: /mnt/c/Users/Victor/Desktop/Final_Semester/data-engineering-final-semester-portfolio/airflow/dags/first_dag.py
Traceback (most recent call last):
  File "/home/victor/airflow_env/lib/python3.10/site-packages/airflow/models/dagbag.py", line 351, in parse
    loader.exec_module(new_module)
  File "<frozen importlib._bootstrap_external>", line 883, in exec_module
  File "<frozen importlib._bootstrap>", line 241, in _call_with_frames_removed
  File "/mnt/c/Users/Victor/Desktop/Final_Semester/data-engineering-final-semester-portfolio/airflow/dags/first_dag.py", line 16, in <module>
    with DAG(
  File "/home/victor/airflow_env/lib/python3.10/site-packages/airflow/models/dag.py", line 580, in __init__
    raise ValueError("DAG is missing the start_date parameter")
ValueError: DAG is missing the start_date parameter
[2024-07-15T11:54:27.539+0100] {processor.py:842} WARNING - No viable dags retrieved from /mnt/c/Users/Victor/Desktop/Final_Semester/data-engineering-final-semester-portfolio/airflow/dags/first_dag.py
[2024-07-15T11:54:27.873+0100] {processor.py:183} INFO - Processing /mnt/c/Users/Victor/Desktop/Final_Semester/data-engineering-final-semester-portfolio/airflow/dags/first_dag.py took 1.026 seconds
[2024-07-15T11:54:32.279+0100] {processor.py:161} INFO - Started process (PID=55966) to work on /mnt/c/Users/Victor/Desktop/Final_Semester/data-engineering-final-semester-portfolio/airflow/dags/first_dag.py
[2024-07-15T11:54:32.300+0100] {processor.py:830} INFO - Processing file /mnt/c/Users/Victor/Desktop/Final_Semester/data-engineering-final-semester-portfolio/airflow/dags/first_dag.py for tasks to queue
[2024-07-15T11:54:32.305+0100] {logging_mixin.py:188} INFO - [2024-07-15T11:54:32.303+0100] {dagbag.py:545} INFO - Filling up the DagBag from /mnt/c/Users/Victor/Desktop/Final_Semester/data-engineering-final-semester-portfolio/airflow/dags/first_dag.py
[2024-07-15T11:54:32.643+0100] {logging_mixin.py:188} INFO - [2024-07-15T11:54:32.606+0100] {dagbag.py:355} ERROR - Failed to import: /mnt/c/Users/Victor/Desktop/Final_Semester/data-engineering-final-semester-portfolio/airflow/dags/first_dag.py
Traceback (most recent call last):
  File "/home/victor/airflow_env/lib/python3.10/site-packages/airflow/models/dagbag.py", line 351, in parse
    loader.exec_module(new_module)
  File "<frozen importlib._bootstrap_external>", line 883, in exec_module
  File "<frozen importlib._bootstrap>", line 241, in _call_with_frames_removed
  File "/mnt/c/Users/Victor/Desktop/Final_Semester/data-engineering-final-semester-portfolio/airflow/dags/first_dag.py", line 16, in <module>
    with DAG(
  File "/home/victor/airflow_env/lib/python3.10/site-packages/airflow/models/dag.py", line 580, in __init__
    raise ValueError("DAG is missing the start_date parameter")
ValueError: DAG is missing the start_date parameter
[2024-07-15T11:54:32.729+0100] {processor.py:842} WARNING - No viable dags retrieved from /mnt/c/Users/Victor/Desktop/Final_Semester/data-engineering-final-semester-portfolio/airflow/dags/first_dag.py
[2024-07-15T11:54:33.294+0100] {processor.py:183} INFO - Processing /mnt/c/Users/Victor/Desktop/Final_Semester/data-engineering-final-semester-portfolio/airflow/dags/first_dag.py took 1.137 seconds
[2024-07-15T11:55:04.116+0100] {processor.py:161} INFO - Started process (PID=56176) to work on /mnt/c/Users/Victor/Desktop/Final_Semester/data-engineering-final-semester-portfolio/airflow/dags/first_dag.py
[2024-07-15T11:55:04.128+0100] {processor.py:830} INFO - Processing file /mnt/c/Users/Victor/Desktop/Final_Semester/data-engineering-final-semester-portfolio/airflow/dags/first_dag.py for tasks to queue
[2024-07-15T11:55:04.134+0100] {logging_mixin.py:188} INFO - [2024-07-15T11:55:04.132+0100] {dagbag.py:545} INFO - Filling up the DagBag from /mnt/c/Users/Victor/Desktop/Final_Semester/data-engineering-final-semester-portfolio/airflow/dags/first_dag.py
[2024-07-15T11:55:04.354+0100] {logging_mixin.py:188} INFO - [2024-07-15T11:55:04.324+0100] {dagbag.py:355} ERROR - Failed to import: /mnt/c/Users/Victor/Desktop/Final_Semester/data-engineering-final-semester-portfolio/airflow/dags/first_dag.py
Traceback (most recent call last):
  File "/home/victor/airflow_env/lib/python3.10/site-packages/airflow/models/dagbag.py", line 351, in parse
    loader.exec_module(new_module)
  File "<frozen importlib._bootstrap_external>", line 883, in exec_module
  File "<frozen importlib._bootstrap>", line 241, in _call_with_frames_removed
  File "/mnt/c/Users/Victor/Desktop/Final_Semester/data-engineering-final-semester-portfolio/airflow/dags/first_dag.py", line 16, in <module>
    with DAG(
  File "/home/victor/airflow_env/lib/python3.10/site-packages/airflow/models/dag.py", line 580, in __init__
    raise ValueError("DAG is missing the start_date parameter")
ValueError: DAG is missing the start_date parameter
[2024-07-15T11:55:04.371+0100] {processor.py:842} WARNING - No viable dags retrieved from /mnt/c/Users/Victor/Desktop/Final_Semester/data-engineering-final-semester-portfolio/airflow/dags/first_dag.py
[2024-07-15T11:55:04.779+0100] {processor.py:183} INFO - Processing /mnt/c/Users/Victor/Desktop/Final_Semester/data-engineering-final-semester-portfolio/airflow/dags/first_dag.py took 0.710 seconds
[2024-07-15T11:55:35.167+0100] {processor.py:161} INFO - Started process (PID=56316) to work on /mnt/c/Users/Victor/Desktop/Final_Semester/data-engineering-final-semester-portfolio/airflow/dags/first_dag.py
[2024-07-15T11:55:35.172+0100] {processor.py:830} INFO - Processing file /mnt/c/Users/Victor/Desktop/Final_Semester/data-engineering-final-semester-portfolio/airflow/dags/first_dag.py for tasks to queue
[2024-07-15T11:55:35.176+0100] {logging_mixin.py:188} INFO - [2024-07-15T11:55:35.175+0100] {dagbag.py:545} INFO - Filling up the DagBag from /mnt/c/Users/Victor/Desktop/Final_Semester/data-engineering-final-semester-portfolio/airflow/dags/first_dag.py
[2024-07-15T11:55:35.281+0100] {logging_mixin.py:188} INFO - [2024-07-15T11:55:35.257+0100] {dagbag.py:355} ERROR - Failed to import: /mnt/c/Users/Victor/Desktop/Final_Semester/data-engineering-final-semester-portfolio/airflow/dags/first_dag.py
Traceback (most recent call last):
  File "/home/victor/airflow_env/lib/python3.10/site-packages/airflow/models/dagbag.py", line 351, in parse
    loader.exec_module(new_module)
  File "<frozen importlib._bootstrap_external>", line 883, in exec_module
  File "<frozen importlib._bootstrap>", line 241, in _call_with_frames_removed
  File "/mnt/c/Users/Victor/Desktop/Final_Semester/data-engineering-final-semester-portfolio/airflow/dags/first_dag.py", line 16, in <module>
    with DAG(
  File "/home/victor/airflow_env/lib/python3.10/site-packages/airflow/models/dag.py", line 580, in __init__
    raise ValueError("DAG is missing the start_date parameter")
ValueError: DAG is missing the start_date parameter
[2024-07-15T11:55:35.290+0100] {processor.py:842} WARNING - No viable dags retrieved from /mnt/c/Users/Victor/Desktop/Final_Semester/data-engineering-final-semester-portfolio/airflow/dags/first_dag.py
[2024-07-15T11:55:35.615+0100] {processor.py:183} INFO - Processing /mnt/c/Users/Victor/Desktop/Final_Semester/data-engineering-final-semester-portfolio/airflow/dags/first_dag.py took 0.482 seconds
[2024-07-15T11:56:07.258+0100] {processor.py:161} INFO - Started process (PID=56458) to work on /mnt/c/Users/Victor/Desktop/Final_Semester/data-engineering-final-semester-portfolio/airflow/dags/first_dag.py
[2024-07-15T11:56:07.262+0100] {processor.py:830} INFO - Processing file /mnt/c/Users/Victor/Desktop/Final_Semester/data-engineering-final-semester-portfolio/airflow/dags/first_dag.py for tasks to queue
[2024-07-15T11:56:07.269+0100] {logging_mixin.py:188} INFO - [2024-07-15T11:56:07.266+0100] {dagbag.py:545} INFO - Filling up the DagBag from /mnt/c/Users/Victor/Desktop/Final_Semester/data-engineering-final-semester-portfolio/airflow/dags/first_dag.py
[2024-07-15T11:56:07.359+0100] {logging_mixin.py:188} INFO - [2024-07-15T11:56:07.338+0100] {dagbag.py:355} ERROR - Failed to import: /mnt/c/Users/Victor/Desktop/Final_Semester/data-engineering-final-semester-portfolio/airflow/dags/first_dag.py
Traceback (most recent call last):
  File "/home/victor/airflow_env/lib/python3.10/site-packages/airflow/models/dagbag.py", line 351, in parse
    loader.exec_module(new_module)
  File "<frozen importlib._bootstrap_external>", line 883, in exec_module
  File "<frozen importlib._bootstrap>", line 241, in _call_with_frames_removed
  File "/mnt/c/Users/Victor/Desktop/Final_Semester/data-engineering-final-semester-portfolio/airflow/dags/first_dag.py", line 16, in <module>
    with DAG(
  File "/home/victor/airflow_env/lib/python3.10/site-packages/airflow/models/dag.py", line 580, in __init__
    raise ValueError("DAG is missing the start_date parameter")
ValueError: DAG is missing the start_date parameter
[2024-07-15T11:56:07.366+0100] {processor.py:842} WARNING - No viable dags retrieved from /mnt/c/Users/Victor/Desktop/Final_Semester/data-engineering-final-semester-portfolio/airflow/dags/first_dag.py
[2024-07-15T11:56:07.608+0100] {processor.py:183} INFO - Processing /mnt/c/Users/Victor/Desktop/Final_Semester/data-engineering-final-semester-portfolio/airflow/dags/first_dag.py took 0.392 seconds
[2024-07-15T11:56:38.181+0100] {processor.py:161} INFO - Started process (PID=56604) to work on /mnt/c/Users/Victor/Desktop/Final_Semester/data-engineering-final-semester-portfolio/airflow/dags/first_dag.py
[2024-07-15T11:56:38.187+0100] {processor.py:830} INFO - Processing file /mnt/c/Users/Victor/Desktop/Final_Semester/data-engineering-final-semester-portfolio/airflow/dags/first_dag.py for tasks to queue
[2024-07-15T11:56:38.192+0100] {logging_mixin.py:188} INFO - [2024-07-15T11:56:38.190+0100] {dagbag.py:545} INFO - Filling up the DagBag from /mnt/c/Users/Victor/Desktop/Final_Semester/data-engineering-final-semester-portfolio/airflow/dags/first_dag.py
[2024-07-15T11:56:38.278+0100] {logging_mixin.py:188} INFO - [2024-07-15T11:56:38.257+0100] {dagbag.py:355} ERROR - Failed to import: /mnt/c/Users/Victor/Desktop/Final_Semester/data-engineering-final-semester-portfolio/airflow/dags/first_dag.py
Traceback (most recent call last):
  File "/home/victor/airflow_env/lib/python3.10/site-packages/airflow/models/dagbag.py", line 351, in parse
    loader.exec_module(new_module)
  File "<frozen importlib._bootstrap_external>", line 883, in exec_module
  File "<frozen importlib._bootstrap>", line 241, in _call_with_frames_removed
  File "/mnt/c/Users/Victor/Desktop/Final_Semester/data-engineering-final-semester-portfolio/airflow/dags/first_dag.py", line 16, in <module>
    with DAG(
  File "/home/victor/airflow_env/lib/python3.10/site-packages/airflow/models/dag.py", line 580, in __init__
    raise ValueError("DAG is missing the start_date parameter")
ValueError: DAG is missing the start_date parameter
[2024-07-15T11:56:38.287+0100] {processor.py:842} WARNING - No viable dags retrieved from /mnt/c/Users/Victor/Desktop/Final_Semester/data-engineering-final-semester-portfolio/airflow/dags/first_dag.py
[2024-07-15T11:56:38.517+0100] {processor.py:183} INFO - Processing /mnt/c/Users/Victor/Desktop/Final_Semester/data-engineering-final-semester-portfolio/airflow/dags/first_dag.py took 0.366 seconds
[2024-07-15T11:57:09.882+0100] {processor.py:161} INFO - Started process (PID=56765) to work on /mnt/c/Users/Victor/Desktop/Final_Semester/data-engineering-final-semester-portfolio/airflow/dags/first_dag.py
[2024-07-15T11:57:09.886+0100] {processor.py:830} INFO - Processing file /mnt/c/Users/Victor/Desktop/Final_Semester/data-engineering-final-semester-portfolio/airflow/dags/first_dag.py for tasks to queue
[2024-07-15T11:57:09.890+0100] {logging_mixin.py:188} INFO - [2024-07-15T11:57:09.888+0100] {dagbag.py:545} INFO - Filling up the DagBag from /mnt/c/Users/Victor/Desktop/Final_Semester/data-engineering-final-semester-portfolio/airflow/dags/first_dag.py
[2024-07-15T11:57:09.951+0100] {logging_mixin.py:188} INFO - [2024-07-15T11:57:09.934+0100] {dagbag.py:355} ERROR - Failed to import: /mnt/c/Users/Victor/Desktop/Final_Semester/data-engineering-final-semester-portfolio/airflow/dags/first_dag.py
Traceback (most recent call last):
  File "/home/victor/airflow_env/lib/python3.10/site-packages/airflow/models/dagbag.py", line 351, in parse
    loader.exec_module(new_module)
  File "<frozen importlib._bootstrap_external>", line 883, in exec_module
  File "<frozen importlib._bootstrap>", line 241, in _call_with_frames_removed
  File "/mnt/c/Users/Victor/Desktop/Final_Semester/data-engineering-final-semester-portfolio/airflow/dags/first_dag.py", line 16, in <module>
    with DAG(
  File "/home/victor/airflow_env/lib/python3.10/site-packages/airflow/models/dag.py", line 580, in __init__
    raise ValueError("DAG is missing the start_date parameter")
ValueError: DAG is missing the start_date parameter
[2024-07-15T11:57:09.956+0100] {processor.py:842} WARNING - No viable dags retrieved from /mnt/c/Users/Victor/Desktop/Final_Semester/data-engineering-final-semester-portfolio/airflow/dags/first_dag.py
[2024-07-15T11:57:10.191+0100] {processor.py:183} INFO - Processing /mnt/c/Users/Victor/Desktop/Final_Semester/data-engineering-final-semester-portfolio/airflow/dags/first_dag.py took 0.335 seconds
[2024-07-15T11:57:40.781+0100] {processor.py:161} INFO - Started process (PID=56929) to work on /mnt/c/Users/Victor/Desktop/Final_Semester/data-engineering-final-semester-portfolio/airflow/dags/first_dag.py
[2024-07-15T11:57:40.786+0100] {processor.py:830} INFO - Processing file /mnt/c/Users/Victor/Desktop/Final_Semester/data-engineering-final-semester-portfolio/airflow/dags/first_dag.py for tasks to queue
[2024-07-15T11:57:40.790+0100] {logging_mixin.py:188} INFO - [2024-07-15T11:57:40.789+0100] {dagbag.py:545} INFO - Filling up the DagBag from /mnt/c/Users/Victor/Desktop/Final_Semester/data-engineering-final-semester-portfolio/airflow/dags/first_dag.py
[2024-07-15T11:57:40.849+0100] {logging_mixin.py:188} INFO - [2024-07-15T11:57:40.830+0100] {dagbag.py:355} ERROR - Failed to import: /mnt/c/Users/Victor/Desktop/Final_Semester/data-engineering-final-semester-portfolio/airflow/dags/first_dag.py
Traceback (most recent call last):
  File "/home/victor/airflow_env/lib/python3.10/site-packages/airflow/models/dagbag.py", line 351, in parse
    loader.exec_module(new_module)
  File "<frozen importlib._bootstrap_external>", line 883, in exec_module
  File "<frozen importlib._bootstrap>", line 241, in _call_with_frames_removed
  File "/mnt/c/Users/Victor/Desktop/Final_Semester/data-engineering-final-semester-portfolio/airflow/dags/first_dag.py", line 16, in <module>
    with DAG(
  File "/home/victor/airflow_env/lib/python3.10/site-packages/airflow/models/dag.py", line 580, in __init__
    raise ValueError("DAG is missing the start_date parameter")
ValueError: DAG is missing the start_date parameter
[2024-07-15T11:57:40.854+0100] {processor.py:842} WARNING - No viable dags retrieved from /mnt/c/Users/Victor/Desktop/Final_Semester/data-engineering-final-semester-portfolio/airflow/dags/first_dag.py
[2024-07-15T11:57:41.051+0100] {processor.py:183} INFO - Processing /mnt/c/Users/Victor/Desktop/Final_Semester/data-engineering-final-semester-portfolio/airflow/dags/first_dag.py took 0.297 seconds
[2024-07-15T11:58:11.500+0100] {processor.py:161} INFO - Started process (PID=57066) to work on /mnt/c/Users/Victor/Desktop/Final_Semester/data-engineering-final-semester-portfolio/airflow/dags/first_dag.py
[2024-07-15T11:58:11.504+0100] {processor.py:830} INFO - Processing file /mnt/c/Users/Victor/Desktop/Final_Semester/data-engineering-final-semester-portfolio/airflow/dags/first_dag.py for tasks to queue
[2024-07-15T11:58:11.512+0100] {logging_mixin.py:188} INFO - [2024-07-15T11:58:11.507+0100] {dagbag.py:545} INFO - Filling up the DagBag from /mnt/c/Users/Victor/Desktop/Final_Semester/data-engineering-final-semester-portfolio/airflow/dags/first_dag.py
[2024-07-15T11:58:11.595+0100] {logging_mixin.py:188} INFO - [2024-07-15T11:58:11.574+0100] {dagbag.py:355} ERROR - Failed to import: /mnt/c/Users/Victor/Desktop/Final_Semester/data-engineering-final-semester-portfolio/airflow/dags/first_dag.py
Traceback (most recent call last):
  File "/home/victor/airflow_env/lib/python3.10/site-packages/airflow/models/dagbag.py", line 351, in parse
    loader.exec_module(new_module)
  File "<frozen importlib._bootstrap_external>", line 883, in exec_module
  File "<frozen importlib._bootstrap>", line 241, in _call_with_frames_removed
  File "/mnt/c/Users/Victor/Desktop/Final_Semester/data-engineering-final-semester-portfolio/airflow/dags/first_dag.py", line 16, in <module>
    with DAG(
  File "/home/victor/airflow_env/lib/python3.10/site-packages/airflow/models/dag.py", line 580, in __init__
    raise ValueError("DAG is missing the start_date parameter")
ValueError: DAG is missing the start_date parameter
[2024-07-15T11:58:11.603+0100] {processor.py:842} WARNING - No viable dags retrieved from /mnt/c/Users/Victor/Desktop/Final_Semester/data-engineering-final-semester-portfolio/airflow/dags/first_dag.py
[2024-07-15T11:58:11.869+0100] {processor.py:183} INFO - Processing /mnt/c/Users/Victor/Desktop/Final_Semester/data-engineering-final-semester-portfolio/airflow/dags/first_dag.py took 0.396 seconds
[2024-07-15T11:58:42.369+0100] {processor.py:161} INFO - Started process (PID=57203) to work on /mnt/c/Users/Victor/Desktop/Final_Semester/data-engineering-final-semester-portfolio/airflow/dags/first_dag.py
[2024-07-15T11:58:42.373+0100] {processor.py:830} INFO - Processing file /mnt/c/Users/Victor/Desktop/Final_Semester/data-engineering-final-semester-portfolio/airflow/dags/first_dag.py for tasks to queue
[2024-07-15T11:58:42.377+0100] {logging_mixin.py:188} INFO - [2024-07-15T11:58:42.376+0100] {dagbag.py:545} INFO - Filling up the DagBag from /mnt/c/Users/Victor/Desktop/Final_Semester/data-engineering-final-semester-portfolio/airflow/dags/first_dag.py
[2024-07-15T11:58:42.437+0100] {logging_mixin.py:188} INFO - [2024-07-15T11:58:42.422+0100] {dagbag.py:355} ERROR - Failed to import: /mnt/c/Users/Victor/Desktop/Final_Semester/data-engineering-final-semester-portfolio/airflow/dags/first_dag.py
Traceback (most recent call last):
  File "/home/victor/airflow_env/lib/python3.10/site-packages/airflow/models/dagbag.py", line 351, in parse
    loader.exec_module(new_module)
  File "<frozen importlib._bootstrap_external>", line 883, in exec_module
  File "<frozen importlib._bootstrap>", line 241, in _call_with_frames_removed
  File "/mnt/c/Users/Victor/Desktop/Final_Semester/data-engineering-final-semester-portfolio/airflow/dags/first_dag.py", line 16, in <module>
    with DAG(
  File "/home/victor/airflow_env/lib/python3.10/site-packages/airflow/models/dag.py", line 580, in __init__
    raise ValueError("DAG is missing the start_date parameter")
ValueError: DAG is missing the start_date parameter
[2024-07-15T11:58:42.442+0100] {processor.py:842} WARNING - No viable dags retrieved from /mnt/c/Users/Victor/Desktop/Final_Semester/data-engineering-final-semester-portfolio/airflow/dags/first_dag.py
[2024-07-15T11:58:42.656+0100] {processor.py:183} INFO - Processing /mnt/c/Users/Victor/Desktop/Final_Semester/data-engineering-final-semester-portfolio/airflow/dags/first_dag.py took 0.318 seconds
[2024-07-15T11:59:13.218+0100] {processor.py:161} INFO - Started process (PID=57340) to work on /mnt/c/Users/Victor/Desktop/Final_Semester/data-engineering-final-semester-portfolio/airflow/dags/first_dag.py
[2024-07-15T11:59:13.227+0100] {processor.py:830} INFO - Processing file /mnt/c/Users/Victor/Desktop/Final_Semester/data-engineering-final-semester-portfolio/airflow/dags/first_dag.py for tasks to queue
[2024-07-15T11:59:13.232+0100] {logging_mixin.py:188} INFO - [2024-07-15T11:59:13.231+0100] {dagbag.py:545} INFO - Filling up the DagBag from /mnt/c/Users/Victor/Desktop/Final_Semester/data-engineering-final-semester-portfolio/airflow/dags/first_dag.py
[2024-07-15T11:59:13.311+0100] {logging_mixin.py:188} INFO - [2024-07-15T11:59:13.293+0100] {dagbag.py:355} ERROR - Failed to import: /mnt/c/Users/Victor/Desktop/Final_Semester/data-engineering-final-semester-portfolio/airflow/dags/first_dag.py
Traceback (most recent call last):
  File "/home/victor/airflow_env/lib/python3.10/site-packages/airflow/models/dagbag.py", line 351, in parse
    loader.exec_module(new_module)
  File "<frozen importlib._bootstrap_external>", line 883, in exec_module
  File "<frozen importlib._bootstrap>", line 241, in _call_with_frames_removed
  File "/mnt/c/Users/Victor/Desktop/Final_Semester/data-engineering-final-semester-portfolio/airflow/dags/first_dag.py", line 16, in <module>
    with DAG(
  File "/home/victor/airflow_env/lib/python3.10/site-packages/airflow/models/dag.py", line 580, in __init__
    raise ValueError("DAG is missing the start_date parameter")
ValueError: DAG is missing the start_date parameter
[2024-07-15T11:59:13.317+0100] {processor.py:842} WARNING - No viable dags retrieved from /mnt/c/Users/Victor/Desktop/Final_Semester/data-engineering-final-semester-portfolio/airflow/dags/first_dag.py
[2024-07-15T11:59:13.577+0100] {processor.py:183} INFO - Processing /mnt/c/Users/Victor/Desktop/Final_Semester/data-engineering-final-semester-portfolio/airflow/dags/first_dag.py took 0.399 seconds
[2024-07-15T11:59:44.004+0100] {processor.py:161} INFO - Started process (PID=57482) to work on /mnt/c/Users/Victor/Desktop/Final_Semester/data-engineering-final-semester-portfolio/airflow/dags/first_dag.py
[2024-07-15T11:59:44.008+0100] {processor.py:830} INFO - Processing file /mnt/c/Users/Victor/Desktop/Final_Semester/data-engineering-final-semester-portfolio/airflow/dags/first_dag.py for tasks to queue
[2024-07-15T11:59:44.013+0100] {logging_mixin.py:188} INFO - [2024-07-15T11:59:44.012+0100] {dagbag.py:545} INFO - Filling up the DagBag from /mnt/c/Users/Victor/Desktop/Final_Semester/data-engineering-final-semester-portfolio/airflow/dags/first_dag.py
[2024-07-15T11:59:44.080+0100] {logging_mixin.py:188} INFO - [2024-07-15T11:59:44.062+0100] {dagbag.py:355} ERROR - Failed to import: /mnt/c/Users/Victor/Desktop/Final_Semester/data-engineering-final-semester-portfolio/airflow/dags/first_dag.py
Traceback (most recent call last):
  File "/home/victor/airflow_env/lib/python3.10/site-packages/airflow/models/dagbag.py", line 351, in parse
    loader.exec_module(new_module)
  File "<frozen importlib._bootstrap_external>", line 883, in exec_module
  File "<frozen importlib._bootstrap>", line 241, in _call_with_frames_removed
  File "/mnt/c/Users/Victor/Desktop/Final_Semester/data-engineering-final-semester-portfolio/airflow/dags/first_dag.py", line 16, in <module>
    with DAG(
  File "/home/victor/airflow_env/lib/python3.10/site-packages/airflow/models/dag.py", line 580, in __init__
    raise ValueError("DAG is missing the start_date parameter")
ValueError: DAG is missing the start_date parameter
[2024-07-15T11:59:44.086+0100] {processor.py:842} WARNING - No viable dags retrieved from /mnt/c/Users/Victor/Desktop/Final_Semester/data-engineering-final-semester-portfolio/airflow/dags/first_dag.py
[2024-07-15T11:59:44.376+0100] {processor.py:183} INFO - Processing /mnt/c/Users/Victor/Desktop/Final_Semester/data-engineering-final-semester-portfolio/airflow/dags/first_dag.py took 0.397 seconds
[2024-07-15T12:00:15.544+0100] {processor.py:161} INFO - Started process (PID=57699) to work on /mnt/c/Users/Victor/Desktop/Final_Semester/data-engineering-final-semester-portfolio/airflow/dags/first_dag.py
[2024-07-15T12:00:15.548+0100] {processor.py:830} INFO - Processing file /mnt/c/Users/Victor/Desktop/Final_Semester/data-engineering-final-semester-portfolio/airflow/dags/first_dag.py for tasks to queue
[2024-07-15T12:00:15.553+0100] {logging_mixin.py:188} INFO - [2024-07-15T12:00:15.551+0100] {dagbag.py:545} INFO - Filling up the DagBag from /mnt/c/Users/Victor/Desktop/Final_Semester/data-engineering-final-semester-portfolio/airflow/dags/first_dag.py
[2024-07-15T12:00:15.633+0100] {logging_mixin.py:188} INFO - [2024-07-15T12:00:15.614+0100] {dagbag.py:355} ERROR - Failed to import: /mnt/c/Users/Victor/Desktop/Final_Semester/data-engineering-final-semester-portfolio/airflow/dags/first_dag.py
Traceback (most recent call last):
  File "/home/victor/airflow_env/lib/python3.10/site-packages/airflow/models/dagbag.py", line 351, in parse
    loader.exec_module(new_module)
  File "<frozen importlib._bootstrap_external>", line 883, in exec_module
  File "<frozen importlib._bootstrap>", line 241, in _call_with_frames_removed
  File "/mnt/c/Users/Victor/Desktop/Final_Semester/data-engineering-final-semester-portfolio/airflow/dags/first_dag.py", line 16, in <module>
    with DAG(
  File "/home/victor/airflow_env/lib/python3.10/site-packages/airflow/models/dag.py", line 580, in __init__
    raise ValueError("DAG is missing the start_date parameter")
ValueError: DAG is missing the start_date parameter
[2024-07-15T12:00:15.640+0100] {processor.py:842} WARNING - No viable dags retrieved from /mnt/c/Users/Victor/Desktop/Final_Semester/data-engineering-final-semester-portfolio/airflow/dags/first_dag.py
[2024-07-15T12:00:15.928+0100] {processor.py:183} INFO - Processing /mnt/c/Users/Victor/Desktop/Final_Semester/data-engineering-final-semester-portfolio/airflow/dags/first_dag.py took 0.414 seconds
[2024-07-15T12:00:32.883+0100] {processor.py:161} INFO - Started process (PID=57791) to work on /mnt/c/Users/Victor/Desktop/Final_Semester/data-engineering-final-semester-portfolio/airflow/dags/first_dag.py
[2024-07-15T12:00:32.895+0100] {processor.py:830} INFO - Processing file /mnt/c/Users/Victor/Desktop/Final_Semester/data-engineering-final-semester-portfolio/airflow/dags/first_dag.py for tasks to queue
[2024-07-15T12:00:32.902+0100] {logging_mixin.py:188} INFO - [2024-07-15T12:00:32.900+0100] {dagbag.py:545} INFO - Filling up the DagBag from /mnt/c/Users/Victor/Desktop/Final_Semester/data-engineering-final-semester-portfolio/airflow/dags/first_dag.py
[2024-07-15T12:00:33.083+0100] {logging_mixin.py:188} INFO - [2024-07-15T12:00:33.055+0100] {dagbag.py:355} ERROR - Failed to import: /mnt/c/Users/Victor/Desktop/Final_Semester/data-engineering-final-semester-portfolio/airflow/dags/first_dag.py
Traceback (most recent call last):
  File "/home/victor/airflow_env/lib/python3.10/site-packages/airflow/models/dagbag.py", line 351, in parse
    loader.exec_module(new_module)
  File "<frozen importlib._bootstrap_external>", line 883, in exec_module
  File "<frozen importlib._bootstrap>", line 241, in _call_with_frames_removed
  File "/mnt/c/Users/Victor/Desktop/Final_Semester/data-engineering-final-semester-portfolio/airflow/dags/first_dag.py", line 16, in <module>
    with DAG(
  File "/home/victor/airflow_env/lib/python3.10/site-packages/airflow/models/dag.py", line 580, in __init__
    raise ValueError("DAG is missing the start_date parameter")
ValueError: DAG is missing the start_date parameter
[2024-07-15T12:00:33.093+0100] {processor.py:842} WARNING - No viable dags retrieved from /mnt/c/Users/Victor/Desktop/Final_Semester/data-engineering-final-semester-portfolio/airflow/dags/first_dag.py
[2024-07-15T12:00:33.577+0100] {processor.py:183} INFO - Processing /mnt/c/Users/Victor/Desktop/Final_Semester/data-engineering-final-semester-portfolio/airflow/dags/first_dag.py took 0.768 seconds
[2024-07-15T12:00:37.618+0100] {processor.py:161} INFO - Started process (PID=57816) to work on /mnt/c/Users/Victor/Desktop/Final_Semester/data-engineering-final-semester-portfolio/airflow/dags/first_dag.py
[2024-07-15T12:00:37.625+0100] {processor.py:830} INFO - Processing file /mnt/c/Users/Victor/Desktop/Final_Semester/data-engineering-final-semester-portfolio/airflow/dags/first_dag.py for tasks to queue
[2024-07-15T12:00:37.630+0100] {logging_mixin.py:188} INFO - [2024-07-15T12:00:37.628+0100] {dagbag.py:545} INFO - Filling up the DagBag from /mnt/c/Users/Victor/Desktop/Final_Semester/data-engineering-final-semester-portfolio/airflow/dags/first_dag.py
[2024-07-15T12:00:37.796+0100] {logging_mixin.py:188} INFO - [2024-07-15T12:00:37.759+0100] {dagbag.py:355} ERROR - Failed to import: /mnt/c/Users/Victor/Desktop/Final_Semester/data-engineering-final-semester-portfolio/airflow/dags/first_dag.py
Traceback (most recent call last):
  File "/home/victor/airflow_env/lib/python3.10/site-packages/airflow/models/dagbag.py", line 351, in parse
    loader.exec_module(new_module)
  File "<frozen importlib._bootstrap_external>", line 883, in exec_module
  File "<frozen importlib._bootstrap>", line 241, in _call_with_frames_removed
  File "/mnt/c/Users/Victor/Desktop/Final_Semester/data-engineering-final-semester-portfolio/airflow/dags/first_dag.py", line 16, in <module>
    with DAG(
  File "/home/victor/airflow_env/lib/python3.10/site-packages/airflow/models/dag.py", line 580, in __init__
    raise ValueError("DAG is missing the start_date parameter")
ValueError: DAG is missing the start_date parameter
[2024-07-15T12:00:37.805+0100] {processor.py:842} WARNING - No viable dags retrieved from /mnt/c/Users/Victor/Desktop/Final_Semester/data-engineering-final-semester-portfolio/airflow/dags/first_dag.py
[2024-07-15T12:00:38.185+0100] {processor.py:183} INFO - Processing /mnt/c/Users/Victor/Desktop/Final_Semester/data-engineering-final-semester-portfolio/airflow/dags/first_dag.py took 0.650 seconds
[2024-07-15T12:00:39.837+0100] {processor.py:161} INFO - Started process (PID=57827) to work on /mnt/c/Users/Victor/Desktop/Final_Semester/data-engineering-final-semester-portfolio/airflow/dags/first_dag.py
[2024-07-15T12:00:39.843+0100] {processor.py:830} INFO - Processing file /mnt/c/Users/Victor/Desktop/Final_Semester/data-engineering-final-semester-portfolio/airflow/dags/first_dag.py for tasks to queue
[2024-07-15T12:00:39.849+0100] {logging_mixin.py:188} INFO - [2024-07-15T12:00:39.846+0100] {dagbag.py:545} INFO - Filling up the DagBag from /mnt/c/Users/Victor/Desktop/Final_Semester/data-engineering-final-semester-portfolio/airflow/dags/first_dag.py
[2024-07-15T12:00:40.032+0100] {logging_mixin.py:188} INFO - [2024-07-15T12:00:40.008+0100] {dagbag.py:355} ERROR - Failed to import: /mnt/c/Users/Victor/Desktop/Final_Semester/data-engineering-final-semester-portfolio/airflow/dags/first_dag.py
Traceback (most recent call last):
  File "/home/victor/airflow_env/lib/python3.10/site-packages/airflow/models/dagbag.py", line 351, in parse
    loader.exec_module(new_module)
  File "<frozen importlib._bootstrap_external>", line 883, in exec_module
  File "<frozen importlib._bootstrap>", line 241, in _call_with_frames_removed
  File "/mnt/c/Users/Victor/Desktop/Final_Semester/data-engineering-final-semester-portfolio/airflow/dags/first_dag.py", line 16, in <module>
    with DAG(
  File "/home/victor/airflow_env/lib/python3.10/site-packages/airflow/models/dag.py", line 580, in __init__
    raise ValueError("DAG is missing the start_date parameter")
ValueError: DAG is missing the start_date parameter
[2024-07-15T12:00:40.042+0100] {processor.py:842} WARNING - No viable dags retrieved from /mnt/c/Users/Victor/Desktop/Final_Semester/data-engineering-final-semester-portfolio/airflow/dags/first_dag.py
[2024-07-15T12:00:40.444+0100] {processor.py:183} INFO - Processing /mnt/c/Users/Victor/Desktop/Final_Semester/data-engineering-final-semester-portfolio/airflow/dags/first_dag.py took 0.649 seconds
[2024-07-15T12:00:43.805+0100] {processor.py:161} INFO - Started process (PID=57851) to work on /mnt/c/Users/Victor/Desktop/Final_Semester/data-engineering-final-semester-portfolio/airflow/dags/first_dag.py
[2024-07-15T12:00:43.810+0100] {processor.py:830} INFO - Processing file /mnt/c/Users/Victor/Desktop/Final_Semester/data-engineering-final-semester-portfolio/airflow/dags/first_dag.py for tasks to queue
[2024-07-15T12:00:43.815+0100] {logging_mixin.py:188} INFO - [2024-07-15T12:00:43.813+0100] {dagbag.py:545} INFO - Filling up the DagBag from /mnt/c/Users/Victor/Desktop/Final_Semester/data-engineering-final-semester-portfolio/airflow/dags/first_dag.py
[2024-07-15T12:00:43.971+0100] {logging_mixin.py:188} INFO - [2024-07-15T12:00:43.942+0100] {dagbag.py:355} ERROR - Failed to import: /mnt/c/Users/Victor/Desktop/Final_Semester/data-engineering-final-semester-portfolio/airflow/dags/first_dag.py
Traceback (most recent call last):
  File "/home/victor/airflow_env/lib/python3.10/site-packages/airflow/models/dagbag.py", line 351, in parse
    loader.exec_module(new_module)
  File "<frozen importlib._bootstrap_external>", line 883, in exec_module
  File "<frozen importlib._bootstrap>", line 241, in _call_with_frames_removed
  File "/mnt/c/Users/Victor/Desktop/Final_Semester/data-engineering-final-semester-portfolio/airflow/dags/first_dag.py", line 16, in <module>
    with DAG(
  File "/home/victor/airflow_env/lib/python3.10/site-packages/airflow/models/dag.py", line 580, in __init__
    raise ValueError("DAG is missing the start_date parameter")
ValueError: DAG is missing the start_date parameter
[2024-07-15T12:00:43.981+0100] {processor.py:842} WARNING - No viable dags retrieved from /mnt/c/Users/Victor/Desktop/Final_Semester/data-engineering-final-semester-portfolio/airflow/dags/first_dag.py
[2024-07-15T12:00:44.353+0100] {processor.py:183} INFO - Processing /mnt/c/Users/Victor/Desktop/Final_Semester/data-engineering-final-semester-portfolio/airflow/dags/first_dag.py took 0.598 seconds
[2024-07-15T12:00:47.067+0100] {processor.py:161} INFO - Started process (PID=57864) to work on /mnt/c/Users/Victor/Desktop/Final_Semester/data-engineering-final-semester-portfolio/airflow/dags/first_dag.py
[2024-07-15T12:00:47.074+0100] {processor.py:830} INFO - Processing file /mnt/c/Users/Victor/Desktop/Final_Semester/data-engineering-final-semester-portfolio/airflow/dags/first_dag.py for tasks to queue
[2024-07-15T12:00:47.079+0100] {logging_mixin.py:188} INFO - [2024-07-15T12:00:47.077+0100] {dagbag.py:545} INFO - Filling up the DagBag from /mnt/c/Users/Victor/Desktop/Final_Semester/data-engineering-final-semester-portfolio/airflow/dags/first_dag.py
[2024-07-15T12:00:47.230+0100] {logging_mixin.py:188} INFO - [2024-07-15T12:00:47.209+0100] {dagbag.py:355} ERROR - Failed to import: /mnt/c/Users/Victor/Desktop/Final_Semester/data-engineering-final-semester-portfolio/airflow/dags/first_dag.py
Traceback (most recent call last):
  File "/home/victor/airflow_env/lib/python3.10/site-packages/airflow/models/dagbag.py", line 351, in parse
    loader.exec_module(new_module)
  File "<frozen importlib._bootstrap_external>", line 883, in exec_module
  File "<frozen importlib._bootstrap>", line 241, in _call_with_frames_removed
  File "/mnt/c/Users/Victor/Desktop/Final_Semester/data-engineering-final-semester-portfolio/airflow/dags/first_dag.py", line 16, in <module>
    with DAG(
  File "/home/victor/airflow_env/lib/python3.10/site-packages/airflow/models/dag.py", line 580, in __init__
    raise ValueError("DAG is missing the start_date parameter")
ValueError: DAG is missing the start_date parameter
[2024-07-15T12:00:47.241+0100] {processor.py:842} WARNING - No viable dags retrieved from /mnt/c/Users/Victor/Desktop/Final_Semester/data-engineering-final-semester-portfolio/airflow/dags/first_dag.py
[2024-07-15T12:00:47.889+0100] {processor.py:183} INFO - Processing /mnt/c/Users/Victor/Desktop/Final_Semester/data-engineering-final-semester-portfolio/airflow/dags/first_dag.py took 0.941 seconds
[2024-07-15T12:00:52.015+0100] {processor.py:161} INFO - Started process (PID=57891) to work on /mnt/c/Users/Victor/Desktop/Final_Semester/data-engineering-final-semester-portfolio/airflow/dags/first_dag.py
[2024-07-15T12:00:52.020+0100] {processor.py:830} INFO - Processing file /mnt/c/Users/Victor/Desktop/Final_Semester/data-engineering-final-semester-portfolio/airflow/dags/first_dag.py for tasks to queue
[2024-07-15T12:00:52.033+0100] {logging_mixin.py:188} INFO - [2024-07-15T12:00:52.030+0100] {dagbag.py:545} INFO - Filling up the DagBag from /mnt/c/Users/Victor/Desktop/Final_Semester/data-engineering-final-semester-portfolio/airflow/dags/first_dag.py
[2024-07-15T12:00:52.347+0100] {logging_mixin.py:188} INFO - [2024-07-15T12:00:52.315+0100] {dagbag.py:355} ERROR - Failed to import: /mnt/c/Users/Victor/Desktop/Final_Semester/data-engineering-final-semester-portfolio/airflow/dags/first_dag.py
Traceback (most recent call last):
  File "/home/victor/airflow_env/lib/python3.10/site-packages/airflow/models/dagbag.py", line 351, in parse
    loader.exec_module(new_module)
  File "<frozen importlib._bootstrap_external>", line 883, in exec_module
  File "<frozen importlib._bootstrap>", line 241, in _call_with_frames_removed
  File "/mnt/c/Users/Victor/Desktop/Final_Semester/data-engineering-final-semester-portfolio/airflow/dags/first_dag.py", line 16, in <module>
    with DAG(
  File "/home/victor/airflow_env/lib/python3.10/site-packages/airflow/models/dag.py", line 580, in __init__
    raise ValueError("DAG is missing the start_date parameter")
ValueError: DAG is missing the start_date parameter
[2024-07-15T12:00:52.381+0100] {processor.py:842} WARNING - No viable dags retrieved from /mnt/c/Users/Victor/Desktop/Final_Semester/data-engineering-final-semester-portfolio/airflow/dags/first_dag.py
[2024-07-15T12:00:52.935+0100] {processor.py:183} INFO - Processing /mnt/c/Users/Victor/Desktop/Final_Semester/data-engineering-final-semester-portfolio/airflow/dags/first_dag.py took 1.018 seconds
[2024-07-15T12:01:23.253+0100] {processor.py:161} INFO - Started process (PID=58030) to work on /mnt/c/Users/Victor/Desktop/Final_Semester/data-engineering-final-semester-portfolio/airflow/dags/first_dag.py
[2024-07-15T12:01:23.259+0100] {processor.py:830} INFO - Processing file /mnt/c/Users/Victor/Desktop/Final_Semester/data-engineering-final-semester-portfolio/airflow/dags/first_dag.py for tasks to queue
[2024-07-15T12:01:23.264+0100] {logging_mixin.py:188} INFO - [2024-07-15T12:01:23.263+0100] {dagbag.py:545} INFO - Filling up the DagBag from /mnt/c/Users/Victor/Desktop/Final_Semester/data-engineering-final-semester-portfolio/airflow/dags/first_dag.py
[2024-07-15T12:01:23.347+0100] {logging_mixin.py:188} INFO - [2024-07-15T12:01:23.319+0100] {dagbag.py:355} ERROR - Failed to import: /mnt/c/Users/Victor/Desktop/Final_Semester/data-engineering-final-semester-portfolio/airflow/dags/first_dag.py
Traceback (most recent call last):
  File "/home/victor/airflow_env/lib/python3.10/site-packages/airflow/models/dagbag.py", line 351, in parse
    loader.exec_module(new_module)
  File "<frozen importlib._bootstrap_external>", line 883, in exec_module
  File "<frozen importlib._bootstrap>", line 241, in _call_with_frames_removed
  File "/mnt/c/Users/Victor/Desktop/Final_Semester/data-engineering-final-semester-portfolio/airflow/dags/first_dag.py", line 16, in <module>
    with DAG(
  File "/home/victor/airflow_env/lib/python3.10/site-packages/airflow/models/dag.py", line 580, in __init__
    raise ValueError("DAG is missing the start_date parameter")
ValueError: DAG is missing the start_date parameter
[2024-07-15T12:01:23.353+0100] {processor.py:842} WARNING - No viable dags retrieved from /mnt/c/Users/Victor/Desktop/Final_Semester/data-engineering-final-semester-portfolio/airflow/dags/first_dag.py
[2024-07-15T12:01:23.549+0100] {processor.py:183} INFO - Processing /mnt/c/Users/Victor/Desktop/Final_Semester/data-engineering-final-semester-portfolio/airflow/dags/first_dag.py took 0.328 seconds
[2024-07-15T12:01:54.344+0100] {processor.py:161} INFO - Started process (PID=58170) to work on /mnt/c/Users/Victor/Desktop/Final_Semester/data-engineering-final-semester-portfolio/airflow/dags/first_dag.py
[2024-07-15T12:01:54.349+0100] {processor.py:830} INFO - Processing file /mnt/c/Users/Victor/Desktop/Final_Semester/data-engineering-final-semester-portfolio/airflow/dags/first_dag.py for tasks to queue
[2024-07-15T12:01:54.353+0100] {logging_mixin.py:188} INFO - [2024-07-15T12:01:54.352+0100] {dagbag.py:545} INFO - Filling up the DagBag from /mnt/c/Users/Victor/Desktop/Final_Semester/data-engineering-final-semester-portfolio/airflow/dags/first_dag.py
[2024-07-15T12:01:54.420+0100] {logging_mixin.py:188} INFO - [2024-07-15T12:01:54.403+0100] {dagbag.py:355} ERROR - Failed to import: /mnt/c/Users/Victor/Desktop/Final_Semester/data-engineering-final-semester-portfolio/airflow/dags/first_dag.py
Traceback (most recent call last):
  File "/home/victor/airflow_env/lib/python3.10/site-packages/airflow/models/dagbag.py", line 351, in parse
    loader.exec_module(new_module)
  File "<frozen importlib._bootstrap_external>", line 883, in exec_module
  File "<frozen importlib._bootstrap>", line 241, in _call_with_frames_removed
  File "/mnt/c/Users/Victor/Desktop/Final_Semester/data-engineering-final-semester-portfolio/airflow/dags/first_dag.py", line 16, in <module>
    with DAG(
  File "/home/victor/airflow_env/lib/python3.10/site-packages/airflow/models/dag.py", line 580, in __init__
    raise ValueError("DAG is missing the start_date parameter")
ValueError: DAG is missing the start_date parameter
[2024-07-15T12:01:54.432+0100] {processor.py:842} WARNING - No viable dags retrieved from /mnt/c/Users/Victor/Desktop/Final_Semester/data-engineering-final-semester-portfolio/airflow/dags/first_dag.py
[2024-07-15T12:01:54.705+0100] {processor.py:183} INFO - Processing /mnt/c/Users/Victor/Desktop/Final_Semester/data-engineering-final-semester-portfolio/airflow/dags/first_dag.py took 0.389 seconds
[2024-07-15T12:02:24.932+0100] {processor.py:161} INFO - Started process (PID=58398) to work on /mnt/c/Users/Victor/Desktop/Final_Semester/data-engineering-final-semester-portfolio/airflow/dags/first_dag.py
[2024-07-15T12:02:24.937+0100] {processor.py:830} INFO - Processing file /mnt/c/Users/Victor/Desktop/Final_Semester/data-engineering-final-semester-portfolio/airflow/dags/first_dag.py for tasks to queue
[2024-07-15T12:02:24.944+0100] {logging_mixin.py:188} INFO - [2024-07-15T12:02:24.942+0100] {dagbag.py:545} INFO - Filling up the DagBag from /mnt/c/Users/Victor/Desktop/Final_Semester/data-engineering-final-semester-portfolio/airflow/dags/first_dag.py
[2024-07-15T12:02:25.020+0100] {logging_mixin.py:188} INFO - [2024-07-15T12:02:25.002+0100] {dagbag.py:355} ERROR - Failed to import: /mnt/c/Users/Victor/Desktop/Final_Semester/data-engineering-final-semester-portfolio/airflow/dags/first_dag.py
Traceback (most recent call last):
  File "/home/victor/airflow_env/lib/python3.10/site-packages/airflow/models/dagbag.py", line 351, in parse
    loader.exec_module(new_module)
  File "<frozen importlib._bootstrap_external>", line 883, in exec_module
  File "<frozen importlib._bootstrap>", line 241, in _call_with_frames_removed
  File "/mnt/c/Users/Victor/Desktop/Final_Semester/data-engineering-final-semester-portfolio/airflow/dags/first_dag.py", line 16, in <module>
    with DAG(
  File "/home/victor/airflow_env/lib/python3.10/site-packages/airflow/models/dag.py", line 580, in __init__
    raise ValueError("DAG is missing the start_date parameter")
ValueError: DAG is missing the start_date parameter
[2024-07-15T12:02:25.028+0100] {processor.py:842} WARNING - No viable dags retrieved from /mnt/c/Users/Victor/Desktop/Final_Semester/data-engineering-final-semester-portfolio/airflow/dags/first_dag.py
[2024-07-15T12:02:25.242+0100] {processor.py:183} INFO - Processing /mnt/c/Users/Victor/Desktop/Final_Semester/data-engineering-final-semester-portfolio/airflow/dags/first_dag.py took 0.341 seconds
[2024-07-15T12:02:56.548+0100] {processor.py:161} INFO - Started process (PID=58546) to work on /mnt/c/Users/Victor/Desktop/Final_Semester/data-engineering-final-semester-portfolio/airflow/dags/first_dag.py
[2024-07-15T12:02:56.553+0100] {processor.py:830} INFO - Processing file /mnt/c/Users/Victor/Desktop/Final_Semester/data-engineering-final-semester-portfolio/airflow/dags/first_dag.py for tasks to queue
[2024-07-15T12:02:56.558+0100] {logging_mixin.py:188} INFO - [2024-07-15T12:02:56.556+0100] {dagbag.py:545} INFO - Filling up the DagBag from /mnt/c/Users/Victor/Desktop/Final_Semester/data-engineering-final-semester-portfolio/airflow/dags/first_dag.py
[2024-07-15T12:02:56.679+0100] {logging_mixin.py:188} INFO - [2024-07-15T12:02:56.657+0100] {dagbag.py:355} ERROR - Failed to import: /mnt/c/Users/Victor/Desktop/Final_Semester/data-engineering-final-semester-portfolio/airflow/dags/first_dag.py
Traceback (most recent call last):
  File "/home/victor/airflow_env/lib/python3.10/site-packages/airflow/models/dagbag.py", line 351, in parse
    loader.exec_module(new_module)
  File "<frozen importlib._bootstrap_external>", line 883, in exec_module
  File "<frozen importlib._bootstrap>", line 241, in _call_with_frames_removed
  File "/mnt/c/Users/Victor/Desktop/Final_Semester/data-engineering-final-semester-portfolio/airflow/dags/first_dag.py", line 16, in <module>
    with DAG(
  File "/home/victor/airflow_env/lib/python3.10/site-packages/airflow/models/dag.py", line 580, in __init__
    raise ValueError("DAG is missing the start_date parameter")
ValueError: DAG is missing the start_date parameter
[2024-07-15T12:02:56.687+0100] {processor.py:842} WARNING - No viable dags retrieved from /mnt/c/Users/Victor/Desktop/Final_Semester/data-engineering-final-semester-portfolio/airflow/dags/first_dag.py
[2024-07-15T12:02:56.919+0100] {processor.py:183} INFO - Processing /mnt/c/Users/Victor/Desktop/Final_Semester/data-engineering-final-semester-portfolio/airflow/dags/first_dag.py took 0.415 seconds
[2024-07-15T12:03:27.388+0100] {processor.py:161} INFO - Started process (PID=58686) to work on /mnt/c/Users/Victor/Desktop/Final_Semester/data-engineering-final-semester-portfolio/airflow/dags/first_dag.py
[2024-07-15T12:03:27.392+0100] {processor.py:830} INFO - Processing file /mnt/c/Users/Victor/Desktop/Final_Semester/data-engineering-final-semester-portfolio/airflow/dags/first_dag.py for tasks to queue
[2024-07-15T12:03:27.397+0100] {logging_mixin.py:188} INFO - [2024-07-15T12:03:27.396+0100] {dagbag.py:545} INFO - Filling up the DagBag from /mnt/c/Users/Victor/Desktop/Final_Semester/data-engineering-final-semester-portfolio/airflow/dags/first_dag.py
[2024-07-15T12:03:27.490+0100] {logging_mixin.py:188} INFO - [2024-07-15T12:03:27.457+0100] {dagbag.py:355} ERROR - Failed to import: /mnt/c/Users/Victor/Desktop/Final_Semester/data-engineering-final-semester-portfolio/airflow/dags/first_dag.py
Traceback (most recent call last):
  File "/home/victor/airflow_env/lib/python3.10/site-packages/airflow/models/dagbag.py", line 351, in parse
    loader.exec_module(new_module)
  File "<frozen importlib._bootstrap_external>", line 883, in exec_module
  File "<frozen importlib._bootstrap>", line 241, in _call_with_frames_removed
  File "/mnt/c/Users/Victor/Desktop/Final_Semester/data-engineering-final-semester-portfolio/airflow/dags/first_dag.py", line 16, in <module>
    with DAG(
  File "/home/victor/airflow_env/lib/python3.10/site-packages/airflow/models/dag.py", line 580, in __init__
    raise ValueError("DAG is missing the start_date parameter")
ValueError: DAG is missing the start_date parameter
[2024-07-15T12:03:27.501+0100] {processor.py:842} WARNING - No viable dags retrieved from /mnt/c/Users/Victor/Desktop/Final_Semester/data-engineering-final-semester-portfolio/airflow/dags/first_dag.py
[2024-07-15T12:03:27.752+0100] {processor.py:183} INFO - Processing /mnt/c/Users/Victor/Desktop/Final_Semester/data-engineering-final-semester-portfolio/airflow/dags/first_dag.py took 0.393 seconds
[2024-07-15T12:03:58.752+0100] {processor.py:161} INFO - Started process (PID=58826) to work on /mnt/c/Users/Victor/Desktop/Final_Semester/data-engineering-final-semester-portfolio/airflow/dags/first_dag.py
[2024-07-15T12:03:58.756+0100] {processor.py:830} INFO - Processing file /mnt/c/Users/Victor/Desktop/Final_Semester/data-engineering-final-semester-portfolio/airflow/dags/first_dag.py for tasks to queue
[2024-07-15T12:03:58.761+0100] {logging_mixin.py:188} INFO - [2024-07-15T12:03:58.759+0100] {dagbag.py:545} INFO - Filling up the DagBag from /mnt/c/Users/Victor/Desktop/Final_Semester/data-engineering-final-semester-portfolio/airflow/dags/first_dag.py
[2024-07-15T12:03:58.865+0100] {logging_mixin.py:188} INFO - [2024-07-15T12:03:58.840+0100] {dagbag.py:355} ERROR - Failed to import: /mnt/c/Users/Victor/Desktop/Final_Semester/data-engineering-final-semester-portfolio/airflow/dags/first_dag.py
Traceback (most recent call last):
  File "/home/victor/airflow_env/lib/python3.10/site-packages/airflow/models/dagbag.py", line 351, in parse
    loader.exec_module(new_module)
  File "<frozen importlib._bootstrap_external>", line 883, in exec_module
  File "<frozen importlib._bootstrap>", line 241, in _call_with_frames_removed
  File "/mnt/c/Users/Victor/Desktop/Final_Semester/data-engineering-final-semester-portfolio/airflow/dags/first_dag.py", line 16, in <module>
    with DAG(
  File "/home/victor/airflow_env/lib/python3.10/site-packages/airflow/models/dag.py", line 580, in __init__
    raise ValueError("DAG is missing the start_date parameter")
ValueError: DAG is missing the start_date parameter
[2024-07-15T12:03:58.874+0100] {processor.py:842} WARNING - No viable dags retrieved from /mnt/c/Users/Victor/Desktop/Final_Semester/data-engineering-final-semester-portfolio/airflow/dags/first_dag.py
[2024-07-15T12:03:59.134+0100] {processor.py:183} INFO - Processing /mnt/c/Users/Victor/Desktop/Final_Semester/data-engineering-final-semester-portfolio/airflow/dags/first_dag.py took 0.416 seconds
[2024-07-15T12:04:16.020+0100] {processor.py:161} INFO - Started process (PID=58915) to work on /mnt/c/Users/Victor/Desktop/Final_Semester/data-engineering-final-semester-portfolio/airflow/dags/first_dag.py
[2024-07-15T12:04:16.024+0100] {processor.py:830} INFO - Processing file /mnt/c/Users/Victor/Desktop/Final_Semester/data-engineering-final-semester-portfolio/airflow/dags/first_dag.py for tasks to queue
[2024-07-15T12:04:16.030+0100] {logging_mixin.py:188} INFO - [2024-07-15T12:04:16.028+0100] {dagbag.py:545} INFO - Filling up the DagBag from /mnt/c/Users/Victor/Desktop/Final_Semester/data-engineering-final-semester-portfolio/airflow/dags/first_dag.py
[2024-07-15T12:04:16.180+0100] {logging_mixin.py:188} INFO - [2024-07-15T12:04:16.160+0100] {dagbag.py:355} ERROR - Failed to import: /mnt/c/Users/Victor/Desktop/Final_Semester/data-engineering-final-semester-portfolio/airflow/dags/first_dag.py
Traceback (most recent call last):
  File "/home/victor/airflow_env/lib/python3.10/site-packages/airflow/models/dagbag.py", line 351, in parse
    loader.exec_module(new_module)
  File "<frozen importlib._bootstrap_external>", line 883, in exec_module
  File "<frozen importlib._bootstrap>", line 241, in _call_with_frames_removed
  File "/mnt/c/Users/Victor/Desktop/Final_Semester/data-engineering-final-semester-portfolio/airflow/dags/first_dag.py", line 16, in <module>
    with DAG(
  File "/home/victor/airflow_env/lib/python3.10/site-packages/airflow/models/dag.py", line 580, in __init__
    raise ValueError("DAG is missing the start_date parameter")
ValueError: DAG is missing the start_date parameter
[2024-07-15T12:04:16.187+0100] {processor.py:842} WARNING - No viable dags retrieved from /mnt/c/Users/Victor/Desktop/Final_Semester/data-engineering-final-semester-portfolio/airflow/dags/first_dag.py
[2024-07-15T12:04:16.692+0100] {processor.py:183} INFO - Processing /mnt/c/Users/Victor/Desktop/Final_Semester/data-engineering-final-semester-portfolio/airflow/dags/first_dag.py took 0.708 seconds
[2024-07-15T12:04:21.083+0100] {processor.py:161} INFO - Started process (PID=58938) to work on /mnt/c/Users/Victor/Desktop/Final_Semester/data-engineering-final-semester-portfolio/airflow/dags/first_dag.py
[2024-07-15T12:04:21.107+0100] {processor.py:830} INFO - Processing file /mnt/c/Users/Victor/Desktop/Final_Semester/data-engineering-final-semester-portfolio/airflow/dags/first_dag.py for tasks to queue
[2024-07-15T12:04:21.116+0100] {logging_mixin.py:188} INFO - [2024-07-15T12:04:21.115+0100] {dagbag.py:545} INFO - Filling up the DagBag from /mnt/c/Users/Victor/Desktop/Final_Semester/data-engineering-final-semester-portfolio/airflow/dags/first_dag.py
[2024-07-15T12:04:21.356+0100] {logging_mixin.py:188} INFO - [2024-07-15T12:04:21.338+0100] {dagbag.py:355} ERROR - Failed to import: /mnt/c/Users/Victor/Desktop/Final_Semester/data-engineering-final-semester-portfolio/airflow/dags/first_dag.py
Traceback (most recent call last):
  File "/home/victor/airflow_env/lib/python3.10/site-packages/airflow/models/dagbag.py", line 351, in parse
    loader.exec_module(new_module)
  File "<frozen importlib._bootstrap_external>", line 883, in exec_module
  File "<frozen importlib._bootstrap>", line 241, in _call_with_frames_removed
  File "/mnt/c/Users/Victor/Desktop/Final_Semester/data-engineering-final-semester-portfolio/airflow/dags/first_dag.py", line 16, in <module>
    with DAG(
  File "/home/victor/airflow_env/lib/python3.10/site-packages/airflow/models/dag.py", line 580, in __init__
    raise ValueError("DAG is missing the start_date parameter")
ValueError: DAG is missing the start_date parameter
[2024-07-15T12:04:21.385+0100] {processor.py:842} WARNING - No viable dags retrieved from /mnt/c/Users/Victor/Desktop/Final_Semester/data-engineering-final-semester-portfolio/airflow/dags/first_dag.py
[2024-07-15T12:04:21.958+0100] {processor.py:183} INFO - Processing /mnt/c/Users/Victor/Desktop/Final_Semester/data-engineering-final-semester-portfolio/airflow/dags/first_dag.py took 0.999 seconds
[2024-07-15T12:04:24.198+0100] {processor.py:161} INFO - Started process (PID=58954) to work on /mnt/c/Users/Victor/Desktop/Final_Semester/data-engineering-final-semester-portfolio/airflow/dags/first_dag.py
[2024-07-15T12:04:24.212+0100] {processor.py:830} INFO - Processing file /mnt/c/Users/Victor/Desktop/Final_Semester/data-engineering-final-semester-portfolio/airflow/dags/first_dag.py for tasks to queue
[2024-07-15T12:04:24.222+0100] {logging_mixin.py:188} INFO - [2024-07-15T12:04:24.221+0100] {dagbag.py:545} INFO - Filling up the DagBag from /mnt/c/Users/Victor/Desktop/Final_Semester/data-engineering-final-semester-portfolio/airflow/dags/first_dag.py
[2024-07-15T12:04:24.374+0100] {logging_mixin.py:188} INFO - [2024-07-15T12:04:24.347+0100] {dagbag.py:355} ERROR - Failed to import: /mnt/c/Users/Victor/Desktop/Final_Semester/data-engineering-final-semester-portfolio/airflow/dags/first_dag.py
Traceback (most recent call last):
  File "/home/victor/airflow_env/lib/python3.10/site-packages/airflow/models/dagbag.py", line 351, in parse
    loader.exec_module(new_module)
  File "<frozen importlib._bootstrap_external>", line 883, in exec_module
  File "<frozen importlib._bootstrap>", line 241, in _call_with_frames_removed
  File "/mnt/c/Users/Victor/Desktop/Final_Semester/data-engineering-final-semester-portfolio/airflow/dags/first_dag.py", line 16, in <module>
    with DAG(
  File "/home/victor/airflow_env/lib/python3.10/site-packages/airflow/models/dag.py", line 580, in __init__
    raise ValueError("DAG is missing the start_date parameter")
ValueError: DAG is missing the start_date parameter
[2024-07-15T12:04:24.386+0100] {processor.py:842} WARNING - No viable dags retrieved from /mnt/c/Users/Victor/Desktop/Final_Semester/data-engineering-final-semester-portfolio/airflow/dags/first_dag.py
[2024-07-15T12:04:24.801+0100] {processor.py:183} INFO - Processing /mnt/c/Users/Victor/Desktop/Final_Semester/data-engineering-final-semester-portfolio/airflow/dags/first_dag.py took 0.674 seconds
[2024-07-15T12:04:26.811+0100] {processor.py:161} INFO - Started process (PID=58968) to work on /mnt/c/Users/Victor/Desktop/Final_Semester/data-engineering-final-semester-portfolio/airflow/dags/first_dag.py
[2024-07-15T12:04:26.821+0100] {processor.py:830} INFO - Processing file /mnt/c/Users/Victor/Desktop/Final_Semester/data-engineering-final-semester-portfolio/airflow/dags/first_dag.py for tasks to queue
[2024-07-15T12:04:26.831+0100] {logging_mixin.py:188} INFO - [2024-07-15T12:04:26.829+0100] {dagbag.py:545} INFO - Filling up the DagBag from /mnt/c/Users/Victor/Desktop/Final_Semester/data-engineering-final-semester-portfolio/airflow/dags/first_dag.py
[2024-07-15T12:04:27.093+0100] {logging_mixin.py:188} INFO - [2024-07-15T12:04:27.041+0100] {dagbag.py:355} ERROR - Failed to import: /mnt/c/Users/Victor/Desktop/Final_Semester/data-engineering-final-semester-portfolio/airflow/dags/first_dag.py
Traceback (most recent call last):
  File "/home/victor/airflow_env/lib/python3.10/site-packages/airflow/models/dagbag.py", line 351, in parse
    loader.exec_module(new_module)
  File "<frozen importlib._bootstrap_external>", line 883, in exec_module
  File "<frozen importlib._bootstrap>", line 241, in _call_with_frames_removed
  File "/mnt/c/Users/Victor/Desktop/Final_Semester/data-engineering-final-semester-portfolio/airflow/dags/first_dag.py", line 16, in <module>
    with DAG(
  File "/home/victor/airflow_env/lib/python3.10/site-packages/airflow/models/dag.py", line 580, in __init__
    raise ValueError("DAG is missing the start_date parameter")
ValueError: DAG is missing the start_date parameter
[2024-07-15T12:04:27.115+0100] {processor.py:842} WARNING - No viable dags retrieved from /mnt/c/Users/Victor/Desktop/Final_Semester/data-engineering-final-semester-portfolio/airflow/dags/first_dag.py
[2024-07-15T12:04:27.736+0100] {processor.py:183} INFO - Processing /mnt/c/Users/Victor/Desktop/Final_Semester/data-engineering-final-semester-portfolio/airflow/dags/first_dag.py took 1.027 seconds
[2024-07-15T12:04:33.299+0100] {processor.py:161} INFO - Started process (PID=59002) to work on /mnt/c/Users/Victor/Desktop/Final_Semester/data-engineering-final-semester-portfolio/airflow/dags/first_dag.py
[2024-07-15T12:04:33.319+0100] {processor.py:830} INFO - Processing file /mnt/c/Users/Victor/Desktop/Final_Semester/data-engineering-final-semester-portfolio/airflow/dags/first_dag.py for tasks to queue
[2024-07-15T12:04:33.338+0100] {logging_mixin.py:188} INFO - [2024-07-15T12:04:33.335+0100] {dagbag.py:545} INFO - Filling up the DagBag from /mnt/c/Users/Victor/Desktop/Final_Semester/data-engineering-final-semester-portfolio/airflow/dags/first_dag.py
[2024-07-15T12:04:33.579+0100] {logging_mixin.py:188} INFO - [2024-07-15T12:04:33.550+0100] {dagbag.py:355} ERROR - Failed to import: /mnt/c/Users/Victor/Desktop/Final_Semester/data-engineering-final-semester-portfolio/airflow/dags/first_dag.py
Traceback (most recent call last):
  File "/home/victor/airflow_env/lib/python3.10/site-packages/airflow/models/dagbag.py", line 351, in parse
    loader.exec_module(new_module)
  File "<frozen importlib._bootstrap_external>", line 883, in exec_module
  File "<frozen importlib._bootstrap>", line 241, in _call_with_frames_removed
  File "/mnt/c/Users/Victor/Desktop/Final_Semester/data-engineering-final-semester-portfolio/airflow/dags/first_dag.py", line 16, in <module>
    with DAG(
  File "/home/victor/airflow_env/lib/python3.10/site-packages/airflow/models/dag.py", line 580, in __init__
    raise ValueError("DAG is missing the start_date parameter")
ValueError: DAG is missing the start_date parameter
[2024-07-15T12:04:33.591+0100] {processor.py:842} WARNING - No viable dags retrieved from /mnt/c/Users/Victor/Desktop/Final_Semester/data-engineering-final-semester-portfolio/airflow/dags/first_dag.py
[2024-07-15T12:04:34.275+0100] {processor.py:183} INFO - Processing /mnt/c/Users/Victor/Desktop/Final_Semester/data-engineering-final-semester-portfolio/airflow/dags/first_dag.py took 1.091 seconds
[2024-07-15T12:04:37.555+0100] {processor.py:161} INFO - Started process (PID=59021) to work on /mnt/c/Users/Victor/Desktop/Final_Semester/data-engineering-final-semester-portfolio/airflow/dags/first_dag.py
[2024-07-15T12:04:37.569+0100] {processor.py:830} INFO - Processing file /mnt/c/Users/Victor/Desktop/Final_Semester/data-engineering-final-semester-portfolio/airflow/dags/first_dag.py for tasks to queue
[2024-07-15T12:04:37.574+0100] {logging_mixin.py:188} INFO - [2024-07-15T12:04:37.572+0100] {dagbag.py:545} INFO - Filling up the DagBag from /mnt/c/Users/Victor/Desktop/Final_Semester/data-engineering-final-semester-portfolio/airflow/dags/first_dag.py
[2024-07-15T12:04:37.776+0100] {logging_mixin.py:188} INFO - [2024-07-15T12:04:37.743+0100] {dagbag.py:355} ERROR - Failed to import: /mnt/c/Users/Victor/Desktop/Final_Semester/data-engineering-final-semester-portfolio/airflow/dags/first_dag.py
Traceback (most recent call last):
  File "/home/victor/airflow_env/lib/python3.10/site-packages/airflow/models/dagbag.py", line 351, in parse
    loader.exec_module(new_module)
  File "<frozen importlib._bootstrap_external>", line 883, in exec_module
  File "<frozen importlib._bootstrap>", line 241, in _call_with_frames_removed
  File "/mnt/c/Users/Victor/Desktop/Final_Semester/data-engineering-final-semester-portfolio/airflow/dags/first_dag.py", line 16, in <module>
    with DAG(
  File "/home/victor/airflow_env/lib/python3.10/site-packages/airflow/models/dag.py", line 580, in __init__
    raise ValueError("DAG is missing the start_date parameter")
ValueError: DAG is missing the start_date parameter
[2024-07-15T12:04:37.787+0100] {processor.py:842} WARNING - No viable dags retrieved from /mnt/c/Users/Victor/Desktop/Final_Semester/data-engineering-final-semester-portfolio/airflow/dags/first_dag.py
[2024-07-15T12:04:38.354+0100] {processor.py:183} INFO - Processing /mnt/c/Users/Victor/Desktop/Final_Semester/data-engineering-final-semester-portfolio/airflow/dags/first_dag.py took 0.924 seconds
[2024-07-15T12:04:43.003+0100] {processor.py:161} INFO - Started process (PID=59048) to work on /mnt/c/Users/Victor/Desktop/Final_Semester/data-engineering-final-semester-portfolio/airflow/dags/first_dag.py
[2024-07-15T12:04:43.021+0100] {processor.py:830} INFO - Processing file /mnt/c/Users/Victor/Desktop/Final_Semester/data-engineering-final-semester-portfolio/airflow/dags/first_dag.py for tasks to queue
[2024-07-15T12:04:43.039+0100] {logging_mixin.py:188} INFO - [2024-07-15T12:04:43.038+0100] {dagbag.py:545} INFO - Filling up the DagBag from /mnt/c/Users/Victor/Desktop/Final_Semester/data-engineering-final-semester-portfolio/airflow/dags/first_dag.py
[2024-07-15T12:04:43.456+0100] {logging_mixin.py:188} INFO - [2024-07-15T12:04:43.421+0100] {dagbag.py:355} ERROR - Failed to import: /mnt/c/Users/Victor/Desktop/Final_Semester/data-engineering-final-semester-portfolio/airflow/dags/first_dag.py
Traceback (most recent call last):
  File "/home/victor/airflow_env/lib/python3.10/site-packages/airflow/models/dagbag.py", line 351, in parse
    loader.exec_module(new_module)
  File "<frozen importlib._bootstrap_external>", line 883, in exec_module
  File "<frozen importlib._bootstrap>", line 241, in _call_with_frames_removed
  File "/mnt/c/Users/Victor/Desktop/Final_Semester/data-engineering-final-semester-portfolio/airflow/dags/first_dag.py", line 16, in <module>
    with DAG(
  File "/home/victor/airflow_env/lib/python3.10/site-packages/airflow/models/dag.py", line 580, in __init__
    raise ValueError("DAG is missing the start_date parameter")
ValueError: DAG is missing the start_date parameter
[2024-07-15T12:04:43.482+0100] {processor.py:842} WARNING - No viable dags retrieved from /mnt/c/Users/Victor/Desktop/Final_Semester/data-engineering-final-semester-portfolio/airflow/dags/first_dag.py
[2024-07-15T12:04:43.886+0100] {processor.py:183} INFO - Processing /mnt/c/Users/Victor/Desktop/Final_Semester/data-engineering-final-semester-portfolio/airflow/dags/first_dag.py took 1.218 seconds
[2024-07-15T12:04:46.398+0100] {processor.py:161} INFO - Started process (PID=59063) to work on /mnt/c/Users/Victor/Desktop/Final_Semester/data-engineering-final-semester-portfolio/airflow/dags/first_dag.py
[2024-07-15T12:04:46.402+0100] {processor.py:830} INFO - Processing file /mnt/c/Users/Victor/Desktop/Final_Semester/data-engineering-final-semester-portfolio/airflow/dags/first_dag.py for tasks to queue
[2024-07-15T12:04:46.407+0100] {logging_mixin.py:188} INFO - [2024-07-15T12:04:46.406+0100] {dagbag.py:545} INFO - Filling up the DagBag from /mnt/c/Users/Victor/Desktop/Final_Semester/data-engineering-final-semester-portfolio/airflow/dags/first_dag.py
[2024-07-15T12:04:46.709+0100] {logging_mixin.py:188} INFO - [2024-07-15T12:04:46.608+0100] {dagbag.py:355} ERROR - Failed to import: /mnt/c/Users/Victor/Desktop/Final_Semester/data-engineering-final-semester-portfolio/airflow/dags/first_dag.py
Traceback (most recent call last):
  File "/home/victor/airflow_env/lib/python3.10/site-packages/airflow/models/dagbag.py", line 351, in parse
    loader.exec_module(new_module)
  File "<frozen importlib._bootstrap_external>", line 883, in exec_module
  File "<frozen importlib._bootstrap>", line 241, in _call_with_frames_removed
  File "/mnt/c/Users/Victor/Desktop/Final_Semester/data-engineering-final-semester-portfolio/airflow/dags/first_dag.py", line 16, in <module>
    with DAG(
  File "/home/victor/airflow_env/lib/python3.10/site-packages/airflow/models/dag.py", line 580, in __init__
    raise ValueError("DAG is missing the start_date parameter")
ValueError: DAG is missing the start_date parameter
[2024-07-15T12:04:46.724+0100] {processor.py:842} WARNING - No viable dags retrieved from /mnt/c/Users/Victor/Desktop/Final_Semester/data-engineering-final-semester-portfolio/airflow/dags/first_dag.py
[2024-07-15T12:04:47.065+0100] {processor.py:183} INFO - Processing /mnt/c/Users/Victor/Desktop/Final_Semester/data-engineering-final-semester-portfolio/airflow/dags/first_dag.py took 0.713 seconds
[2024-07-15T12:04:50.603+0100] {processor.py:161} INFO - Started process (PID=59084) to work on /mnt/c/Users/Victor/Desktop/Final_Semester/data-engineering-final-semester-portfolio/airflow/dags/first_dag.py
[2024-07-15T12:04:50.617+0100] {processor.py:830} INFO - Processing file /mnt/c/Users/Victor/Desktop/Final_Semester/data-engineering-final-semester-portfolio/airflow/dags/first_dag.py for tasks to queue
[2024-07-15T12:04:50.622+0100] {logging_mixin.py:188} INFO - [2024-07-15T12:04:50.620+0100] {dagbag.py:545} INFO - Filling up the DagBag from /mnt/c/Users/Victor/Desktop/Final_Semester/data-engineering-final-semester-portfolio/airflow/dags/first_dag.py
[2024-07-15T12:04:50.797+0100] {logging_mixin.py:188} INFO - [2024-07-15T12:04:50.775+0100] {dagbag.py:355} ERROR - Failed to import: /mnt/c/Users/Victor/Desktop/Final_Semester/data-engineering-final-semester-portfolio/airflow/dags/first_dag.py
Traceback (most recent call last):
  File "/home/victor/airflow_env/lib/python3.10/site-packages/airflow/models/dagbag.py", line 351, in parse
    loader.exec_module(new_module)
  File "<frozen importlib._bootstrap_external>", line 883, in exec_module
  File "<frozen importlib._bootstrap>", line 241, in _call_with_frames_removed
  File "/mnt/c/Users/Victor/Desktop/Final_Semester/data-engineering-final-semester-portfolio/airflow/dags/first_dag.py", line 16, in <module>
    with DAG(
  File "/home/victor/airflow_env/lib/python3.10/site-packages/airflow/models/dag.py", line 580, in __init__
    raise ValueError("DAG is missing the start_date parameter")
ValueError: DAG is missing the start_date parameter
[2024-07-15T12:04:50.805+0100] {processor.py:842} WARNING - No viable dags retrieved from /mnt/c/Users/Victor/Desktop/Final_Semester/data-engineering-final-semester-portfolio/airflow/dags/first_dag.py
[2024-07-15T12:04:51.223+0100] {processor.py:183} INFO - Processing /mnt/c/Users/Victor/Desktop/Final_Semester/data-engineering-final-semester-portfolio/airflow/dags/first_dag.py took 0.671 seconds
[2024-07-15T12:04:57.937+0100] {processor.py:161} INFO - Started process (PID=59121) to work on /mnt/c/Users/Victor/Desktop/Final_Semester/data-engineering-final-semester-portfolio/airflow/dags/first_dag.py
[2024-07-15T12:04:57.952+0100] {processor.py:830} INFO - Processing file /mnt/c/Users/Victor/Desktop/Final_Semester/data-engineering-final-semester-portfolio/airflow/dags/first_dag.py for tasks to queue
[2024-07-15T12:04:57.969+0100] {logging_mixin.py:188} INFO - [2024-07-15T12:04:57.955+0100] {dagbag.py:545} INFO - Filling up the DagBag from /mnt/c/Users/Victor/Desktop/Final_Semester/data-engineering-final-semester-portfolio/airflow/dags/first_dag.py
[2024-07-15T12:04:58.062+0100] {logging_mixin.py:188} INFO - [2024-07-15T12:04:58.059+0100] {dagbag.py:355} ERROR - Failed to import: /mnt/c/Users/Victor/Desktop/Final_Semester/data-engineering-final-semester-portfolio/airflow/dags/first_dag.py
Traceback (most recent call last):
  File "/home/victor/airflow_env/lib/python3.10/site-packages/airflow/models/dagbag.py", line 351, in parse
    loader.exec_module(new_module)
  File "<frozen importlib._bootstrap_external>", line 879, in exec_module
  File "<frozen importlib._bootstrap_external>", line 1017, in get_code
  File "<frozen importlib._bootstrap_external>", line 947, in source_to_code
  File "<frozen importlib._bootstrap>", line 241, in _call_with_frames_removed
  File "/mnt/c/Users/Victor/Desktop/Final_Semester/data-engineering-final-semester-portfolio/airflow/dags/first_dag.py", line 30
    )
    ^
SyntaxError: positional argument follows keyword argument
[2024-07-15T12:04:58.067+0100] {processor.py:842} WARNING - No viable dags retrieved from /mnt/c/Users/Victor/Desktop/Final_Semester/data-engineering-final-semester-portfolio/airflow/dags/first_dag.py
[2024-07-15T12:04:58.620+0100] {processor.py:183} INFO - Processing /mnt/c/Users/Victor/Desktop/Final_Semester/data-engineering-final-semester-portfolio/airflow/dags/first_dag.py took 0.784 seconds
[2024-07-15T12:05:05.743+0100] {processor.py:161} INFO - Started process (PID=59158) to work on /mnt/c/Users/Victor/Desktop/Final_Semester/data-engineering-final-semester-portfolio/airflow/dags/first_dag.py
[2024-07-15T12:05:05.769+0100] {processor.py:830} INFO - Processing file /mnt/c/Users/Victor/Desktop/Final_Semester/data-engineering-final-semester-portfolio/airflow/dags/first_dag.py for tasks to queue
[2024-07-15T12:05:05.773+0100] {logging_mixin.py:188} INFO - [2024-07-15T12:05:05.772+0100] {dagbag.py:545} INFO - Filling up the DagBag from /mnt/c/Users/Victor/Desktop/Final_Semester/data-engineering-final-semester-portfolio/airflow/dags/first_dag.py
[2024-07-15T12:05:05.917+0100] {logging_mixin.py:188} INFO - [2024-07-15T12:05:05.896+0100] {dagbag.py:355} ERROR - Failed to import: /mnt/c/Users/Victor/Desktop/Final_Semester/data-engineering-final-semester-portfolio/airflow/dags/first_dag.py
Traceback (most recent call last):
  File "/home/victor/airflow_env/lib/python3.10/site-packages/airflow/models/dagbag.py", line 351, in parse
    loader.exec_module(new_module)
  File "<frozen importlib._bootstrap_external>", line 883, in exec_module
  File "<frozen importlib._bootstrap>", line 241, in _call_with_frames_removed
  File "/mnt/c/Users/Victor/Desktop/Final_Semester/data-engineering-final-semester-portfolio/airflow/dags/first_dag.py", line 16, in <module>
    with DAG(
  File "/home/victor/airflow_env/lib/python3.10/site-packages/airflow/models/dag.py", line 580, in __init__
    raise ValueError("DAG is missing the start_date parameter")
ValueError: DAG is missing the start_date parameter
[2024-07-15T12:05:05.924+0100] {processor.py:842} WARNING - No viable dags retrieved from /mnt/c/Users/Victor/Desktop/Final_Semester/data-engineering-final-semester-portfolio/airflow/dags/first_dag.py
[2024-07-15T12:05:06.330+0100] {processor.py:183} INFO - Processing /mnt/c/Users/Victor/Desktop/Final_Semester/data-engineering-final-semester-portfolio/airflow/dags/first_dag.py took 0.683 seconds
[2024-07-15T12:05:23.837+0100] {processor.py:161} INFO - Started process (PID=59246) to work on /mnt/c/Users/Victor/Desktop/Final_Semester/data-engineering-final-semester-portfolio/airflow/dags/first_dag.py
[2024-07-15T12:05:23.843+0100] {processor.py:830} INFO - Processing file /mnt/c/Users/Victor/Desktop/Final_Semester/data-engineering-final-semester-portfolio/airflow/dags/first_dag.py for tasks to queue
[2024-07-15T12:05:23.852+0100] {logging_mixin.py:188} INFO - [2024-07-15T12:05:23.850+0100] {dagbag.py:545} INFO - Filling up the DagBag from /mnt/c/Users/Victor/Desktop/Final_Semester/data-engineering-final-semester-portfolio/airflow/dags/first_dag.py
[2024-07-15T12:05:24.194+0100] {logging_mixin.py:188} INFO - [2024-07-15T12:05:24.153+0100] {dagbag.py:355} ERROR - Failed to import: /mnt/c/Users/Victor/Desktop/Final_Semester/data-engineering-final-semester-portfolio/airflow/dags/first_dag.py
Traceback (most recent call last):
  File "/home/victor/airflow_env/lib/python3.10/site-packages/airflow/models/dagbag.py", line 351, in parse
    loader.exec_module(new_module)
  File "<frozen importlib._bootstrap_external>", line 883, in exec_module
  File "<frozen importlib._bootstrap>", line 241, in _call_with_frames_removed
  File "/mnt/c/Users/Victor/Desktop/Final_Semester/data-engineering-final-semester-portfolio/airflow/dags/first_dag.py", line 16, in <module>
    with DAG(
  File "/home/victor/airflow_env/lib/python3.10/site-packages/airflow/models/dag.py", line 580, in __init__
    raise ValueError("DAG is missing the start_date parameter")
ValueError: DAG is missing the start_date parameter
[2024-07-15T12:05:24.217+0100] {processor.py:842} WARNING - No viable dags retrieved from /mnt/c/Users/Victor/Desktop/Final_Semester/data-engineering-final-semester-portfolio/airflow/dags/first_dag.py
[2024-07-15T12:05:25.465+0100] {processor.py:183} INFO - Processing /mnt/c/Users/Victor/Desktop/Final_Semester/data-engineering-final-semester-portfolio/airflow/dags/first_dag.py took 1.685 seconds
[2024-07-15T12:05:36.967+0100] {processor.py:161} INFO - Started process (PID=59305) to work on /mnt/c/Users/Victor/Desktop/Final_Semester/data-engineering-final-semester-portfolio/airflow/dags/first_dag.py
[2024-07-15T12:05:36.993+0100] {processor.py:830} INFO - Processing file /mnt/c/Users/Victor/Desktop/Final_Semester/data-engineering-final-semester-portfolio/airflow/dags/first_dag.py for tasks to queue
[2024-07-15T12:05:37.033+0100] {logging_mixin.py:188} INFO - [2024-07-15T12:05:37.016+0100] {dagbag.py:545} INFO - Filling up the DagBag from /mnt/c/Users/Victor/Desktop/Final_Semester/data-engineering-final-semester-portfolio/airflow/dags/first_dag.py
[2024-07-15T12:05:37.193+0100] {logging_mixin.py:188} INFO - [2024-07-15T12:05:37.190+0100] {dagbag.py:355} ERROR - Failed to import: /mnt/c/Users/Victor/Desktop/Final_Semester/data-engineering-final-semester-portfolio/airflow/dags/first_dag.py
Traceback (most recent call last):
  File "/home/victor/airflow_env/lib/python3.10/site-packages/airflow/models/dagbag.py", line 351, in parse
    loader.exec_module(new_module)
  File "<frozen importlib._bootstrap_external>", line 879, in exec_module
  File "<frozen importlib._bootstrap_external>", line 1017, in get_code
  File "<frozen importlib._bootstrap_external>", line 947, in source_to_code
  File "<frozen importlib._bootstrap>", line 241, in _call_with_frames_removed
  File "/mnt/c/Users/Victor/Desktop/Final_Semester/data-engineering-final-semester-portfolio/airflow/dags/first_dag.py", line 31
    )
    ^
SyntaxError: invalid syntax
[2024-07-15T12:05:37.195+0100] {processor.py:842} WARNING - No viable dags retrieved from /mnt/c/Users/Victor/Desktop/Final_Semester/data-engineering-final-semester-portfolio/airflow/dags/first_dag.py
[2024-07-15T12:05:37.795+0100] {processor.py:183} INFO - Processing /mnt/c/Users/Victor/Desktop/Final_Semester/data-engineering-final-semester-portfolio/airflow/dags/first_dag.py took 1.093 seconds
[2024-07-15T12:05:40.029+0100] {processor.py:161} INFO - Started process (PID=59327) to work on /mnt/c/Users/Victor/Desktop/Final_Semester/data-engineering-final-semester-portfolio/airflow/dags/first_dag.py
[2024-07-15T12:05:40.034+0100] {processor.py:830} INFO - Processing file /mnt/c/Users/Victor/Desktop/Final_Semester/data-engineering-final-semester-portfolio/airflow/dags/first_dag.py for tasks to queue
[2024-07-15T12:05:40.038+0100] {logging_mixin.py:188} INFO - [2024-07-15T12:05:40.036+0100] {dagbag.py:545} INFO - Filling up the DagBag from /mnt/c/Users/Victor/Desktop/Final_Semester/data-engineering-final-semester-portfolio/airflow/dags/first_dag.py
[2024-07-15T12:05:40.569+0100] {logging_mixin.py:188} INFO - [2024-07-15T12:05:40.527+0100] {dagbag.py:355} ERROR - Failed to import: /mnt/c/Users/Victor/Desktop/Final_Semester/data-engineering-final-semester-portfolio/airflow/dags/first_dag.py
Traceback (most recent call last):
  File "/home/victor/airflow_env/lib/python3.10/site-packages/airflow/models/dagbag.py", line 351, in parse
    loader.exec_module(new_module)
  File "<frozen importlib._bootstrap_external>", line 883, in exec_module
  File "<frozen importlib._bootstrap>", line 241, in _call_with_frames_removed
  File "/mnt/c/Users/Victor/Desktop/Final_Semester/data-engineering-final-semester-portfolio/airflow/dags/first_dag.py", line 16, in <module>
    with DAG(
  File "/home/victor/airflow_env/lib/python3.10/site-packages/airflow/models/dag.py", line 580, in __init__
    raise ValueError("DAG is missing the start_date parameter")
ValueError: DAG is missing the start_date parameter
[2024-07-15T12:05:40.583+0100] {processor.py:842} WARNING - No viable dags retrieved from /mnt/c/Users/Victor/Desktop/Final_Semester/data-engineering-final-semester-portfolio/airflow/dags/first_dag.py
[2024-07-15T12:05:41.003+0100] {processor.py:183} INFO - Processing /mnt/c/Users/Victor/Desktop/Final_Semester/data-engineering-final-semester-portfolio/airflow/dags/first_dag.py took 1.013 seconds
[2024-07-15T12:05:51.081+0100] {processor.py:161} INFO - Started process (PID=59379) to work on /mnt/c/Users/Victor/Desktop/Final_Semester/data-engineering-final-semester-portfolio/airflow/dags/first_dag.py
[2024-07-15T12:05:51.089+0100] {processor.py:830} INFO - Processing file /mnt/c/Users/Victor/Desktop/Final_Semester/data-engineering-final-semester-portfolio/airflow/dags/first_dag.py for tasks to queue
[2024-07-15T12:05:51.093+0100] {logging_mixin.py:188} INFO - [2024-07-15T12:05:51.092+0100] {dagbag.py:545} INFO - Filling up the DagBag from /mnt/c/Users/Victor/Desktop/Final_Semester/data-engineering-final-semester-portfolio/airflow/dags/first_dag.py
[2024-07-15T12:05:51.218+0100] {logging_mixin.py:188} INFO - [2024-07-15T12:05:51.201+0100] {dagbag.py:355} ERROR - Failed to import: /mnt/c/Users/Victor/Desktop/Final_Semester/data-engineering-final-semester-portfolio/airflow/dags/first_dag.py
Traceback (most recent call last):
  File "/home/victor/airflow_env/lib/python3.10/site-packages/airflow/models/dagbag.py", line 351, in parse
    loader.exec_module(new_module)
  File "<frozen importlib._bootstrap_external>", line 883, in exec_module
  File "<frozen importlib._bootstrap>", line 241, in _call_with_frames_removed
  File "/mnt/c/Users/Victor/Desktop/Final_Semester/data-engineering-final-semester-portfolio/airflow/dags/first_dag.py", line 16, in <module>
    with DAG(
  File "/home/victor/airflow_env/lib/python3.10/site-packages/airflow/models/dag.py", line 580, in __init__
    raise ValueError("DAG is missing the start_date parameter")
ValueError: DAG is missing the start_date parameter
[2024-07-15T12:05:51.225+0100] {processor.py:842} WARNING - No viable dags retrieved from /mnt/c/Users/Victor/Desktop/Final_Semester/data-engineering-final-semester-portfolio/airflow/dags/first_dag.py
[2024-07-15T12:05:51.607+0100] {processor.py:183} INFO - Processing /mnt/c/Users/Victor/Desktop/Final_Semester/data-engineering-final-semester-portfolio/airflow/dags/first_dag.py took 0.583 seconds
[2024-07-15T12:05:57.778+0100] {processor.py:161} INFO - Started process (PID=59415) to work on /mnt/c/Users/Victor/Desktop/Final_Semester/data-engineering-final-semester-portfolio/airflow/dags/first_dag.py
[2024-07-15T12:05:57.785+0100] {processor.py:830} INFO - Processing file /mnt/c/Users/Victor/Desktop/Final_Semester/data-engineering-final-semester-portfolio/airflow/dags/first_dag.py for tasks to queue
[2024-07-15T12:05:57.790+0100] {logging_mixin.py:188} INFO - [2024-07-15T12:05:57.788+0100] {dagbag.py:545} INFO - Filling up the DagBag from /mnt/c/Users/Victor/Desktop/Final_Semester/data-engineering-final-semester-portfolio/airflow/dags/first_dag.py
[2024-07-15T12:05:57.919+0100] {logging_mixin.py:188} INFO - [2024-07-15T12:05:57.895+0100] {dagbag.py:355} ERROR - Failed to import: /mnt/c/Users/Victor/Desktop/Final_Semester/data-engineering-final-semester-portfolio/airflow/dags/first_dag.py
Traceback (most recent call last):
  File "/home/victor/airflow_env/lib/python3.10/site-packages/airflow/models/dagbag.py", line 351, in parse
    loader.exec_module(new_module)
  File "<frozen importlib._bootstrap_external>", line 879, in exec_module
  File "<frozen importlib._bootstrap_external>", line 1017, in get_code
  File "<frozen importlib._bootstrap_external>", line 947, in source_to_code
  File "<frozen importlib._bootstrap>", line 241, in _call_with_frames_removed
  File "/mnt/c/Users/Victor/Desktop/Final_Semester/data-engineering-final-semester-portfolio/airflow/dags/first_dag.py", line 32
    )
    ^
SyntaxError: positional argument follows keyword argument
[2024-07-15T12:05:57.926+0100] {processor.py:842} WARNING - No viable dags retrieved from /mnt/c/Users/Victor/Desktop/Final_Semester/data-engineering-final-semester-portfolio/airflow/dags/first_dag.py
[2024-07-15T12:05:58.255+0100] {processor.py:183} INFO - Processing /mnt/c/Users/Victor/Desktop/Final_Semester/data-engineering-final-semester-portfolio/airflow/dags/first_dag.py took 0.553 seconds
[2024-07-15T12:06:01.031+0100] {processor.py:161} INFO - Started process (PID=59428) to work on /mnt/c/Users/Victor/Desktop/Final_Semester/data-engineering-final-semester-portfolio/airflow/dags/first_dag.py
[2024-07-15T12:06:01.045+0100] {processor.py:830} INFO - Processing file /mnt/c/Users/Victor/Desktop/Final_Semester/data-engineering-final-semester-portfolio/airflow/dags/first_dag.py for tasks to queue
[2024-07-15T12:06:01.064+0100] {logging_mixin.py:188} INFO - [2024-07-15T12:06:01.062+0100] {dagbag.py:545} INFO - Filling up the DagBag from /mnt/c/Users/Victor/Desktop/Final_Semester/data-engineering-final-semester-portfolio/airflow/dags/first_dag.py
[2024-07-15T12:06:01.252+0100] {logging_mixin.py:188} INFO - [2024-07-15T12:06:01.246+0100] {dagbag.py:355} ERROR - Failed to import: /mnt/c/Users/Victor/Desktop/Final_Semester/data-engineering-final-semester-portfolio/airflow/dags/first_dag.py
Traceback (most recent call last):
  File "/home/victor/airflow_env/lib/python3.10/site-packages/airflow/models/dagbag.py", line 351, in parse
    loader.exec_module(new_module)
  File "<frozen importlib._bootstrap_external>", line 879, in exec_module
  File "<frozen importlib._bootstrap_external>", line 1017, in get_code
  File "<frozen importlib._bootstrap_external>", line 947, in source_to_code
  File "<frozen importlib._bootstrap>", line 241, in _call_with_frames_removed
  File "/mnt/c/Users/Victor/Desktop/Final_Semester/data-engineering-final-semester-portfolio/airflow/dags/first_dag.py", line 32
    )
    ^
SyntaxError: positional argument follows keyword argument
[2024-07-15T12:06:01.262+0100] {processor.py:842} WARNING - No viable dags retrieved from /mnt/c/Users/Victor/Desktop/Final_Semester/data-engineering-final-semester-portfolio/airflow/dags/first_dag.py
[2024-07-15T12:06:01.656+0100] {processor.py:183} INFO - Processing /mnt/c/Users/Victor/Desktop/Final_Semester/data-engineering-final-semester-portfolio/airflow/dags/first_dag.py took 0.714 seconds
[2024-07-15T12:06:04.643+0100] {processor.py:161} INFO - Started process (PID=59450) to work on /mnt/c/Users/Victor/Desktop/Final_Semester/data-engineering-final-semester-portfolio/airflow/dags/first_dag.py
[2024-07-15T12:06:04.648+0100] {processor.py:830} INFO - Processing file /mnt/c/Users/Victor/Desktop/Final_Semester/data-engineering-final-semester-portfolio/airflow/dags/first_dag.py for tasks to queue
[2024-07-15T12:06:04.653+0100] {logging_mixin.py:188} INFO - [2024-07-15T12:06:04.652+0100] {dagbag.py:545} INFO - Filling up the DagBag from /mnt/c/Users/Victor/Desktop/Final_Semester/data-engineering-final-semester-portfolio/airflow/dags/first_dag.py
[2024-07-15T12:06:04.751+0100] {logging_mixin.py:188} INFO - [2024-07-15T12:06:04.747+0100] {dagbag.py:355} ERROR - Failed to import: /mnt/c/Users/Victor/Desktop/Final_Semester/data-engineering-final-semester-portfolio/airflow/dags/first_dag.py
Traceback (most recent call last):
  File "/home/victor/airflow_env/lib/python3.10/site-packages/airflow/models/dagbag.py", line 351, in parse
    loader.exec_module(new_module)
  File "<frozen importlib._bootstrap_external>", line 879, in exec_module
  File "<frozen importlib._bootstrap_external>", line 1017, in get_code
  File "<frozen importlib._bootstrap_external>", line 947, in source_to_code
  File "<frozen importlib._bootstrap>", line 241, in _call_with_frames_removed
  File "/mnt/c/Users/Victor/Desktop/Final_Semester/data-engineering-final-semester-portfolio/airflow/dags/first_dag.py", line 32
    )
    ^
SyntaxError: positional argument follows keyword argument
[2024-07-15T12:06:04.754+0100] {processor.py:842} WARNING - No viable dags retrieved from /mnt/c/Users/Victor/Desktop/Final_Semester/data-engineering-final-semester-portfolio/airflow/dags/first_dag.py
[2024-07-15T12:06:05.072+0100] {processor.py:183} INFO - Processing /mnt/c/Users/Victor/Desktop/Final_Semester/data-engineering-final-semester-portfolio/airflow/dags/first_dag.py took 0.484 seconds
[2024-07-15T12:06:13.020+0100] {processor.py:161} INFO - Started process (PID=59494) to work on /mnt/c/Users/Victor/Desktop/Final_Semester/data-engineering-final-semester-portfolio/airflow/dags/first_dag.py
[2024-07-15T12:06:13.031+0100] {processor.py:830} INFO - Processing file /mnt/c/Users/Victor/Desktop/Final_Semester/data-engineering-final-semester-portfolio/airflow/dags/first_dag.py for tasks to queue
[2024-07-15T12:06:13.049+0100] {logging_mixin.py:188} INFO - [2024-07-15T12:06:13.045+0100] {dagbag.py:545} INFO - Filling up the DagBag from /mnt/c/Users/Victor/Desktop/Final_Semester/data-engineering-final-semester-portfolio/airflow/dags/first_dag.py
[2024-07-15T12:06:13.376+0100] {logging_mixin.py:188} INFO - [2024-07-15T12:06:13.342+0100] {dagbag.py:355} ERROR - Failed to import: /mnt/c/Users/Victor/Desktop/Final_Semester/data-engineering-final-semester-portfolio/airflow/dags/first_dag.py
Traceback (most recent call last):
  File "/home/victor/airflow_env/lib/python3.10/site-packages/airflow/models/dagbag.py", line 351, in parse
    loader.exec_module(new_module)
  File "<frozen importlib._bootstrap_external>", line 883, in exec_module
  File "<frozen importlib._bootstrap>", line 241, in _call_with_frames_removed
  File "/mnt/c/Users/Victor/Desktop/Final_Semester/data-engineering-final-semester-portfolio/airflow/dags/first_dag.py", line 16, in <module>
    with DAG(
  File "/home/victor/airflow_env/lib/python3.10/site-packages/airflow/models/dag.py", line 580, in __init__
    raise ValueError("DAG is missing the start_date parameter")
ValueError: DAG is missing the start_date parameter
[2024-07-15T12:06:13.386+0100] {processor.py:842} WARNING - No viable dags retrieved from /mnt/c/Users/Victor/Desktop/Final_Semester/data-engineering-final-semester-portfolio/airflow/dags/first_dag.py
[2024-07-15T12:06:13.810+0100] {processor.py:183} INFO - Processing /mnt/c/Users/Victor/Desktop/Final_Semester/data-engineering-final-semester-portfolio/airflow/dags/first_dag.py took 0.832 seconds
[2024-07-15T12:06:46.035+0100] {processor.py:161} INFO - Started process (PID=59644) to work on /mnt/c/Users/Victor/Desktop/Final_Semester/data-engineering-final-semester-portfolio/airflow/dags/first_dag.py
[2024-07-15T12:06:46.058+0100] {processor.py:830} INFO - Processing file /mnt/c/Users/Victor/Desktop/Final_Semester/data-engineering-final-semester-portfolio/airflow/dags/first_dag.py for tasks to queue
[2024-07-15T12:06:46.067+0100] {logging_mixin.py:188} INFO - [2024-07-15T12:06:46.062+0100] {dagbag.py:545} INFO - Filling up the DagBag from /mnt/c/Users/Victor/Desktop/Final_Semester/data-engineering-final-semester-portfolio/airflow/dags/first_dag.py
[2024-07-15T12:06:46.498+0100] {logging_mixin.py:188} INFO - [2024-07-15T12:06:46.494+0100] {dagbag.py:355} ERROR - Failed to import: /mnt/c/Users/Victor/Desktop/Final_Semester/data-engineering-final-semester-portfolio/airflow/dags/first_dag.py
Traceback (most recent call last):
  File "/home/victor/airflow_env/lib/python3.10/site-packages/airflow/models/dagbag.py", line 351, in parse
    loader.exec_module(new_module)
  File "<frozen importlib._bootstrap_external>", line 879, in exec_module
  File "<frozen importlib._bootstrap_external>", line 1017, in get_code
  File "<frozen importlib._bootstrap_external>", line 947, in source_to_code
  File "<frozen importlib._bootstrap>", line 241, in _call_with_frames_removed
  File "/mnt/c/Users/Victor/Desktop/Final_Semester/data-engineering-final-semester-portfolio/airflow/dags/first_dag.py", line 33
    )
    ^
SyntaxError: positional argument follows keyword argument
[2024-07-15T12:06:46.507+0100] {processor.py:842} WARNING - No viable dags retrieved from /mnt/c/Users/Victor/Desktop/Final_Semester/data-engineering-final-semester-portfolio/airflow/dags/first_dag.py
[2024-07-15T12:06:47.192+0100] {processor.py:183} INFO - Processing /mnt/c/Users/Victor/Desktop/Final_Semester/data-engineering-final-semester-portfolio/airflow/dags/first_dag.py took 1.305 seconds
[2024-07-15T12:06:53.374+0100] {processor.py:161} INFO - Started process (PID=59670) to work on /mnt/c/Users/Victor/Desktop/Final_Semester/data-engineering-final-semester-portfolio/airflow/dags/first_dag.py
[2024-07-15T12:06:53.379+0100] {processor.py:830} INFO - Processing file /mnt/c/Users/Victor/Desktop/Final_Semester/data-engineering-final-semester-portfolio/airflow/dags/first_dag.py for tasks to queue
[2024-07-15T12:06:53.385+0100] {logging_mixin.py:188} INFO - [2024-07-15T12:06:53.383+0100] {dagbag.py:545} INFO - Filling up the DagBag from /mnt/c/Users/Victor/Desktop/Final_Semester/data-engineering-final-semester-portfolio/airflow/dags/first_dag.py
[2024-07-15T12:06:53.537+0100] {logging_mixin.py:188} INFO - [2024-07-15T12:06:53.531+0100] {dagbag.py:355} ERROR - Failed to import: /mnt/c/Users/Victor/Desktop/Final_Semester/data-engineering-final-semester-portfolio/airflow/dags/first_dag.py
Traceback (most recent call last):
  File "/home/victor/airflow_env/lib/python3.10/site-packages/airflow/models/dagbag.py", line 351, in parse
    loader.exec_module(new_module)
  File "<frozen importlib._bootstrap_external>", line 879, in exec_module
  File "<frozen importlib._bootstrap_external>", line 1017, in get_code
  File "<frozen importlib._bootstrap_external>", line 947, in source_to_code
  File "<frozen importlib._bootstrap>", line 241, in _call_with_frames_removed
  File "/mnt/c/Users/Victor/Desktop/Final_Semester/data-engineering-final-semester-portfolio/airflow/dags/first_dag.py", line 33
    )
    ^
SyntaxError: positional argument follows keyword argument
[2024-07-15T12:06:53.555+0100] {processor.py:842} WARNING - No viable dags retrieved from /mnt/c/Users/Victor/Desktop/Final_Semester/data-engineering-final-semester-portfolio/airflow/dags/first_dag.py
[2024-07-15T12:06:54.211+0100] {processor.py:183} INFO - Processing /mnt/c/Users/Victor/Desktop/Final_Semester/data-engineering-final-semester-portfolio/airflow/dags/first_dag.py took 0.933 seconds
[2024-07-15T12:06:57.314+0100] {processor.py:161} INFO - Started process (PID=59694) to work on /mnt/c/Users/Victor/Desktop/Final_Semester/data-engineering-final-semester-portfolio/airflow/dags/first_dag.py
[2024-07-15T12:06:57.505+0100] {processor.py:830} INFO - Processing file /mnt/c/Users/Victor/Desktop/Final_Semester/data-engineering-final-semester-portfolio/airflow/dags/first_dag.py for tasks to queue
[2024-07-15T12:06:57.533+0100] {logging_mixin.py:188} INFO - [2024-07-15T12:06:57.531+0100] {dagbag.py:545} INFO - Filling up the DagBag from /mnt/c/Users/Victor/Desktop/Final_Semester/data-engineering-final-semester-portfolio/airflow/dags/first_dag.py
[2024-07-15T12:06:58.183+0100] {logging_mixin.py:188} INFO - [2024-07-15T12:06:58.132+0100] {dagbag.py:355} ERROR - Failed to import: /mnt/c/Users/Victor/Desktop/Final_Semester/data-engineering-final-semester-portfolio/airflow/dags/first_dag.py
Traceback (most recent call last):
  File "/home/victor/airflow_env/lib/python3.10/site-packages/airflow/models/dagbag.py", line 351, in parse
    loader.exec_module(new_module)
  File "<frozen importlib._bootstrap_external>", line 883, in exec_module
  File "<frozen importlib._bootstrap>", line 241, in _call_with_frames_removed
  File "/mnt/c/Users/Victor/Desktop/Final_Semester/data-engineering-final-semester-portfolio/airflow/dags/first_dag.py", line 16, in <module>
    with DAG(
  File "/home/victor/airflow_env/lib/python3.10/site-packages/airflow/models/dag.py", line 580, in __init__
    raise ValueError("DAG is missing the start_date parameter")
ValueError: DAG is missing the start_date parameter
[2024-07-15T12:06:58.203+0100] {processor.py:842} WARNING - No viable dags retrieved from /mnt/c/Users/Victor/Desktop/Final_Semester/data-engineering-final-semester-portfolio/airflow/dags/first_dag.py
[2024-07-15T12:06:58.686+0100] {processor.py:183} INFO - Processing /mnt/c/Users/Victor/Desktop/Final_Semester/data-engineering-final-semester-portfolio/airflow/dags/first_dag.py took 1.474 seconds
[2024-07-15T12:07:08.966+0100] {processor.py:161} INFO - Started process (PID=59750) to work on /mnt/c/Users/Victor/Desktop/Final_Semester/data-engineering-final-semester-portfolio/airflow/dags/first_dag.py
[2024-07-15T12:07:08.976+0100] {processor.py:830} INFO - Processing file /mnt/c/Users/Victor/Desktop/Final_Semester/data-engineering-final-semester-portfolio/airflow/dags/first_dag.py for tasks to queue
[2024-07-15T12:07:08.980+0100] {logging_mixin.py:188} INFO - [2024-07-15T12:07:08.979+0100] {dagbag.py:545} INFO - Filling up the DagBag from /mnt/c/Users/Victor/Desktop/Final_Semester/data-engineering-final-semester-portfolio/airflow/dags/first_dag.py
[2024-07-15T12:07:09.145+0100] {logging_mixin.py:188} INFO - [2024-07-15T12:07:09.114+0100] {dagbag.py:355} ERROR - Failed to import: /mnt/c/Users/Victor/Desktop/Final_Semester/data-engineering-final-semester-portfolio/airflow/dags/first_dag.py
Traceback (most recent call last):
  File "/home/victor/airflow_env/lib/python3.10/site-packages/airflow/models/dagbag.py", line 351, in parse
    loader.exec_module(new_module)
  File "<frozen importlib._bootstrap_external>", line 883, in exec_module
  File "<frozen importlib._bootstrap>", line 241, in _call_with_frames_removed
  File "/mnt/c/Users/Victor/Desktop/Final_Semester/data-engineering-final-semester-portfolio/airflow/dags/first_dag.py", line 16, in <module>
    with DAG(
  File "/home/victor/airflow_env/lib/python3.10/site-packages/airflow/models/dag.py", line 580, in __init__
    raise ValueError("DAG is missing the start_date parameter")
ValueError: DAG is missing the start_date parameter
[2024-07-15T12:07:09.172+0100] {processor.py:842} WARNING - No viable dags retrieved from /mnt/c/Users/Victor/Desktop/Final_Semester/data-engineering-final-semester-portfolio/airflow/dags/first_dag.py
[2024-07-15T12:07:09.495+0100] {processor.py:183} INFO - Processing /mnt/c/Users/Victor/Desktop/Final_Semester/data-engineering-final-semester-portfolio/airflow/dags/first_dag.py took 0.582 seconds
[2024-07-15T12:07:15.856+0100] {processor.py:161} INFO - Started process (PID=59782) to work on /mnt/c/Users/Victor/Desktop/Final_Semester/data-engineering-final-semester-portfolio/airflow/dags/first_dag.py
[2024-07-15T12:07:15.863+0100] {processor.py:830} INFO - Processing file /mnt/c/Users/Victor/Desktop/Final_Semester/data-engineering-final-semester-portfolio/airflow/dags/first_dag.py for tasks to queue
[2024-07-15T12:07:15.872+0100] {logging_mixin.py:188} INFO - [2024-07-15T12:07:15.866+0100] {dagbag.py:545} INFO - Filling up the DagBag from /mnt/c/Users/Victor/Desktop/Final_Semester/data-engineering-final-semester-portfolio/airflow/dags/first_dag.py
[2024-07-15T12:07:16.076+0100] {logging_mixin.py:188} INFO - [2024-07-15T12:07:16.037+0100] {dagbag.py:355} ERROR - Failed to import: /mnt/c/Users/Victor/Desktop/Final_Semester/data-engineering-final-semester-portfolio/airflow/dags/first_dag.py
Traceback (most recent call last):
  File "/home/victor/airflow_env/lib/python3.10/site-packages/airflow/models/dagbag.py", line 351, in parse
    loader.exec_module(new_module)
  File "<frozen importlib._bootstrap_external>", line 883, in exec_module
  File "<frozen importlib._bootstrap>", line 241, in _call_with_frames_removed
  File "/mnt/c/Users/Victor/Desktop/Final_Semester/data-engineering-final-semester-portfolio/airflow/dags/first_dag.py", line 16, in <module>
    with DAG(
  File "/home/victor/airflow_env/lib/python3.10/site-packages/airflow/models/dag.py", line 580, in __init__
    raise ValueError("DAG is missing the start_date parameter")
ValueError: DAG is missing the start_date parameter
[2024-07-15T12:07:16.089+0100] {processor.py:842} WARNING - No viable dags retrieved from /mnt/c/Users/Victor/Desktop/Final_Semester/data-engineering-final-semester-portfolio/airflow/dags/first_dag.py
[2024-07-15T12:07:16.456+0100] {processor.py:183} INFO - Processing /mnt/c/Users/Victor/Desktop/Final_Semester/data-engineering-final-semester-portfolio/airflow/dags/first_dag.py took 0.848 seconds
[2024-07-15T12:07:47.455+0100] {processor.py:161} INFO - Started process (PID=59955) to work on /mnt/c/Users/Victor/Desktop/Final_Semester/data-engineering-final-semester-portfolio/airflow/dags/first_dag.py
[2024-07-15T12:07:47.460+0100] {processor.py:830} INFO - Processing file /mnt/c/Users/Victor/Desktop/Final_Semester/data-engineering-final-semester-portfolio/airflow/dags/first_dag.py for tasks to queue
[2024-07-15T12:07:47.465+0100] {logging_mixin.py:188} INFO - [2024-07-15T12:07:47.463+0100] {dagbag.py:545} INFO - Filling up the DagBag from /mnt/c/Users/Victor/Desktop/Final_Semester/data-engineering-final-semester-portfolio/airflow/dags/first_dag.py
[2024-07-15T12:07:47.554+0100] {logging_mixin.py:188} INFO - [2024-07-15T12:07:47.524+0100] {dagbag.py:355} ERROR - Failed to import: /mnt/c/Users/Victor/Desktop/Final_Semester/data-engineering-final-semester-portfolio/airflow/dags/first_dag.py
Traceback (most recent call last):
  File "/home/victor/airflow_env/lib/python3.10/site-packages/airflow/models/dagbag.py", line 351, in parse
    loader.exec_module(new_module)
  File "<frozen importlib._bootstrap_external>", line 883, in exec_module
  File "<frozen importlib._bootstrap>", line 241, in _call_with_frames_removed
  File "/mnt/c/Users/Victor/Desktop/Final_Semester/data-engineering-final-semester-portfolio/airflow/dags/first_dag.py", line 16, in <module>
    with DAG(
  File "/home/victor/airflow_env/lib/python3.10/site-packages/airflow/models/dag.py", line 580, in __init__
    raise ValueError("DAG is missing the start_date parameter")
ValueError: DAG is missing the start_date parameter
[2024-07-15T12:07:47.561+0100] {processor.py:842} WARNING - No viable dags retrieved from /mnt/c/Users/Victor/Desktop/Final_Semester/data-engineering-final-semester-portfolio/airflow/dags/first_dag.py
[2024-07-15T12:07:47.837+0100] {processor.py:183} INFO - Processing /mnt/c/Users/Victor/Desktop/Final_Semester/data-engineering-final-semester-portfolio/airflow/dags/first_dag.py took 0.411 seconds
[2024-07-15T12:08:03.432+0100] {processor.py:161} INFO - Started process (PID=60038) to work on /mnt/c/Users/Victor/Desktop/Final_Semester/data-engineering-final-semester-portfolio/airflow/dags/first_dag.py
[2024-07-15T12:08:03.440+0100] {processor.py:830} INFO - Processing file /mnt/c/Users/Victor/Desktop/Final_Semester/data-engineering-final-semester-portfolio/airflow/dags/first_dag.py for tasks to queue
[2024-07-15T12:08:03.447+0100] {logging_mixin.py:188} INFO - [2024-07-15T12:08:03.445+0100] {dagbag.py:545} INFO - Filling up the DagBag from /mnt/c/Users/Victor/Desktop/Final_Semester/data-engineering-final-semester-portfolio/airflow/dags/first_dag.py
[2024-07-15T12:08:03.606+0100] {logging_mixin.py:188} INFO - [2024-07-15T12:08:03.555+0100] {dagbag.py:355} ERROR - Failed to import: /mnt/c/Users/Victor/Desktop/Final_Semester/data-engineering-final-semester-portfolio/airflow/dags/first_dag.py
Traceback (most recent call last):
  File "/home/victor/airflow_env/lib/python3.10/site-packages/airflow/models/dagbag.py", line 351, in parse
    loader.exec_module(new_module)
  File "<frozen importlib._bootstrap_external>", line 883, in exec_module
  File "<frozen importlib._bootstrap>", line 241, in _call_with_frames_removed
  File "/mnt/c/Users/Victor/Desktop/Final_Semester/data-engineering-final-semester-portfolio/airflow/dags/first_dag.py", line 16, in <module>
    with DAG(
  File "/home/victor/airflow_env/lib/python3.10/site-packages/airflow/models/dag.py", line 580, in __init__
    raise ValueError("DAG is missing the start_date parameter")
ValueError: DAG is missing the start_date parameter
[2024-07-15T12:08:03.637+0100] {processor.py:842} WARNING - No viable dags retrieved from /mnt/c/Users/Victor/Desktop/Final_Semester/data-engineering-final-semester-portfolio/airflow/dags/first_dag.py
[2024-07-15T12:08:04.147+0100] {processor.py:183} INFO - Processing /mnt/c/Users/Victor/Desktop/Final_Semester/data-engineering-final-semester-portfolio/airflow/dags/first_dag.py took 0.751 seconds
[2024-07-15T12:08:09.661+0100] {processor.py:161} INFO - Started process (PID=60072) to work on /mnt/c/Users/Victor/Desktop/Final_Semester/data-engineering-final-semester-portfolio/airflow/dags/first_dag.py
[2024-07-15T12:08:09.665+0100] {processor.py:830} INFO - Processing file /mnt/c/Users/Victor/Desktop/Final_Semester/data-engineering-final-semester-portfolio/airflow/dags/first_dag.py for tasks to queue
[2024-07-15T12:08:09.670+0100] {logging_mixin.py:188} INFO - [2024-07-15T12:08:09.668+0100] {dagbag.py:545} INFO - Filling up the DagBag from /mnt/c/Users/Victor/Desktop/Final_Semester/data-engineering-final-semester-portfolio/airflow/dags/first_dag.py
[2024-07-15T12:08:09.796+0100] {logging_mixin.py:188} INFO - [2024-07-15T12:08:09.774+0100] {dagbag.py:355} ERROR - Failed to import: /mnt/c/Users/Victor/Desktop/Final_Semester/data-engineering-final-semester-portfolio/airflow/dags/first_dag.py
Traceback (most recent call last):
  File "/home/victor/airflow_env/lib/python3.10/site-packages/airflow/models/dagbag.py", line 351, in parse
    loader.exec_module(new_module)
  File "<frozen importlib._bootstrap_external>", line 883, in exec_module
  File "<frozen importlib._bootstrap>", line 241, in _call_with_frames_removed
  File "/mnt/c/Users/Victor/Desktop/Final_Semester/data-engineering-final-semester-portfolio/airflow/dags/first_dag.py", line 16, in <module>
    with DAG(
  File "/home/victor/airflow_env/lib/python3.10/site-packages/airflow/models/dag.py", line 580, in __init__
    raise ValueError("DAG is missing the start_date parameter")
ValueError: DAG is missing the start_date parameter
[2024-07-15T12:08:09.804+0100] {processor.py:842} WARNING - No viable dags retrieved from /mnt/c/Users/Victor/Desktop/Final_Semester/data-engineering-final-semester-portfolio/airflow/dags/first_dag.py
[2024-07-15T12:08:10.211+0100] {processor.py:183} INFO - Processing /mnt/c/Users/Victor/Desktop/Final_Semester/data-engineering-final-semester-portfolio/airflow/dags/first_dag.py took 0.580 seconds
[2024-07-15T12:08:13.708+0100] {processor.py:161} INFO - Started process (PID=60092) to work on /mnt/c/Users/Victor/Desktop/Final_Semester/data-engineering-final-semester-portfolio/airflow/dags/first_dag.py
[2024-07-15T12:08:13.713+0100] {processor.py:830} INFO - Processing file /mnt/c/Users/Victor/Desktop/Final_Semester/data-engineering-final-semester-portfolio/airflow/dags/first_dag.py for tasks to queue
[2024-07-15T12:08:13.718+0100] {logging_mixin.py:188} INFO - [2024-07-15T12:08:13.716+0100] {dagbag.py:545} INFO - Filling up the DagBag from /mnt/c/Users/Victor/Desktop/Final_Semester/data-engineering-final-semester-portfolio/airflow/dags/first_dag.py
[2024-07-15T12:08:13.861+0100] {logging_mixin.py:188} INFO - [2024-07-15T12:08:13.839+0100] {dagbag.py:355} ERROR - Failed to import: /mnt/c/Users/Victor/Desktop/Final_Semester/data-engineering-final-semester-portfolio/airflow/dags/first_dag.py
Traceback (most recent call last):
  File "/home/victor/airflow_env/lib/python3.10/site-packages/airflow/models/dagbag.py", line 351, in parse
    loader.exec_module(new_module)
  File "<frozen importlib._bootstrap_external>", line 883, in exec_module
  File "<frozen importlib._bootstrap>", line 241, in _call_with_frames_removed
  File "/mnt/c/Users/Victor/Desktop/Final_Semester/data-engineering-final-semester-portfolio/airflow/dags/first_dag.py", line 16, in <module>
    with DAG(
  File "/home/victor/airflow_env/lib/python3.10/site-packages/airflow/models/dag.py", line 580, in __init__
    raise ValueError("DAG is missing the start_date parameter")
ValueError: DAG is missing the start_date parameter
[2024-07-15T12:08:13.868+0100] {processor.py:842} WARNING - No viable dags retrieved from /mnt/c/Users/Victor/Desktop/Final_Semester/data-engineering-final-semester-portfolio/airflow/dags/first_dag.py
[2024-07-15T12:08:14.121+0100] {processor.py:183} INFO - Processing /mnt/c/Users/Victor/Desktop/Final_Semester/data-engineering-final-semester-portfolio/airflow/dags/first_dag.py took 0.441 seconds
[2024-07-15T12:08:45.607+0100] {processor.py:161} INFO - Started process (PID=60235) to work on /mnt/c/Users/Victor/Desktop/Final_Semester/data-engineering-final-semester-portfolio/airflow/dags/first_dag.py
[2024-07-15T12:08:45.612+0100] {processor.py:830} INFO - Processing file /mnt/c/Users/Victor/Desktop/Final_Semester/data-engineering-final-semester-portfolio/airflow/dags/first_dag.py for tasks to queue
[2024-07-15T12:08:45.617+0100] {logging_mixin.py:188} INFO - [2024-07-15T12:08:45.615+0100] {dagbag.py:545} INFO - Filling up the DagBag from /mnt/c/Users/Victor/Desktop/Final_Semester/data-engineering-final-semester-portfolio/airflow/dags/first_dag.py
[2024-07-15T12:08:45.704+0100] {logging_mixin.py:188} INFO - [2024-07-15T12:08:45.684+0100] {dagbag.py:355} ERROR - Failed to import: /mnt/c/Users/Victor/Desktop/Final_Semester/data-engineering-final-semester-portfolio/airflow/dags/first_dag.py
Traceback (most recent call last):
  File "/home/victor/airflow_env/lib/python3.10/site-packages/airflow/models/dagbag.py", line 351, in parse
    loader.exec_module(new_module)
  File "<frozen importlib._bootstrap_external>", line 883, in exec_module
  File "<frozen importlib._bootstrap>", line 241, in _call_with_frames_removed
  File "/mnt/c/Users/Victor/Desktop/Final_Semester/data-engineering-final-semester-portfolio/airflow/dags/first_dag.py", line 16, in <module>
    with DAG(
  File "/home/victor/airflow_env/lib/python3.10/site-packages/airflow/models/dag.py", line 580, in __init__
    raise ValueError("DAG is missing the start_date parameter")
ValueError: DAG is missing the start_date parameter
[2024-07-15T12:08:45.711+0100] {processor.py:842} WARNING - No viable dags retrieved from /mnt/c/Users/Victor/Desktop/Final_Semester/data-engineering-final-semester-portfolio/airflow/dags/first_dag.py
[2024-07-15T12:08:45.916+0100] {processor.py:183} INFO - Processing /mnt/c/Users/Victor/Desktop/Final_Semester/data-engineering-final-semester-portfolio/airflow/dags/first_dag.py took 0.339 seconds
[2024-07-15T12:09:01.757+0100] {processor.py:161} INFO - Started process (PID=60311) to work on /mnt/c/Users/Victor/Desktop/Final_Semester/data-engineering-final-semester-portfolio/airflow/dags/first_dag.py
[2024-07-15T12:09:01.774+0100] {processor.py:830} INFO - Processing file /mnt/c/Users/Victor/Desktop/Final_Semester/data-engineering-final-semester-portfolio/airflow/dags/first_dag.py for tasks to queue
[2024-07-15T12:09:01.788+0100] {logging_mixin.py:188} INFO - [2024-07-15T12:09:01.777+0100] {dagbag.py:545} INFO - Filling up the DagBag from /mnt/c/Users/Victor/Desktop/Final_Semester/data-engineering-final-semester-portfolio/airflow/dags/first_dag.py
[2024-07-15T12:09:01.917+0100] {logging_mixin.py:188} INFO - [2024-07-15T12:09:01.894+0100] {dagbag.py:355} ERROR - Failed to import: /mnt/c/Users/Victor/Desktop/Final_Semester/data-engineering-final-semester-portfolio/airflow/dags/first_dag.py
Traceback (most recent call last):
  File "/home/victor/airflow_env/lib/python3.10/site-packages/airflow/models/dagbag.py", line 351, in parse
    loader.exec_module(new_module)
  File "<frozen importlib._bootstrap_external>", line 883, in exec_module
  File "<frozen importlib._bootstrap>", line 241, in _call_with_frames_removed
  File "/mnt/c/Users/Victor/Desktop/Final_Semester/data-engineering-final-semester-portfolio/airflow/dags/first_dag.py", line 16, in <module>
    with DAG(
  File "/home/victor/airflow_env/lib/python3.10/site-packages/airflow/models/dag.py", line 580, in __init__
    raise ValueError("DAG is missing the start_date parameter")
ValueError: DAG is missing the start_date parameter
[2024-07-15T12:09:01.931+0100] {processor.py:842} WARNING - No viable dags retrieved from /mnt/c/Users/Victor/Desktop/Final_Semester/data-engineering-final-semester-portfolio/airflow/dags/first_dag.py
[2024-07-15T12:09:02.287+0100] {processor.py:183} INFO - Processing /mnt/c/Users/Victor/Desktop/Final_Semester/data-engineering-final-semester-portfolio/airflow/dags/first_dag.py took 0.611 seconds
[2024-07-15T12:09:34.555+0100] {processor.py:161} INFO - Started process (PID=60464) to work on /mnt/c/Users/Victor/Desktop/Final_Semester/data-engineering-final-semester-portfolio/airflow/dags/first_dag.py
[2024-07-15T12:09:34.565+0100] {processor.py:830} INFO - Processing file /mnt/c/Users/Victor/Desktop/Final_Semester/data-engineering-final-semester-portfolio/airflow/dags/first_dag.py for tasks to queue
[2024-07-15T12:09:34.572+0100] {logging_mixin.py:188} INFO - [2024-07-15T12:09:34.570+0100] {dagbag.py:545} INFO - Filling up the DagBag from /mnt/c/Users/Victor/Desktop/Final_Semester/data-engineering-final-semester-portfolio/airflow/dags/first_dag.py
[2024-07-15T12:09:34.723+0100] {logging_mixin.py:188} INFO - [2024-07-15T12:09:34.676+0100] {dagbag.py:355} ERROR - Failed to import: /mnt/c/Users/Victor/Desktop/Final_Semester/data-engineering-final-semester-portfolio/airflow/dags/first_dag.py
Traceback (most recent call last):
  File "/home/victor/airflow_env/lib/python3.10/site-packages/airflow/models/dagbag.py", line 351, in parse
    loader.exec_module(new_module)
  File "<frozen importlib._bootstrap_external>", line 883, in exec_module
  File "<frozen importlib._bootstrap>", line 241, in _call_with_frames_removed
  File "/mnt/c/Users/Victor/Desktop/Final_Semester/data-engineering-final-semester-portfolio/airflow/dags/first_dag.py", line 16, in <module>
    with DAG(
  File "/home/victor/airflow_env/lib/python3.10/site-packages/airflow/models/dag.py", line 580, in __init__
    raise ValueError("DAG is missing the start_date parameter")
ValueError: DAG is missing the start_date parameter
[2024-07-15T12:09:34.734+0100] {processor.py:842} WARNING - No viable dags retrieved from /mnt/c/Users/Victor/Desktop/Final_Semester/data-engineering-final-semester-portfolio/airflow/dags/first_dag.py
[2024-07-15T12:09:35.076+0100] {processor.py:183} INFO - Processing /mnt/c/Users/Victor/Desktop/Final_Semester/data-engineering-final-semester-portfolio/airflow/dags/first_dag.py took 0.574 seconds
[2024-07-15T12:09:53.127+0100] {processor.py:161} INFO - Started process (PID=60562) to work on /mnt/c/Users/Victor/Desktop/Final_Semester/data-engineering-final-semester-portfolio/airflow/dags/first_dag.py
[2024-07-15T12:09:53.152+0100] {processor.py:830} INFO - Processing file /mnt/c/Users/Victor/Desktop/Final_Semester/data-engineering-final-semester-portfolio/airflow/dags/first_dag.py for tasks to queue
[2024-07-15T12:09:53.160+0100] {logging_mixin.py:188} INFO - [2024-07-15T12:09:53.159+0100] {dagbag.py:545} INFO - Filling up the DagBag from /mnt/c/Users/Victor/Desktop/Final_Semester/data-engineering-final-semester-portfolio/airflow/dags/first_dag.py
[2024-07-15T12:09:53.307+0100] {logging_mixin.py:188} INFO - [2024-07-15T12:09:53.282+0100] {dagbag.py:355} ERROR - Failed to import: /mnt/c/Users/Victor/Desktop/Final_Semester/data-engineering-final-semester-portfolio/airflow/dags/first_dag.py
Traceback (most recent call last):
  File "/home/victor/airflow_env/lib/python3.10/site-packages/airflow/models/dagbag.py", line 351, in parse
    loader.exec_module(new_module)
  File "<frozen importlib._bootstrap_external>", line 879, in exec_module
  File "<frozen importlib._bootstrap_external>", line 1017, in get_code
  File "<frozen importlib._bootstrap_external>", line 947, in source_to_code
  File "<frozen importlib._bootstrap>", line 241, in _call_with_frames_removed
  File "/mnt/c/Users/Victor/Desktop/Final_Semester/data-engineering-final-semester-portfolio/airflow/dags/first_dag.py", line 42
    start >>
            ^
SyntaxError: invalid syntax
[2024-07-15T12:09:53.330+0100] {processor.py:842} WARNING - No viable dags retrieved from /mnt/c/Users/Victor/Desktop/Final_Semester/data-engineering-final-semester-portfolio/airflow/dags/first_dag.py
[2024-07-15T12:09:53.666+0100] {processor.py:183} INFO - Processing /mnt/c/Users/Victor/Desktop/Final_Semester/data-engineering-final-semester-portfolio/airflow/dags/first_dag.py took 0.624 seconds
[2024-07-15T12:09:54.938+0100] {processor.py:161} INFO - Started process (PID=60572) to work on /mnt/c/Users/Victor/Desktop/Final_Semester/data-engineering-final-semester-portfolio/airflow/dags/first_dag.py
[2024-07-15T12:09:54.960+0100] {processor.py:830} INFO - Processing file /mnt/c/Users/Victor/Desktop/Final_Semester/data-engineering-final-semester-portfolio/airflow/dags/first_dag.py for tasks to queue
[2024-07-15T12:09:54.964+0100] {logging_mixin.py:188} INFO - [2024-07-15T12:09:54.963+0100] {dagbag.py:545} INFO - Filling up the DagBag from /mnt/c/Users/Victor/Desktop/Final_Semester/data-engineering-final-semester-portfolio/airflow/dags/first_dag.py
[2024-07-15T12:09:55.371+0100] {logging_mixin.py:188} INFO - [2024-07-15T12:09:55.312+0100] {dagbag.py:355} ERROR - Failed to import: /mnt/c/Users/Victor/Desktop/Final_Semester/data-engineering-final-semester-portfolio/airflow/dags/first_dag.py
Traceback (most recent call last):
  File "/home/victor/airflow_env/lib/python3.10/site-packages/airflow/models/dagbag.py", line 351, in parse
    loader.exec_module(new_module)
  File "<frozen importlib._bootstrap_external>", line 883, in exec_module
  File "<frozen importlib._bootstrap>", line 241, in _call_with_frames_removed
  File "/mnt/c/Users/Victor/Desktop/Final_Semester/data-engineering-final-semester-portfolio/airflow/dags/first_dag.py", line 16, in <module>
    with DAG(
  File "/home/victor/airflow_env/lib/python3.10/site-packages/airflow/models/dag.py", line 580, in __init__
    raise ValueError("DAG is missing the start_date parameter")
ValueError: DAG is missing the start_date parameter
[2024-07-15T12:09:55.431+0100] {processor.py:842} WARNING - No viable dags retrieved from /mnt/c/Users/Victor/Desktop/Final_Semester/data-engineering-final-semester-portfolio/airflow/dags/first_dag.py
[2024-07-15T12:09:55.882+0100] {processor.py:183} INFO - Processing /mnt/c/Users/Victor/Desktop/Final_Semester/data-engineering-final-semester-portfolio/airflow/dags/first_dag.py took 0.998 seconds
[2024-07-15T12:09:58.025+0100] {processor.py:161} INFO - Started process (PID=60585) to work on /mnt/c/Users/Victor/Desktop/Final_Semester/data-engineering-final-semester-portfolio/airflow/dags/first_dag.py
[2024-07-15T12:09:58.043+0100] {processor.py:830} INFO - Processing file /mnt/c/Users/Victor/Desktop/Final_Semester/data-engineering-final-semester-portfolio/airflow/dags/first_dag.py for tasks to queue
[2024-07-15T12:09:58.055+0100] {logging_mixin.py:188} INFO - [2024-07-15T12:09:58.049+0100] {dagbag.py:545} INFO - Filling up the DagBag from /mnt/c/Users/Victor/Desktop/Final_Semester/data-engineering-final-semester-portfolio/airflow/dags/first_dag.py
[2024-07-15T12:09:58.423+0100] {logging_mixin.py:188} INFO - [2024-07-15T12:09:58.301+0100] {dagbag.py:355} ERROR - Failed to import: /mnt/c/Users/Victor/Desktop/Final_Semester/data-engineering-final-semester-portfolio/airflow/dags/first_dag.py
Traceback (most recent call last):
  File "/home/victor/airflow_env/lib/python3.10/site-packages/airflow/models/dagbag.py", line 351, in parse
    loader.exec_module(new_module)
  File "<frozen importlib._bootstrap_external>", line 883, in exec_module
  File "<frozen importlib._bootstrap>", line 241, in _call_with_frames_removed
  File "/mnt/c/Users/Victor/Desktop/Final_Semester/data-engineering-final-semester-portfolio/airflow/dags/first_dag.py", line 16, in <module>
    with DAG(
  File "/home/victor/airflow_env/lib/python3.10/site-packages/airflow/models/dag.py", line 580, in __init__
    raise ValueError("DAG is missing the start_date parameter")
ValueError: DAG is missing the start_date parameter
[2024-07-15T12:09:58.435+0100] {processor.py:842} WARNING - No viable dags retrieved from /mnt/c/Users/Victor/Desktop/Final_Semester/data-engineering-final-semester-portfolio/airflow/dags/first_dag.py
[2024-07-15T12:09:58.821+0100] {processor.py:183} INFO - Processing /mnt/c/Users/Victor/Desktop/Final_Semester/data-engineering-final-semester-portfolio/airflow/dags/first_dag.py took 0.904 seconds
[2024-07-15T12:10:05.700+0100] {processor.py:161} INFO - Started process (PID=60622) to work on /mnt/c/Users/Victor/Desktop/Final_Semester/data-engineering-final-semester-portfolio/airflow/dags/first_dag.py
[2024-07-15T12:10:05.759+0100] {processor.py:830} INFO - Processing file /mnt/c/Users/Victor/Desktop/Final_Semester/data-engineering-final-semester-portfolio/airflow/dags/first_dag.py for tasks to queue
[2024-07-15T12:10:05.807+0100] {logging_mixin.py:188} INFO - [2024-07-15T12:10:05.799+0100] {dagbag.py:545} INFO - Filling up the DagBag from /mnt/c/Users/Victor/Desktop/Final_Semester/data-engineering-final-semester-portfolio/airflow/dags/first_dag.py
[2024-07-15T12:10:06.210+0100] {logging_mixin.py:188} INFO - [2024-07-15T12:10:06.169+0100] {dagbag.py:355} ERROR - Failed to import: /mnt/c/Users/Victor/Desktop/Final_Semester/data-engineering-final-semester-portfolio/airflow/dags/first_dag.py
Traceback (most recent call last):
  File "/home/victor/airflow_env/lib/python3.10/site-packages/airflow/models/dagbag.py", line 351, in parse
    loader.exec_module(new_module)
  File "<frozen importlib._bootstrap_external>", line 883, in exec_module
  File "<frozen importlib._bootstrap>", line 241, in _call_with_frames_removed
  File "/mnt/c/Users/Victor/Desktop/Final_Semester/data-engineering-final-semester-portfolio/airflow/dags/first_dag.py", line 16, in <module>
    with DAG(
  File "/home/victor/airflow_env/lib/python3.10/site-packages/airflow/models/dag.py", line 580, in __init__
    raise ValueError("DAG is missing the start_date parameter")
ValueError: DAG is missing the start_date parameter
[2024-07-15T12:10:06.218+0100] {processor.py:842} WARNING - No viable dags retrieved from /mnt/c/Users/Victor/Desktop/Final_Semester/data-engineering-final-semester-portfolio/airflow/dags/first_dag.py
[2024-07-15T12:10:06.552+0100] {processor.py:183} INFO - Processing /mnt/c/Users/Victor/Desktop/Final_Semester/data-engineering-final-semester-portfolio/airflow/dags/first_dag.py took 0.949 seconds
[2024-07-15T12:10:10.404+0100] {processor.py:161} INFO - Started process (PID=60640) to work on /mnt/c/Users/Victor/Desktop/Final_Semester/data-engineering-final-semester-portfolio/airflow/dags/first_dag.py
[2024-07-15T12:10:10.419+0100] {processor.py:830} INFO - Processing file /mnt/c/Users/Victor/Desktop/Final_Semester/data-engineering-final-semester-portfolio/airflow/dags/first_dag.py for tasks to queue
[2024-07-15T12:10:10.462+0100] {logging_mixin.py:188} INFO - [2024-07-15T12:10:10.460+0100] {dagbag.py:545} INFO - Filling up the DagBag from /mnt/c/Users/Victor/Desktop/Final_Semester/data-engineering-final-semester-portfolio/airflow/dags/first_dag.py
[2024-07-15T12:10:11.610+0100] {logging_mixin.py:188} INFO - [2024-07-15T12:10:11.433+0100] {dagbag.py:355} ERROR - Failed to import: /mnt/c/Users/Victor/Desktop/Final_Semester/data-engineering-final-semester-portfolio/airflow/dags/first_dag.py
Traceback (most recent call last):
  File "/home/victor/airflow_env/lib/python3.10/site-packages/airflow/models/dagbag.py", line 351, in parse
    loader.exec_module(new_module)
  File "<frozen importlib._bootstrap_external>", line 883, in exec_module
  File "<frozen importlib._bootstrap>", line 241, in _call_with_frames_removed
  File "/mnt/c/Users/Victor/Desktop/Final_Semester/data-engineering-final-semester-portfolio/airflow/dags/first_dag.py", line 16, in <module>
    with DAG(
  File "/home/victor/airflow_env/lib/python3.10/site-packages/airflow/models/dag.py", line 580, in __init__
    raise ValueError("DAG is missing the start_date parameter")
ValueError: DAG is missing the start_date parameter
[2024-07-15T12:10:11.693+0100] {processor.py:842} WARNING - No viable dags retrieved from /mnt/c/Users/Victor/Desktop/Final_Semester/data-engineering-final-semester-portfolio/airflow/dags/first_dag.py
[2024-07-15T12:10:13.469+0100] {processor.py:183} INFO - Processing /mnt/c/Users/Victor/Desktop/Final_Semester/data-engineering-final-semester-portfolio/airflow/dags/first_dag.py took 3.184 seconds
[2024-07-15T12:10:20.408+0100] {processor.py:161} INFO - Started process (PID=60681) to work on /mnt/c/Users/Victor/Desktop/Final_Semester/data-engineering-final-semester-portfolio/airflow/dags/first_dag.py
[2024-07-15T12:10:20.426+0100] {processor.py:830} INFO - Processing file /mnt/c/Users/Victor/Desktop/Final_Semester/data-engineering-final-semester-portfolio/airflow/dags/first_dag.py for tasks to queue
[2024-07-15T12:10:20.448+0100] {logging_mixin.py:188} INFO - [2024-07-15T12:10:20.432+0100] {dagbag.py:545} INFO - Filling up the DagBag from /mnt/c/Users/Victor/Desktop/Final_Semester/data-engineering-final-semester-portfolio/airflow/dags/first_dag.py
[2024-07-15T12:10:20.663+0100] {logging_mixin.py:188} INFO - [2024-07-15T12:10:20.660+0100] {dagbag.py:355} ERROR - Failed to import: /mnt/c/Users/Victor/Desktop/Final_Semester/data-engineering-final-semester-portfolio/airflow/dags/first_dag.py
Traceback (most recent call last):
  File "/home/victor/airflow_env/lib/python3.10/site-packages/airflow/models/dagbag.py", line 351, in parse
    loader.exec_module(new_module)
  File "<frozen importlib._bootstrap_external>", line 879, in exec_module
  File "<frozen importlib._bootstrap_external>", line 1017, in get_code
  File "<frozen importlib._bootstrap_external>", line 947, in source_to_code
  File "<frozen importlib._bootstrap>", line 241, in _call_with_frames_removed
  File "/mnt/c/Users/Victor/Desktop/Final_Semester/data-engineering-final-semester-portfolio/airflow/dags/first_dag.py", line 42
    start >> [run_endpoint1, run_endpoint2] >> 
                                               ^
SyntaxError: invalid syntax
[2024-07-15T12:10:20.666+0100] {processor.py:842} WARNING - No viable dags retrieved from /mnt/c/Users/Victor/Desktop/Final_Semester/data-engineering-final-semester-portfolio/airflow/dags/first_dag.py
[2024-07-15T12:10:22.913+0100] {processor.py:183} INFO - Processing /mnt/c/Users/Victor/Desktop/Final_Semester/data-engineering-final-semester-portfolio/airflow/dags/first_dag.py took 2.599 seconds
[2024-07-15T12:10:54.544+0100] {processor.py:161} INFO - Started process (PID=60835) to work on /mnt/c/Users/Victor/Desktop/Final_Semester/data-engineering-final-semester-portfolio/airflow/dags/first_dag.py
[2024-07-15T12:10:54.548+0100] {processor.py:830} INFO - Processing file /mnt/c/Users/Victor/Desktop/Final_Semester/data-engineering-final-semester-portfolio/airflow/dags/first_dag.py for tasks to queue
[2024-07-15T12:10:54.552+0100] {logging_mixin.py:188} INFO - [2024-07-15T12:10:54.551+0100] {dagbag.py:545} INFO - Filling up the DagBag from /mnt/c/Users/Victor/Desktop/Final_Semester/data-engineering-final-semester-portfolio/airflow/dags/first_dag.py
[2024-07-15T12:10:54.694+0100] {logging_mixin.py:188} INFO - [2024-07-15T12:10:54.668+0100] {dagbag.py:355} ERROR - Failed to import: /mnt/c/Users/Victor/Desktop/Final_Semester/data-engineering-final-semester-portfolio/airflow/dags/first_dag.py
Traceback (most recent call last):
  File "/home/victor/airflow_env/lib/python3.10/site-packages/airflow/models/dagbag.py", line 351, in parse
    loader.exec_module(new_module)
  File "<frozen importlib._bootstrap_external>", line 883, in exec_module
  File "<frozen importlib._bootstrap>", line 241, in _call_with_frames_removed
  File "/mnt/c/Users/Victor/Desktop/Final_Semester/data-engineering-final-semester-portfolio/airflow/dags/first_dag.py", line 16, in <module>
    with DAG(
  File "/home/victor/airflow_env/lib/python3.10/site-packages/airflow/models/dag.py", line 580, in __init__
    raise ValueError("DAG is missing the start_date parameter")
ValueError: DAG is missing the start_date parameter
[2024-07-15T12:10:54.712+0100] {processor.py:842} WARNING - No viable dags retrieved from /mnt/c/Users/Victor/Desktop/Final_Semester/data-engineering-final-semester-portfolio/airflow/dags/first_dag.py
[2024-07-15T12:10:55.106+0100] {processor.py:183} INFO - Processing /mnt/c/Users/Victor/Desktop/Final_Semester/data-engineering-final-semester-portfolio/airflow/dags/first_dag.py took 0.595 seconds
[2024-07-15T12:11:25.899+0100] {processor.py:161} INFO - Started process (PID=60978) to work on /mnt/c/Users/Victor/Desktop/Final_Semester/data-engineering-final-semester-portfolio/airflow/dags/first_dag.py
[2024-07-15T12:11:25.905+0100] {processor.py:830} INFO - Processing file /mnt/c/Users/Victor/Desktop/Final_Semester/data-engineering-final-semester-portfolio/airflow/dags/first_dag.py for tasks to queue
[2024-07-15T12:11:25.912+0100] {logging_mixin.py:188} INFO - [2024-07-15T12:11:25.910+0100] {dagbag.py:545} INFO - Filling up the DagBag from /mnt/c/Users/Victor/Desktop/Final_Semester/data-engineering-final-semester-portfolio/airflow/dags/first_dag.py
[2024-07-15T12:11:26.002+0100] {logging_mixin.py:188} INFO - [2024-07-15T12:11:25.982+0100] {dagbag.py:355} ERROR - Failed to import: /mnt/c/Users/Victor/Desktop/Final_Semester/data-engineering-final-semester-portfolio/airflow/dags/first_dag.py
Traceback (most recent call last):
  File "/home/victor/airflow_env/lib/python3.10/site-packages/airflow/models/dagbag.py", line 351, in parse
    loader.exec_module(new_module)
  File "<frozen importlib._bootstrap_external>", line 883, in exec_module
  File "<frozen importlib._bootstrap>", line 241, in _call_with_frames_removed
  File "/mnt/c/Users/Victor/Desktop/Final_Semester/data-engineering-final-semester-portfolio/airflow/dags/first_dag.py", line 16, in <module>
    with DAG(
  File "/home/victor/airflow_env/lib/python3.10/site-packages/airflow/models/dag.py", line 580, in __init__
    raise ValueError("DAG is missing the start_date parameter")
ValueError: DAG is missing the start_date parameter
[2024-07-15T12:11:26.012+0100] {processor.py:842} WARNING - No viable dags retrieved from /mnt/c/Users/Victor/Desktop/Final_Semester/data-engineering-final-semester-portfolio/airflow/dags/first_dag.py
[2024-07-15T12:11:26.235+0100] {processor.py:183} INFO - Processing /mnt/c/Users/Victor/Desktop/Final_Semester/data-engineering-final-semester-portfolio/airflow/dags/first_dag.py took 0.403 seconds
[2024-07-15T12:11:57.250+0100] {processor.py:161} INFO - Started process (PID=61159) to work on /mnt/c/Users/Victor/Desktop/Final_Semester/data-engineering-final-semester-portfolio/airflow/dags/first_dag.py
[2024-07-15T12:11:57.254+0100] {processor.py:830} INFO - Processing file /mnt/c/Users/Victor/Desktop/Final_Semester/data-engineering-final-semester-portfolio/airflow/dags/first_dag.py for tasks to queue
[2024-07-15T12:11:57.258+0100] {logging_mixin.py:188} INFO - [2024-07-15T12:11:57.257+0100] {dagbag.py:545} INFO - Filling up the DagBag from /mnt/c/Users/Victor/Desktop/Final_Semester/data-engineering-final-semester-portfolio/airflow/dags/first_dag.py
[2024-07-15T12:11:57.324+0100] {logging_mixin.py:188} INFO - [2024-07-15T12:11:57.305+0100] {dagbag.py:355} ERROR - Failed to import: /mnt/c/Users/Victor/Desktop/Final_Semester/data-engineering-final-semester-portfolio/airflow/dags/first_dag.py
Traceback (most recent call last):
  File "/home/victor/airflow_env/lib/python3.10/site-packages/airflow/models/dagbag.py", line 351, in parse
    loader.exec_module(new_module)
  File "<frozen importlib._bootstrap_external>", line 883, in exec_module
  File "<frozen importlib._bootstrap>", line 241, in _call_with_frames_removed
  File "/mnt/c/Users/Victor/Desktop/Final_Semester/data-engineering-final-semester-portfolio/airflow/dags/first_dag.py", line 16, in <module>
    with DAG(
  File "/home/victor/airflow_env/lib/python3.10/site-packages/airflow/models/dag.py", line 580, in __init__
    raise ValueError("DAG is missing the start_date parameter")
ValueError: DAG is missing the start_date parameter
[2024-07-15T12:11:57.330+0100] {processor.py:842} WARNING - No viable dags retrieved from /mnt/c/Users/Victor/Desktop/Final_Semester/data-engineering-final-semester-portfolio/airflow/dags/first_dag.py
[2024-07-15T12:11:57.554+0100] {processor.py:183} INFO - Processing /mnt/c/Users/Victor/Desktop/Final_Semester/data-engineering-final-semester-portfolio/airflow/dags/first_dag.py took 0.335 seconds
[2024-07-15T12:12:27.923+0100] {processor.py:161} INFO - Started process (PID=61388) to work on /mnt/c/Users/Victor/Desktop/Final_Semester/data-engineering-final-semester-portfolio/airflow/dags/first_dag.py
[2024-07-15T12:12:27.928+0100] {processor.py:830} INFO - Processing file /mnt/c/Users/Victor/Desktop/Final_Semester/data-engineering-final-semester-portfolio/airflow/dags/first_dag.py for tasks to queue
[2024-07-15T12:12:27.934+0100] {logging_mixin.py:188} INFO - [2024-07-15T12:12:27.932+0100] {dagbag.py:545} INFO - Filling up the DagBag from /mnt/c/Users/Victor/Desktop/Final_Semester/data-engineering-final-semester-portfolio/airflow/dags/first_dag.py
[2024-07-15T12:12:28.076+0100] {logging_mixin.py:188} INFO - [2024-07-15T12:12:28.048+0100] {dagbag.py:355} ERROR - Failed to import: /mnt/c/Users/Victor/Desktop/Final_Semester/data-engineering-final-semester-portfolio/airflow/dags/first_dag.py
Traceback (most recent call last):
  File "/home/victor/airflow_env/lib/python3.10/site-packages/airflow/models/dagbag.py", line 351, in parse
    loader.exec_module(new_module)
  File "<frozen importlib._bootstrap_external>", line 883, in exec_module
  File "<frozen importlib._bootstrap>", line 241, in _call_with_frames_removed
  File "/mnt/c/Users/Victor/Desktop/Final_Semester/data-engineering-final-semester-portfolio/airflow/dags/first_dag.py", line 16, in <module>
    with DAG(
  File "/home/victor/airflow_env/lib/python3.10/site-packages/airflow/models/dag.py", line 580, in __init__
    raise ValueError("DAG is missing the start_date parameter")
ValueError: DAG is missing the start_date parameter
[2024-07-15T12:12:28.085+0100] {processor.py:842} WARNING - No viable dags retrieved from /mnt/c/Users/Victor/Desktop/Final_Semester/data-engineering-final-semester-portfolio/airflow/dags/first_dag.py
[2024-07-15T12:12:28.403+0100] {processor.py:183} INFO - Processing /mnt/c/Users/Victor/Desktop/Final_Semester/data-engineering-final-semester-portfolio/airflow/dags/first_dag.py took 0.508 seconds
[2024-07-15T12:12:34.714+0100] {processor.py:161} INFO - Started process (PID=61432) to work on /mnt/c/Users/Victor/Desktop/Final_Semester/data-engineering-final-semester-portfolio/airflow/dags/first_dag.py
[2024-07-15T12:12:34.722+0100] {processor.py:830} INFO - Processing file /mnt/c/Users/Victor/Desktop/Final_Semester/data-engineering-final-semester-portfolio/airflow/dags/first_dag.py for tasks to queue
[2024-07-15T12:12:34.734+0100] {logging_mixin.py:188} INFO - [2024-07-15T12:12:34.732+0100] {dagbag.py:545} INFO - Filling up the DagBag from /mnt/c/Users/Victor/Desktop/Final_Semester/data-engineering-final-semester-portfolio/airflow/dags/first_dag.py
[2024-07-15T12:12:35.403+0100] {logging_mixin.py:188} INFO - [2024-07-15T12:12:35.317+0100] {dagbag.py:355} ERROR - Failed to import: /mnt/c/Users/Victor/Desktop/Final_Semester/data-engineering-final-semester-portfolio/airflow/dags/first_dag.py
Traceback (most recent call last):
  File "/home/victor/airflow_env/lib/python3.10/site-packages/airflow/models/dagbag.py", line 351, in parse
    loader.exec_module(new_module)
  File "<frozen importlib._bootstrap_external>", line 883, in exec_module
  File "<frozen importlib._bootstrap>", line 241, in _call_with_frames_removed
  File "/mnt/c/Users/Victor/Desktop/Final_Semester/data-engineering-final-semester-portfolio/airflow/dags/first_dag.py", line 16, in <module>
    with DAG(
  File "/home/victor/airflow_env/lib/python3.10/site-packages/airflow/models/dag.py", line 580, in __init__
    raise ValueError("DAG is missing the start_date parameter")
ValueError: DAG is missing the start_date parameter
[2024-07-15T12:12:35.415+0100] {processor.py:842} WARNING - No viable dags retrieved from /mnt/c/Users/Victor/Desktop/Final_Semester/data-engineering-final-semester-portfolio/airflow/dags/first_dag.py
[2024-07-15T12:12:35.952+0100] {processor.py:183} INFO - Processing /mnt/c/Users/Victor/Desktop/Final_Semester/data-engineering-final-semester-portfolio/airflow/dags/first_dag.py took 1.316 seconds
[2024-07-15T12:12:38.603+0100] {processor.py:161} INFO - Started process (PID=61456) to work on /mnt/c/Users/Victor/Desktop/Final_Semester/data-engineering-final-semester-portfolio/airflow/dags/first_dag.py
[2024-07-15T12:12:38.608+0100] {processor.py:830} INFO - Processing file /mnt/c/Users/Victor/Desktop/Final_Semester/data-engineering-final-semester-portfolio/airflow/dags/first_dag.py for tasks to queue
[2024-07-15T12:12:38.614+0100] {logging_mixin.py:188} INFO - [2024-07-15T12:12:38.612+0100] {dagbag.py:545} INFO - Filling up the DagBag from /mnt/c/Users/Victor/Desktop/Final_Semester/data-engineering-final-semester-portfolio/airflow/dags/first_dag.py
[2024-07-15T12:12:38.801+0100] {logging_mixin.py:188} INFO - [2024-07-15T12:12:38.771+0100] {dagbag.py:355} ERROR - Failed to import: /mnt/c/Users/Victor/Desktop/Final_Semester/data-engineering-final-semester-portfolio/airflow/dags/first_dag.py
Traceback (most recent call last):
  File "/home/victor/airflow_env/lib/python3.10/site-packages/airflow/models/dagbag.py", line 351, in parse
    loader.exec_module(new_module)
  File "<frozen importlib._bootstrap_external>", line 883, in exec_module
  File "<frozen importlib._bootstrap>", line 241, in _call_with_frames_removed
  File "/mnt/c/Users/Victor/Desktop/Final_Semester/data-engineering-final-semester-portfolio/airflow/dags/first_dag.py", line 16, in <module>
    with DAG(
  File "/home/victor/airflow_env/lib/python3.10/site-packages/airflow/models/dag.py", line 580, in __init__
    raise ValueError("DAG is missing the start_date parameter")
ValueError: DAG is missing the start_date parameter
[2024-07-15T12:12:38.807+0100] {processor.py:842} WARNING - No viable dags retrieved from /mnt/c/Users/Victor/Desktop/Final_Semester/data-engineering-final-semester-portfolio/airflow/dags/first_dag.py
[2024-07-15T12:12:39.264+0100] {processor.py:183} INFO - Processing /mnt/c/Users/Victor/Desktop/Final_Semester/data-engineering-final-semester-portfolio/airflow/dags/first_dag.py took 0.709 seconds
[2024-07-15T12:12:48.029+0100] {processor.py:161} INFO - Started process (PID=61502) to work on /mnt/c/Users/Victor/Desktop/Final_Semester/data-engineering-final-semester-portfolio/airflow/dags/first_dag.py
[2024-07-15T12:12:48.041+0100] {processor.py:830} INFO - Processing file /mnt/c/Users/Victor/Desktop/Final_Semester/data-engineering-final-semester-portfolio/airflow/dags/first_dag.py for tasks to queue
[2024-07-15T12:12:48.046+0100] {logging_mixin.py:188} INFO - [2024-07-15T12:12:48.044+0100] {dagbag.py:545} INFO - Filling up the DagBag from /mnt/c/Users/Victor/Desktop/Final_Semester/data-engineering-final-semester-portfolio/airflow/dags/first_dag.py
[2024-07-15T12:12:48.174+0100] {logging_mixin.py:188} INFO - [2024-07-15T12:12:48.157+0100] {dagbag.py:355} ERROR - Failed to import: /mnt/c/Users/Victor/Desktop/Final_Semester/data-engineering-final-semester-portfolio/airflow/dags/first_dag.py
Traceback (most recent call last):
  File "/home/victor/airflow_env/lib/python3.10/site-packages/airflow/models/dagbag.py", line 351, in parse
    loader.exec_module(new_module)
  File "<frozen importlib._bootstrap_external>", line 883, in exec_module
  File "<frozen importlib._bootstrap>", line 241, in _call_with_frames_removed
  File "/mnt/c/Users/Victor/Desktop/Final_Semester/data-engineering-final-semester-portfolio/airflow/dags/first_dag.py", line 16, in <module>
    with DAG(
  File "/home/victor/airflow_env/lib/python3.10/site-packages/airflow/models/dag.py", line 580, in __init__
    raise ValueError("DAG is missing the start_date parameter")
ValueError: DAG is missing the start_date parameter
[2024-07-15T12:12:48.181+0100] {processor.py:842} WARNING - No viable dags retrieved from /mnt/c/Users/Victor/Desktop/Final_Semester/data-engineering-final-semester-portfolio/airflow/dags/first_dag.py
[2024-07-15T12:12:48.540+0100] {processor.py:183} INFO - Processing /mnt/c/Users/Victor/Desktop/Final_Semester/data-engineering-final-semester-portfolio/airflow/dags/first_dag.py took 0.539 seconds
[2024-07-15T12:12:52.644+0100] {processor.py:161} INFO - Started process (PID=61524) to work on /mnt/c/Users/Victor/Desktop/Final_Semester/data-engineering-final-semester-portfolio/airflow/dags/first_dag.py
[2024-07-15T12:12:52.671+0100] {processor.py:830} INFO - Processing file /mnt/c/Users/Victor/Desktop/Final_Semester/data-engineering-final-semester-portfolio/airflow/dags/first_dag.py for tasks to queue
[2024-07-15T12:12:52.696+0100] {logging_mixin.py:188} INFO - [2024-07-15T12:12:52.685+0100] {dagbag.py:545} INFO - Filling up the DagBag from /mnt/c/Users/Victor/Desktop/Final_Semester/data-engineering-final-semester-portfolio/airflow/dags/first_dag.py
[2024-07-15T12:12:52.916+0100] {logging_mixin.py:188} INFO - [2024-07-15T12:12:52.879+0100] {dagbag.py:355} ERROR - Failed to import: /mnt/c/Users/Victor/Desktop/Final_Semester/data-engineering-final-semester-portfolio/airflow/dags/first_dag.py
Traceback (most recent call last):
  File "/home/victor/airflow_env/lib/python3.10/site-packages/airflow/models/dagbag.py", line 351, in parse
    loader.exec_module(new_module)
  File "<frozen importlib._bootstrap_external>", line 883, in exec_module
  File "<frozen importlib._bootstrap>", line 241, in _call_with_frames_removed
  File "/mnt/c/Users/Victor/Desktop/Final_Semester/data-engineering-final-semester-portfolio/airflow/dags/first_dag.py", line 16, in <module>
    with DAG(
  File "/home/victor/airflow_env/lib/python3.10/site-packages/airflow/models/dag.py", line 580, in __init__
    raise ValueError("DAG is missing the start_date parameter")
ValueError: DAG is missing the start_date parameter
[2024-07-15T12:12:52.923+0100] {processor.py:842} WARNING - No viable dags retrieved from /mnt/c/Users/Victor/Desktop/Final_Semester/data-engineering-final-semester-portfolio/airflow/dags/first_dag.py
[2024-07-15T12:12:53.299+0100] {processor.py:183} INFO - Processing /mnt/c/Users/Victor/Desktop/Final_Semester/data-engineering-final-semester-portfolio/airflow/dags/first_dag.py took 0.809 seconds
[2024-07-15T12:13:24.433+0100] {processor.py:161} INFO - Started process (PID=61677) to work on /mnt/c/Users/Victor/Desktop/Final_Semester/data-engineering-final-semester-portfolio/airflow/dags/first_dag.py
[2024-07-15T12:13:24.442+0100] {processor.py:830} INFO - Processing file /mnt/c/Users/Victor/Desktop/Final_Semester/data-engineering-final-semester-portfolio/airflow/dags/first_dag.py for tasks to queue
[2024-07-15T12:13:24.448+0100] {logging_mixin.py:188} INFO - [2024-07-15T12:13:24.446+0100] {dagbag.py:545} INFO - Filling up the DagBag from /mnt/c/Users/Victor/Desktop/Final_Semester/data-engineering-final-semester-portfolio/airflow/dags/first_dag.py
[2024-07-15T12:13:24.566+0100] {logging_mixin.py:188} INFO - [2024-07-15T12:13:24.528+0100] {dagbag.py:355} ERROR - Failed to import: /mnt/c/Users/Victor/Desktop/Final_Semester/data-engineering-final-semester-portfolio/airflow/dags/first_dag.py
Traceback (most recent call last):
  File "/home/victor/airflow_env/lib/python3.10/site-packages/airflow/models/dagbag.py", line 351, in parse
    loader.exec_module(new_module)
  File "<frozen importlib._bootstrap_external>", line 883, in exec_module
  File "<frozen importlib._bootstrap>", line 241, in _call_with_frames_removed
  File "/mnt/c/Users/Victor/Desktop/Final_Semester/data-engineering-final-semester-portfolio/airflow/dags/first_dag.py", line 16, in <module>
    with DAG(
  File "/home/victor/airflow_env/lib/python3.10/site-packages/airflow/models/dag.py", line 580, in __init__
    raise ValueError("DAG is missing the start_date parameter")
ValueError: DAG is missing the start_date parameter
[2024-07-15T12:13:24.575+0100] {processor.py:842} WARNING - No viable dags retrieved from /mnt/c/Users/Victor/Desktop/Final_Semester/data-engineering-final-semester-portfolio/airflow/dags/first_dag.py
[2024-07-15T12:13:24.846+0100] {processor.py:183} INFO - Processing /mnt/c/Users/Victor/Desktop/Final_Semester/data-engineering-final-semester-portfolio/airflow/dags/first_dag.py took 0.458 seconds
[2024-07-15T12:13:55.280+0100] {processor.py:161} INFO - Started process (PID=61907) to work on /mnt/c/Users/Victor/Desktop/Final_Semester/data-engineering-final-semester-portfolio/airflow/dags/first_dag.py
[2024-07-15T12:13:55.285+0100] {processor.py:830} INFO - Processing file /mnt/c/Users/Victor/Desktop/Final_Semester/data-engineering-final-semester-portfolio/airflow/dags/first_dag.py for tasks to queue
[2024-07-15T12:13:55.290+0100] {logging_mixin.py:188} INFO - [2024-07-15T12:13:55.288+0100] {dagbag.py:545} INFO - Filling up the DagBag from /mnt/c/Users/Victor/Desktop/Final_Semester/data-engineering-final-semester-portfolio/airflow/dags/first_dag.py
[2024-07-15T12:13:55.348+0100] {logging_mixin.py:188} INFO - [2024-07-15T12:13:55.332+0100] {dagbag.py:355} ERROR - Failed to import: /mnt/c/Users/Victor/Desktop/Final_Semester/data-engineering-final-semester-portfolio/airflow/dags/first_dag.py
Traceback (most recent call last):
  File "/home/victor/airflow_env/lib/python3.10/site-packages/airflow/models/dagbag.py", line 351, in parse
    loader.exec_module(new_module)
  File "<frozen importlib._bootstrap_external>", line 883, in exec_module
  File "<frozen importlib._bootstrap>", line 241, in _call_with_frames_removed
  File "/mnt/c/Users/Victor/Desktop/Final_Semester/data-engineering-final-semester-portfolio/airflow/dags/first_dag.py", line 16, in <module>
    with DAG(
  File "/home/victor/airflow_env/lib/python3.10/site-packages/airflow/models/dag.py", line 580, in __init__
    raise ValueError("DAG is missing the start_date parameter")
ValueError: DAG is missing the start_date parameter
[2024-07-15T12:13:55.353+0100] {processor.py:842} WARNING - No viable dags retrieved from /mnt/c/Users/Victor/Desktop/Final_Semester/data-engineering-final-semester-portfolio/airflow/dags/first_dag.py
[2024-07-15T12:13:55.539+0100] {processor.py:183} INFO - Processing /mnt/c/Users/Victor/Desktop/Final_Semester/data-engineering-final-semester-portfolio/airflow/dags/first_dag.py took 0.288 seconds
[2024-07-15T12:14:26.911+0100] {processor.py:161} INFO - Started process (PID=62060) to work on /mnt/c/Users/Victor/Desktop/Final_Semester/data-engineering-final-semester-portfolio/airflow/dags/first_dag.py
[2024-07-15T12:14:26.915+0100] {processor.py:830} INFO - Processing file /mnt/c/Users/Victor/Desktop/Final_Semester/data-engineering-final-semester-portfolio/airflow/dags/first_dag.py for tasks to queue
[2024-07-15T12:14:26.920+0100] {logging_mixin.py:188} INFO - [2024-07-15T12:14:26.918+0100] {dagbag.py:545} INFO - Filling up the DagBag from /mnt/c/Users/Victor/Desktop/Final_Semester/data-engineering-final-semester-portfolio/airflow/dags/first_dag.py
[2024-07-15T12:14:27.009+0100] {logging_mixin.py:188} INFO - [2024-07-15T12:14:26.984+0100] {dagbag.py:355} ERROR - Failed to import: /mnt/c/Users/Victor/Desktop/Final_Semester/data-engineering-final-semester-portfolio/airflow/dags/first_dag.py
Traceback (most recent call last):
  File "/home/victor/airflow_env/lib/python3.10/site-packages/airflow/models/dagbag.py", line 351, in parse
    loader.exec_module(new_module)
  File "<frozen importlib._bootstrap_external>", line 883, in exec_module
  File "<frozen importlib._bootstrap>", line 241, in _call_with_frames_removed
  File "/mnt/c/Users/Victor/Desktop/Final_Semester/data-engineering-final-semester-portfolio/airflow/dags/first_dag.py", line 16, in <module>
    with DAG(
  File "/home/victor/airflow_env/lib/python3.10/site-packages/airflow/models/dag.py", line 580, in __init__
    raise ValueError("DAG is missing the start_date parameter")
ValueError: DAG is missing the start_date parameter
[2024-07-15T12:14:27.017+0100] {processor.py:842} WARNING - No viable dags retrieved from /mnt/c/Users/Victor/Desktop/Final_Semester/data-engineering-final-semester-portfolio/airflow/dags/first_dag.py
[2024-07-15T12:14:27.205+0100] {processor.py:183} INFO - Processing /mnt/c/Users/Victor/Desktop/Final_Semester/data-engineering-final-semester-portfolio/airflow/dags/first_dag.py took 0.326 seconds
[2024-07-15T12:14:57.401+0100] {processor.py:161} INFO - Started process (PID=62215) to work on /mnt/c/Users/Victor/Desktop/Final_Semester/data-engineering-final-semester-portfolio/airflow/dags/first_dag.py
[2024-07-15T12:14:57.404+0100] {processor.py:830} INFO - Processing file /mnt/c/Users/Victor/Desktop/Final_Semester/data-engineering-final-semester-portfolio/airflow/dags/first_dag.py for tasks to queue
[2024-07-15T12:14:57.410+0100] {logging_mixin.py:188} INFO - [2024-07-15T12:14:57.408+0100] {dagbag.py:545} INFO - Filling up the DagBag from /mnt/c/Users/Victor/Desktop/Final_Semester/data-engineering-final-semester-portfolio/airflow/dags/first_dag.py
[2024-07-15T12:14:57.481+0100] {logging_mixin.py:188} INFO - [2024-07-15T12:14:57.464+0100] {dagbag.py:355} ERROR - Failed to import: /mnt/c/Users/Victor/Desktop/Final_Semester/data-engineering-final-semester-portfolio/airflow/dags/first_dag.py
Traceback (most recent call last):
  File "/home/victor/airflow_env/lib/python3.10/site-packages/airflow/models/dagbag.py", line 351, in parse
    loader.exec_module(new_module)
  File "<frozen importlib._bootstrap_external>", line 883, in exec_module
  File "<frozen importlib._bootstrap>", line 241, in _call_with_frames_removed
  File "/mnt/c/Users/Victor/Desktop/Final_Semester/data-engineering-final-semester-portfolio/airflow/dags/first_dag.py", line 16, in <module>
    with DAG(
  File "/home/victor/airflow_env/lib/python3.10/site-packages/airflow/models/dag.py", line 580, in __init__
    raise ValueError("DAG is missing the start_date parameter")
ValueError: DAG is missing the start_date parameter
[2024-07-15T12:14:57.486+0100] {processor.py:842} WARNING - No viable dags retrieved from /mnt/c/Users/Victor/Desktop/Final_Semester/data-engineering-final-semester-portfolio/airflow/dags/first_dag.py
[2024-07-15T12:14:57.725+0100] {processor.py:183} INFO - Processing /mnt/c/Users/Victor/Desktop/Final_Semester/data-engineering-final-semester-portfolio/airflow/dags/first_dag.py took 0.350 seconds
[2024-07-15T12:15:28.659+0100] {processor.py:161} INFO - Started process (PID=62358) to work on /mnt/c/Users/Victor/Desktop/Final_Semester/data-engineering-final-semester-portfolio/airflow/dags/first_dag.py
[2024-07-15T12:15:28.679+0100] {processor.py:830} INFO - Processing file /mnt/c/Users/Victor/Desktop/Final_Semester/data-engineering-final-semester-portfolio/airflow/dags/first_dag.py for tasks to queue
[2024-07-15T12:15:28.688+0100] {logging_mixin.py:188} INFO - [2024-07-15T12:15:28.686+0100] {dagbag.py:545} INFO - Filling up the DagBag from /mnt/c/Users/Victor/Desktop/Final_Semester/data-engineering-final-semester-portfolio/airflow/dags/first_dag.py
[2024-07-15T12:15:28.855+0100] {logging_mixin.py:188} INFO - [2024-07-15T12:15:28.851+0100] {dagbag.py:355} ERROR - Failed to import: /mnt/c/Users/Victor/Desktop/Final_Semester/data-engineering-final-semester-portfolio/airflow/dags/first_dag.py
Traceback (most recent call last):
  File "/home/victor/airflow_env/lib/python3.10/site-packages/airflow/models/dagbag.py", line 351, in parse
    loader.exec_module(new_module)
  File "<frozen importlib._bootstrap_external>", line 879, in exec_module
  File "<frozen importlib._bootstrap_external>", line 1017, in get_code
  File "<frozen importlib._bootstrap_external>", line 947, in source_to_code
  File "<frozen importlib._bootstrap>", line 241, in _call_with_frames_removed
  File "/mnt/c/Users/Victor/Desktop/Final_Semester/data-engineering-final-semester-portfolio/airflow/dags/first_dag.py", line 31
    ,
    ^
SyntaxError: invalid syntax
[2024-07-15T12:15:28.861+0100] {processor.py:842} WARNING - No viable dags retrieved from /mnt/c/Users/Victor/Desktop/Final_Semester/data-engineering-final-semester-portfolio/airflow/dags/first_dag.py
[2024-07-15T12:15:29.488+0100] {processor.py:183} INFO - Processing /mnt/c/Users/Victor/Desktop/Final_Semester/data-engineering-final-semester-portfolio/airflow/dags/first_dag.py took 0.944 seconds
[2024-07-15T12:15:33.512+0100] {processor.py:161} INFO - Started process (PID=62383) to work on /mnt/c/Users/Victor/Desktop/Final_Semester/data-engineering-final-semester-portfolio/airflow/dags/first_dag.py
[2024-07-15T12:15:33.538+0100] {processor.py:830} INFO - Processing file /mnt/c/Users/Victor/Desktop/Final_Semester/data-engineering-final-semester-portfolio/airflow/dags/first_dag.py for tasks to queue
[2024-07-15T12:15:33.574+0100] {logging_mixin.py:188} INFO - [2024-07-15T12:15:33.562+0100] {dagbag.py:545} INFO - Filling up the DagBag from /mnt/c/Users/Victor/Desktop/Final_Semester/data-engineering-final-semester-portfolio/airflow/dags/first_dag.py
[2024-07-15T12:15:33.763+0100] {logging_mixin.py:188} INFO - [2024-07-15T12:15:33.727+0100] {dagbag.py:355} ERROR - Failed to import: /mnt/c/Users/Victor/Desktop/Final_Semester/data-engineering-final-semester-portfolio/airflow/dags/first_dag.py
Traceback (most recent call last):
  File "/home/victor/airflow_env/lib/python3.10/site-packages/airflow/models/dagbag.py", line 351, in parse
    loader.exec_module(new_module)
  File "<frozen importlib._bootstrap_external>", line 879, in exec_module
  File "<frozen importlib._bootstrap_external>", line 1017, in get_code
  File "<frozen importlib._bootstrap_external>", line 947, in source_to_code
  File "<frozen importlib._bootstrap>", line 241, in _call_with_frames_removed
  File "/mnt/c/Users/Victor/Desktop/Final_Semester/data-engineering-final-semester-portfolio/airflow/dags/first_dag.py", line 30
    method="GET",=
                 ^
SyntaxError: invalid syntax
[2024-07-15T12:15:33.768+0100] {processor.py:842} WARNING - No viable dags retrieved from /mnt/c/Users/Victor/Desktop/Final_Semester/data-engineering-final-semester-portfolio/airflow/dags/first_dag.py
[2024-07-15T12:15:34.387+0100] {processor.py:183} INFO - Processing /mnt/c/Users/Victor/Desktop/Final_Semester/data-engineering-final-semester-portfolio/airflow/dags/first_dag.py took 1.009 seconds
[2024-07-15T12:15:37.766+0100] {processor.py:161} INFO - Started process (PID=62398) to work on /mnt/c/Users/Victor/Desktop/Final_Semester/data-engineering-final-semester-portfolio/airflow/dags/first_dag.py
[2024-07-15T12:15:37.783+0100] {processor.py:830} INFO - Processing file /mnt/c/Users/Victor/Desktop/Final_Semester/data-engineering-final-semester-portfolio/airflow/dags/first_dag.py for tasks to queue
[2024-07-15T12:15:37.802+0100] {logging_mixin.py:188} INFO - [2024-07-15T12:15:37.800+0100] {dagbag.py:545} INFO - Filling up the DagBag from /mnt/c/Users/Victor/Desktop/Final_Semester/data-engineering-final-semester-portfolio/airflow/dags/first_dag.py
[2024-07-15T12:15:38.286+0100] {logging_mixin.py:188} INFO - [2024-07-15T12:15:38.243+0100] {dagbag.py:355} ERROR - Failed to import: /mnt/c/Users/Victor/Desktop/Final_Semester/data-engineering-final-semester-portfolio/airflow/dags/first_dag.py
Traceback (most recent call last):
  File "/home/victor/airflow_env/lib/python3.10/site-packages/airflow/models/dagbag.py", line 351, in parse
    loader.exec_module(new_module)
  File "<frozen importlib._bootstrap_external>", line 883, in exec_module
  File "<frozen importlib._bootstrap>", line 241, in _call_with_frames_removed
  File "/mnt/c/Users/Victor/Desktop/Final_Semester/data-engineering-final-semester-portfolio/airflow/dags/first_dag.py", line 16, in <module>
    with DAG(
  File "/home/victor/airflow_env/lib/python3.10/site-packages/airflow/models/dag.py", line 580, in __init__
    raise ValueError("DAG is missing the start_date parameter")
ValueError: DAG is missing the start_date parameter
[2024-07-15T12:15:38.310+0100] {processor.py:842} WARNING - No viable dags retrieved from /mnt/c/Users/Victor/Desktop/Final_Semester/data-engineering-final-semester-portfolio/airflow/dags/first_dag.py
[2024-07-15T12:15:38.876+0100] {processor.py:183} INFO - Processing /mnt/c/Users/Victor/Desktop/Final_Semester/data-engineering-final-semester-portfolio/airflow/dags/first_dag.py took 1.411 seconds
[2024-07-15T12:15:43.197+0100] {processor.py:161} INFO - Started process (PID=62426) to work on /mnt/c/Users/Victor/Desktop/Final_Semester/data-engineering-final-semester-portfolio/airflow/dags/first_dag.py
[2024-07-15T12:15:43.234+0100] {processor.py:830} INFO - Processing file /mnt/c/Users/Victor/Desktop/Final_Semester/data-engineering-final-semester-portfolio/airflow/dags/first_dag.py for tasks to queue
[2024-07-15T12:15:43.360+0100] {logging_mixin.py:188} INFO - [2024-07-15T12:15:43.296+0100] {dagbag.py:545} INFO - Filling up the DagBag from /mnt/c/Users/Victor/Desktop/Final_Semester/data-engineering-final-semester-portfolio/airflow/dags/first_dag.py
[2024-07-15T12:15:43.561+0100] {logging_mixin.py:188} INFO - [2024-07-15T12:15:43.557+0100] {dagbag.py:355} ERROR - Failed to import: /mnt/c/Users/Victor/Desktop/Final_Semester/data-engineering-final-semester-portfolio/airflow/dags/first_dag.py
Traceback (most recent call last):
  File "/home/victor/airflow_env/lib/python3.10/site-packages/airflow/models/dagbag.py", line 351, in parse
    loader.exec_module(new_module)
  File "<frozen importlib._bootstrap_external>", line 879, in exec_module
  File "<frozen importlib._bootstrap_external>", line 1017, in get_code
  File "<frozen importlib._bootstrap_external>", line 947, in source_to_code
  File "<frozen importlib._bootstrap>", line 241, in _call_with_frames_removed
  File "/mnt/c/Users/Victor/Desktop/Final_Semester/data-engineering-final-semester-portfolio/airflow/dags/first_dag.py", line 37
    ,
    ^
SyntaxError: invalid syntax
[2024-07-15T12:15:43.569+0100] {processor.py:842} WARNING - No viable dags retrieved from /mnt/c/Users/Victor/Desktop/Final_Semester/data-engineering-final-semester-portfolio/airflow/dags/first_dag.py
[2024-07-15T12:15:44.157+0100] {processor.py:183} INFO - Processing /mnt/c/Users/Victor/Desktop/Final_Semester/data-engineering-final-semester-portfolio/airflow/dags/first_dag.py took 1.074 seconds
[2024-07-15T12:15:45.841+0100] {processor.py:161} INFO - Started process (PID=62437) to work on /mnt/c/Users/Victor/Desktop/Final_Semester/data-engineering-final-semester-portfolio/airflow/dags/first_dag.py
[2024-07-15T12:15:45.852+0100] {processor.py:830} INFO - Processing file /mnt/c/Users/Victor/Desktop/Final_Semester/data-engineering-final-semester-portfolio/airflow/dags/first_dag.py for tasks to queue
[2024-07-15T12:15:45.863+0100] {logging_mixin.py:188} INFO - [2024-07-15T12:15:45.860+0100] {dagbag.py:545} INFO - Filling up the DagBag from /mnt/c/Users/Victor/Desktop/Final_Semester/data-engineering-final-semester-portfolio/airflow/dags/first_dag.py
[2024-07-15T12:15:46.189+0100] {logging_mixin.py:188} INFO - [2024-07-15T12:15:46.162+0100] {dagbag.py:355} ERROR - Failed to import: /mnt/c/Users/Victor/Desktop/Final_Semester/data-engineering-final-semester-portfolio/airflow/dags/first_dag.py
Traceback (most recent call last):
  File "/home/victor/airflow_env/lib/python3.10/site-packages/airflow/models/dagbag.py", line 351, in parse
    loader.exec_module(new_module)
  File "<frozen importlib._bootstrap_external>", line 883, in exec_module
  File "<frozen importlib._bootstrap>", line 241, in _call_with_frames_removed
  File "/mnt/c/Users/Victor/Desktop/Final_Semester/data-engineering-final-semester-portfolio/airflow/dags/first_dag.py", line 16, in <module>
    with DAG(
  File "/home/victor/airflow_env/lib/python3.10/site-packages/airflow/models/dag.py", line 580, in __init__
    raise ValueError("DAG is missing the start_date parameter")
ValueError: DAG is missing the start_date parameter
[2024-07-15T12:15:46.200+0100] {processor.py:842} WARNING - No viable dags retrieved from /mnt/c/Users/Victor/Desktop/Final_Semester/data-engineering-final-semester-portfolio/airflow/dags/first_dag.py
[2024-07-15T12:15:46.744+0100] {processor.py:183} INFO - Processing /mnt/c/Users/Victor/Desktop/Final_Semester/data-engineering-final-semester-portfolio/airflow/dags/first_dag.py took 0.974 seconds
[2024-07-15T12:16:17.106+0100] {processor.py:161} INFO - Started process (PID=62592) to work on /mnt/c/Users/Victor/Desktop/Final_Semester/data-engineering-final-semester-portfolio/airflow/dags/first_dag.py
[2024-07-15T12:16:17.110+0100] {processor.py:830} INFO - Processing file /mnt/c/Users/Victor/Desktop/Final_Semester/data-engineering-final-semester-portfolio/airflow/dags/first_dag.py for tasks to queue
[2024-07-15T12:16:17.116+0100] {logging_mixin.py:188} INFO - [2024-07-15T12:16:17.114+0100] {dagbag.py:545} INFO - Filling up the DagBag from /mnt/c/Users/Victor/Desktop/Final_Semester/data-engineering-final-semester-portfolio/airflow/dags/first_dag.py
[2024-07-15T12:16:17.204+0100] {logging_mixin.py:188} INFO - [2024-07-15T12:16:17.178+0100] {dagbag.py:355} ERROR - Failed to import: /mnt/c/Users/Victor/Desktop/Final_Semester/data-engineering-final-semester-portfolio/airflow/dags/first_dag.py
Traceback (most recent call last):
  File "/home/victor/airflow_env/lib/python3.10/site-packages/airflow/models/dagbag.py", line 351, in parse
    loader.exec_module(new_module)
  File "<frozen importlib._bootstrap_external>", line 883, in exec_module
  File "<frozen importlib._bootstrap>", line 241, in _call_with_frames_removed
  File "/mnt/c/Users/Victor/Desktop/Final_Semester/data-engineering-final-semester-portfolio/airflow/dags/first_dag.py", line 16, in <module>
    with DAG(
  File "/home/victor/airflow_env/lib/python3.10/site-packages/airflow/models/dag.py", line 580, in __init__
    raise ValueError("DAG is missing the start_date parameter")
ValueError: DAG is missing the start_date parameter
[2024-07-15T12:16:17.220+0100] {processor.py:842} WARNING - No viable dags retrieved from /mnt/c/Users/Victor/Desktop/Final_Semester/data-engineering-final-semester-portfolio/airflow/dags/first_dag.py
[2024-07-15T12:16:17.513+0100] {processor.py:183} INFO - Processing /mnt/c/Users/Victor/Desktop/Final_Semester/data-engineering-final-semester-portfolio/airflow/dags/first_dag.py took 0.437 seconds
[2024-07-15T12:16:48.494+0100] {processor.py:161} INFO - Started process (PID=62804) to work on /mnt/c/Users/Victor/Desktop/Final_Semester/data-engineering-final-semester-portfolio/airflow/dags/first_dag.py
[2024-07-15T12:16:48.498+0100] {processor.py:830} INFO - Processing file /mnt/c/Users/Victor/Desktop/Final_Semester/data-engineering-final-semester-portfolio/airflow/dags/first_dag.py for tasks to queue
[2024-07-15T12:16:48.504+0100] {logging_mixin.py:188} INFO - [2024-07-15T12:16:48.502+0100] {dagbag.py:545} INFO - Filling up the DagBag from /mnt/c/Users/Victor/Desktop/Final_Semester/data-engineering-final-semester-portfolio/airflow/dags/first_dag.py
[2024-07-15T12:16:48.582+0100] {logging_mixin.py:188} INFO - [2024-07-15T12:16:48.558+0100] {dagbag.py:355} ERROR - Failed to import: /mnt/c/Users/Victor/Desktop/Final_Semester/data-engineering-final-semester-portfolio/airflow/dags/first_dag.py
Traceback (most recent call last):
  File "/home/victor/airflow_env/lib/python3.10/site-packages/airflow/models/dagbag.py", line 351, in parse
    loader.exec_module(new_module)
  File "<frozen importlib._bootstrap_external>", line 883, in exec_module
  File "<frozen importlib._bootstrap>", line 241, in _call_with_frames_removed
  File "/mnt/c/Users/Victor/Desktop/Final_Semester/data-engineering-final-semester-portfolio/airflow/dags/first_dag.py", line 16, in <module>
    with DAG(
  File "/home/victor/airflow_env/lib/python3.10/site-packages/airflow/models/dag.py", line 580, in __init__
    raise ValueError("DAG is missing the start_date parameter")
ValueError: DAG is missing the start_date parameter
[2024-07-15T12:16:48.591+0100] {processor.py:842} WARNING - No viable dags retrieved from /mnt/c/Users/Victor/Desktop/Final_Semester/data-engineering-final-semester-portfolio/airflow/dags/first_dag.py
[2024-07-15T12:16:48.831+0100] {processor.py:183} INFO - Processing /mnt/c/Users/Victor/Desktop/Final_Semester/data-engineering-final-semester-portfolio/airflow/dags/first_dag.py took 0.366 seconds
[2024-07-15T12:17:20.213+0100] {processor.py:161} INFO - Started process (PID=62948) to work on /mnt/c/Users/Victor/Desktop/Final_Semester/data-engineering-final-semester-portfolio/airflow/dags/first_dag.py
[2024-07-15T12:17:20.220+0100] {processor.py:830} INFO - Processing file /mnt/c/Users/Victor/Desktop/Final_Semester/data-engineering-final-semester-portfolio/airflow/dags/first_dag.py for tasks to queue
[2024-07-15T12:17:20.224+0100] {logging_mixin.py:188} INFO - [2024-07-15T12:17:20.223+0100] {dagbag.py:545} INFO - Filling up the DagBag from /mnt/c/Users/Victor/Desktop/Final_Semester/data-engineering-final-semester-portfolio/airflow/dags/first_dag.py
[2024-07-15T12:17:20.328+0100] {logging_mixin.py:188} INFO - [2024-07-15T12:17:20.304+0100] {dagbag.py:355} ERROR - Failed to import: /mnt/c/Users/Victor/Desktop/Final_Semester/data-engineering-final-semester-portfolio/airflow/dags/first_dag.py
Traceback (most recent call last):
  File "/home/victor/airflow_env/lib/python3.10/site-packages/airflow/models/dagbag.py", line 351, in parse
    loader.exec_module(new_module)
  File "<frozen importlib._bootstrap_external>", line 883, in exec_module
  File "<frozen importlib._bootstrap>", line 241, in _call_with_frames_removed
  File "/mnt/c/Users/Victor/Desktop/Final_Semester/data-engineering-final-semester-portfolio/airflow/dags/first_dag.py", line 16, in <module>
    with DAG(
  File "/home/victor/airflow_env/lib/python3.10/site-packages/airflow/models/dag.py", line 580, in __init__
    raise ValueError("DAG is missing the start_date parameter")
ValueError: DAG is missing the start_date parameter
[2024-07-15T12:17:20.334+0100] {processor.py:842} WARNING - No viable dags retrieved from /mnt/c/Users/Victor/Desktop/Final_Semester/data-engineering-final-semester-portfolio/airflow/dags/first_dag.py
[2024-07-15T12:17:20.691+0100] {processor.py:183} INFO - Processing /mnt/c/Users/Victor/Desktop/Final_Semester/data-engineering-final-semester-portfolio/airflow/dags/first_dag.py took 0.508 seconds
[2024-07-15T12:17:51.719+0100] {processor.py:161} INFO - Started process (PID=63117) to work on /mnt/c/Users/Victor/Desktop/Final_Semester/data-engineering-final-semester-portfolio/airflow/dags/first_dag.py
[2024-07-15T12:17:51.734+0100] {processor.py:830} INFO - Processing file /mnt/c/Users/Victor/Desktop/Final_Semester/data-engineering-final-semester-portfolio/airflow/dags/first_dag.py for tasks to queue
[2024-07-15T12:17:51.743+0100] {logging_mixin.py:188} INFO - [2024-07-15T12:17:51.740+0100] {dagbag.py:545} INFO - Filling up the DagBag from /mnt/c/Users/Victor/Desktop/Final_Semester/data-engineering-final-semester-portfolio/airflow/dags/first_dag.py
[2024-07-15T12:17:51.839+0100] {logging_mixin.py:188} INFO - [2024-07-15T12:17:51.819+0100] {dagbag.py:355} ERROR - Failed to import: /mnt/c/Users/Victor/Desktop/Final_Semester/data-engineering-final-semester-portfolio/airflow/dags/first_dag.py
Traceback (most recent call last):
  File "/home/victor/airflow_env/lib/python3.10/site-packages/airflow/models/dagbag.py", line 351, in parse
    loader.exec_module(new_module)
  File "<frozen importlib._bootstrap_external>", line 883, in exec_module
  File "<frozen importlib._bootstrap>", line 241, in _call_with_frames_removed
  File "/mnt/c/Users/Victor/Desktop/Final_Semester/data-engineering-final-semester-portfolio/airflow/dags/first_dag.py", line 16, in <module>
    with DAG(
  File "/home/victor/airflow_env/lib/python3.10/site-packages/airflow/models/dag.py", line 580, in __init__
    raise ValueError("DAG is missing the start_date parameter")
ValueError: DAG is missing the start_date parameter
[2024-07-15T12:17:51.853+0100] {processor.py:842} WARNING - No viable dags retrieved from /mnt/c/Users/Victor/Desktop/Final_Semester/data-engineering-final-semester-portfolio/airflow/dags/first_dag.py
[2024-07-15T12:17:52.291+0100] {processor.py:183} INFO - Processing /mnt/c/Users/Victor/Desktop/Final_Semester/data-engineering-final-semester-portfolio/airflow/dags/first_dag.py took 0.614 seconds
[2024-07-15T12:18:23.782+0100] {processor.py:161} INFO - Started process (PID=63259) to work on /mnt/c/Users/Victor/Desktop/Final_Semester/data-engineering-final-semester-portfolio/airflow/dags/first_dag.py
[2024-07-15T12:18:23.796+0100] {processor.py:830} INFO - Processing file /mnt/c/Users/Victor/Desktop/Final_Semester/data-engineering-final-semester-portfolio/airflow/dags/first_dag.py for tasks to queue
[2024-07-15T12:18:23.805+0100] {logging_mixin.py:188} INFO - [2024-07-15T12:18:23.804+0100] {dagbag.py:545} INFO - Filling up the DagBag from /mnt/c/Users/Victor/Desktop/Final_Semester/data-engineering-final-semester-portfolio/airflow/dags/first_dag.py
[2024-07-15T12:18:23.933+0100] {logging_mixin.py:188} INFO - [2024-07-15T12:18:23.908+0100] {dagbag.py:355} ERROR - Failed to import: /mnt/c/Users/Victor/Desktop/Final_Semester/data-engineering-final-semester-portfolio/airflow/dags/first_dag.py
Traceback (most recent call last):
  File "/home/victor/airflow_env/lib/python3.10/site-packages/airflow/models/dagbag.py", line 351, in parse
    loader.exec_module(new_module)
  File "<frozen importlib._bootstrap_external>", line 883, in exec_module
  File "<frozen importlib._bootstrap>", line 241, in _call_with_frames_removed
  File "/mnt/c/Users/Victor/Desktop/Final_Semester/data-engineering-final-semester-portfolio/airflow/dags/first_dag.py", line 16, in <module>
    with DAG(
  File "/home/victor/airflow_env/lib/python3.10/site-packages/airflow/models/dag.py", line 580, in __init__
    raise ValueError("DAG is missing the start_date parameter")
ValueError: DAG is missing the start_date parameter
[2024-07-15T12:18:23.943+0100] {processor.py:842} WARNING - No viable dags retrieved from /mnt/c/Users/Victor/Desktop/Final_Semester/data-engineering-final-semester-portfolio/airflow/dags/first_dag.py
[2024-07-15T12:18:24.298+0100] {processor.py:183} INFO - Processing /mnt/c/Users/Victor/Desktop/Final_Semester/data-engineering-final-semester-portfolio/airflow/dags/first_dag.py took 0.600 seconds
[2024-07-15T12:18:54.952+0100] {processor.py:161} INFO - Started process (PID=63397) to work on /mnt/c/Users/Victor/Desktop/Final_Semester/data-engineering-final-semester-portfolio/airflow/dags/first_dag.py
[2024-07-15T12:18:54.957+0100] {processor.py:830} INFO - Processing file /mnt/c/Users/Victor/Desktop/Final_Semester/data-engineering-final-semester-portfolio/airflow/dags/first_dag.py for tasks to queue
[2024-07-15T12:18:54.962+0100] {logging_mixin.py:188} INFO - [2024-07-15T12:18:54.960+0100] {dagbag.py:545} INFO - Filling up the DagBag from /mnt/c/Users/Victor/Desktop/Final_Semester/data-engineering-final-semester-portfolio/airflow/dags/first_dag.py
[2024-07-15T12:18:55.055+0100] {logging_mixin.py:188} INFO - [2024-07-15T12:18:55.031+0100] {dagbag.py:355} ERROR - Failed to import: /mnt/c/Users/Victor/Desktop/Final_Semester/data-engineering-final-semester-portfolio/airflow/dags/first_dag.py
Traceback (most recent call last):
  File "/home/victor/airflow_env/lib/python3.10/site-packages/airflow/models/dagbag.py", line 351, in parse
    loader.exec_module(new_module)
  File "<frozen importlib._bootstrap_external>", line 883, in exec_module
  File "<frozen importlib._bootstrap>", line 241, in _call_with_frames_removed
  File "/mnt/c/Users/Victor/Desktop/Final_Semester/data-engineering-final-semester-portfolio/airflow/dags/first_dag.py", line 16, in <module>
    with DAG(
  File "/home/victor/airflow_env/lib/python3.10/site-packages/airflow/models/dag.py", line 580, in __init__
    raise ValueError("DAG is missing the start_date parameter")
ValueError: DAG is missing the start_date parameter
[2024-07-15T12:18:55.063+0100] {processor.py:842} WARNING - No viable dags retrieved from /mnt/c/Users/Victor/Desktop/Final_Semester/data-engineering-final-semester-portfolio/airflow/dags/first_dag.py
[2024-07-15T12:18:55.634+0100] {processor.py:183} INFO - Processing /mnt/c/Users/Victor/Desktop/Final_Semester/data-engineering-final-semester-portfolio/airflow/dags/first_dag.py took 0.772 seconds
[2024-07-15T12:19:26.444+0100] {processor.py:161} INFO - Started process (PID=63545) to work on /mnt/c/Users/Victor/Desktop/Final_Semester/data-engineering-final-semester-portfolio/airflow/dags/first_dag.py
[2024-07-15T12:19:26.448+0100] {processor.py:830} INFO - Processing file /mnt/c/Users/Victor/Desktop/Final_Semester/data-engineering-final-semester-portfolio/airflow/dags/first_dag.py for tasks to queue
[2024-07-15T12:19:26.453+0100] {logging_mixin.py:188} INFO - [2024-07-15T12:19:26.451+0100] {dagbag.py:545} INFO - Filling up the DagBag from /mnt/c/Users/Victor/Desktop/Final_Semester/data-engineering-final-semester-portfolio/airflow/dags/first_dag.py
[2024-07-15T12:19:26.536+0100] {logging_mixin.py:188} INFO - [2024-07-15T12:19:26.520+0100] {dagbag.py:355} ERROR - Failed to import: /mnt/c/Users/Victor/Desktop/Final_Semester/data-engineering-final-semester-portfolio/airflow/dags/first_dag.py
Traceback (most recent call last):
  File "/home/victor/airflow_env/lib/python3.10/site-packages/airflow/models/dagbag.py", line 351, in parse
    loader.exec_module(new_module)
  File "<frozen importlib._bootstrap_external>", line 883, in exec_module
  File "<frozen importlib._bootstrap>", line 241, in _call_with_frames_removed
  File "/mnt/c/Users/Victor/Desktop/Final_Semester/data-engineering-final-semester-portfolio/airflow/dags/first_dag.py", line 16, in <module>
    with DAG(
  File "/home/victor/airflow_env/lib/python3.10/site-packages/airflow/models/dag.py", line 580, in __init__
    raise ValueError("DAG is missing the start_date parameter")
ValueError: DAG is missing the start_date parameter
[2024-07-15T12:19:26.543+0100] {processor.py:842} WARNING - No viable dags retrieved from /mnt/c/Users/Victor/Desktop/Final_Semester/data-engineering-final-semester-portfolio/airflow/dags/first_dag.py
[2024-07-15T12:19:26.817+0100] {processor.py:183} INFO - Processing /mnt/c/Users/Victor/Desktop/Final_Semester/data-engineering-final-semester-portfolio/airflow/dags/first_dag.py took 0.404 seconds
[2024-07-15T12:19:57.411+0100] {processor.py:161} INFO - Started process (PID=63685) to work on /mnt/c/Users/Victor/Desktop/Final_Semester/data-engineering-final-semester-portfolio/airflow/dags/first_dag.py
[2024-07-15T12:19:57.415+0100] {processor.py:830} INFO - Processing file /mnt/c/Users/Victor/Desktop/Final_Semester/data-engineering-final-semester-portfolio/airflow/dags/first_dag.py for tasks to queue
[2024-07-15T12:19:57.423+0100] {logging_mixin.py:188} INFO - [2024-07-15T12:19:57.420+0100] {dagbag.py:545} INFO - Filling up the DagBag from /mnt/c/Users/Victor/Desktop/Final_Semester/data-engineering-final-semester-portfolio/airflow/dags/first_dag.py
[2024-07-15T12:19:57.499+0100] {logging_mixin.py:188} INFO - [2024-07-15T12:19:57.480+0100] {dagbag.py:355} ERROR - Failed to import: /mnt/c/Users/Victor/Desktop/Final_Semester/data-engineering-final-semester-portfolio/airflow/dags/first_dag.py
Traceback (most recent call last):
  File "/home/victor/airflow_env/lib/python3.10/site-packages/airflow/models/dagbag.py", line 351, in parse
    loader.exec_module(new_module)
  File "<frozen importlib._bootstrap_external>", line 883, in exec_module
  File "<frozen importlib._bootstrap>", line 241, in _call_with_frames_removed
  File "/mnt/c/Users/Victor/Desktop/Final_Semester/data-engineering-final-semester-portfolio/airflow/dags/first_dag.py", line 16, in <module>
    with DAG(
  File "/home/victor/airflow_env/lib/python3.10/site-packages/airflow/models/dag.py", line 580, in __init__
    raise ValueError("DAG is missing the start_date parameter")
ValueError: DAG is missing the start_date parameter
[2024-07-15T12:19:57.505+0100] {processor.py:842} WARNING - No viable dags retrieved from /mnt/c/Users/Victor/Desktop/Final_Semester/data-engineering-final-semester-portfolio/airflow/dags/first_dag.py
[2024-07-15T12:19:57.916+0100] {processor.py:183} INFO - Processing /mnt/c/Users/Victor/Desktop/Final_Semester/data-engineering-final-semester-portfolio/airflow/dags/first_dag.py took 0.549 seconds
[2024-07-15T12:20:28.583+0100] {processor.py:161} INFO - Started process (PID=63826) to work on /mnt/c/Users/Victor/Desktop/Final_Semester/data-engineering-final-semester-portfolio/airflow/dags/first_dag.py
[2024-07-15T12:20:28.587+0100] {processor.py:830} INFO - Processing file /mnt/c/Users/Victor/Desktop/Final_Semester/data-engineering-final-semester-portfolio/airflow/dags/first_dag.py for tasks to queue
[2024-07-15T12:20:28.593+0100] {logging_mixin.py:188} INFO - [2024-07-15T12:20:28.591+0100] {dagbag.py:545} INFO - Filling up the DagBag from /mnt/c/Users/Victor/Desktop/Final_Semester/data-engineering-final-semester-portfolio/airflow/dags/first_dag.py
[2024-07-15T12:20:28.671+0100] {logging_mixin.py:188} INFO - [2024-07-15T12:20:28.651+0100] {dagbag.py:355} ERROR - Failed to import: /mnt/c/Users/Victor/Desktop/Final_Semester/data-engineering-final-semester-portfolio/airflow/dags/first_dag.py
Traceback (most recent call last):
  File "/home/victor/airflow_env/lib/python3.10/site-packages/airflow/models/dagbag.py", line 351, in parse
    loader.exec_module(new_module)
  File "<frozen importlib._bootstrap_external>", line 883, in exec_module
  File "<frozen importlib._bootstrap>", line 241, in _call_with_frames_removed
  File "/mnt/c/Users/Victor/Desktop/Final_Semester/data-engineering-final-semester-portfolio/airflow/dags/first_dag.py", line 16, in <module>
    with DAG(
  File "/home/victor/airflow_env/lib/python3.10/site-packages/airflow/models/dag.py", line 580, in __init__
    raise ValueError("DAG is missing the start_date parameter")
ValueError: DAG is missing the start_date parameter
[2024-07-15T12:20:28.679+0100] {processor.py:842} WARNING - No viable dags retrieved from /mnt/c/Users/Victor/Desktop/Final_Semester/data-engineering-final-semester-portfolio/airflow/dags/first_dag.py
[2024-07-15T12:20:28.997+0100] {processor.py:183} INFO - Processing /mnt/c/Users/Victor/Desktop/Final_Semester/data-engineering-final-semester-portfolio/airflow/dags/first_dag.py took 0.443 seconds
[2024-07-15T12:20:59.228+0100] {processor.py:161} INFO - Started process (PID=63965) to work on /mnt/c/Users/Victor/Desktop/Final_Semester/data-engineering-final-semester-portfolio/airflow/dags/first_dag.py
[2024-07-15T12:20:59.234+0100] {processor.py:830} INFO - Processing file /mnt/c/Users/Victor/Desktop/Final_Semester/data-engineering-final-semester-portfolio/airflow/dags/first_dag.py for tasks to queue
[2024-07-15T12:20:59.239+0100] {logging_mixin.py:188} INFO - [2024-07-15T12:20:59.237+0100] {dagbag.py:545} INFO - Filling up the DagBag from /mnt/c/Users/Victor/Desktop/Final_Semester/data-engineering-final-semester-portfolio/airflow/dags/first_dag.py
[2024-07-15T12:20:59.332+0100] {logging_mixin.py:188} INFO - [2024-07-15T12:20:59.313+0100] {dagbag.py:355} ERROR - Failed to import: /mnt/c/Users/Victor/Desktop/Final_Semester/data-engineering-final-semester-portfolio/airflow/dags/first_dag.py
Traceback (most recent call last):
  File "/home/victor/airflow_env/lib/python3.10/site-packages/airflow/models/dagbag.py", line 351, in parse
    loader.exec_module(new_module)
  File "<frozen importlib._bootstrap_external>", line 883, in exec_module
  File "<frozen importlib._bootstrap>", line 241, in _call_with_frames_removed
  File "/mnt/c/Users/Victor/Desktop/Final_Semester/data-engineering-final-semester-portfolio/airflow/dags/first_dag.py", line 16, in <module>
    with DAG(
  File "/home/victor/airflow_env/lib/python3.10/site-packages/airflow/models/dag.py", line 580, in __init__
    raise ValueError("DAG is missing the start_date parameter")
ValueError: DAG is missing the start_date parameter
[2024-07-15T12:20:59.337+0100] {processor.py:842} WARNING - No viable dags retrieved from /mnt/c/Users/Victor/Desktop/Final_Semester/data-engineering-final-semester-portfolio/airflow/dags/first_dag.py
[2024-07-15T12:20:59.603+0100] {processor.py:183} INFO - Processing /mnt/c/Users/Victor/Desktop/Final_Semester/data-engineering-final-semester-portfolio/airflow/dags/first_dag.py took 0.412 seconds
[2024-07-15T12:21:29.902+0100] {processor.py:161} INFO - Started process (PID=64103) to work on /mnt/c/Users/Victor/Desktop/Final_Semester/data-engineering-final-semester-portfolio/airflow/dags/first_dag.py
[2024-07-15T12:21:29.906+0100] {processor.py:830} INFO - Processing file /mnt/c/Users/Victor/Desktop/Final_Semester/data-engineering-final-semester-portfolio/airflow/dags/first_dag.py for tasks to queue
[2024-07-15T12:21:29.913+0100] {logging_mixin.py:188} INFO - [2024-07-15T12:21:29.911+0100] {dagbag.py:545} INFO - Filling up the DagBag from /mnt/c/Users/Victor/Desktop/Final_Semester/data-engineering-final-semester-portfolio/airflow/dags/first_dag.py
[2024-07-15T12:21:29.987+0100] {logging_mixin.py:188} INFO - [2024-07-15T12:21:29.968+0100] {dagbag.py:355} ERROR - Failed to import: /mnt/c/Users/Victor/Desktop/Final_Semester/data-engineering-final-semester-portfolio/airflow/dags/first_dag.py
Traceback (most recent call last):
  File "/home/victor/airflow_env/lib/python3.10/site-packages/airflow/models/dagbag.py", line 351, in parse
    loader.exec_module(new_module)
  File "<frozen importlib._bootstrap_external>", line 883, in exec_module
  File "<frozen importlib._bootstrap>", line 241, in _call_with_frames_removed
  File "/mnt/c/Users/Victor/Desktop/Final_Semester/data-engineering-final-semester-portfolio/airflow/dags/first_dag.py", line 16, in <module>
    with DAG(
  File "/home/victor/airflow_env/lib/python3.10/site-packages/airflow/models/dag.py", line 580, in __init__
    raise ValueError("DAG is missing the start_date parameter")
ValueError: DAG is missing the start_date parameter
[2024-07-15T12:21:30.001+0100] {processor.py:842} WARNING - No viable dags retrieved from /mnt/c/Users/Victor/Desktop/Final_Semester/data-engineering-final-semester-portfolio/airflow/dags/first_dag.py
[2024-07-15T12:21:30.203+0100] {processor.py:183} INFO - Processing /mnt/c/Users/Victor/Desktop/Final_Semester/data-engineering-final-semester-portfolio/airflow/dags/first_dag.py took 0.329 seconds
[2024-07-15T12:22:00.831+0100] {processor.py:161} INFO - Started process (PID=64244) to work on /mnt/c/Users/Victor/Desktop/Final_Semester/data-engineering-final-semester-portfolio/airflow/dags/first_dag.py
[2024-07-15T12:22:00.835+0100] {processor.py:830} INFO - Processing file /mnt/c/Users/Victor/Desktop/Final_Semester/data-engineering-final-semester-portfolio/airflow/dags/first_dag.py for tasks to queue
[2024-07-15T12:22:00.839+0100] {logging_mixin.py:188} INFO - [2024-07-15T12:22:00.837+0100] {dagbag.py:545} INFO - Filling up the DagBag from /mnt/c/Users/Victor/Desktop/Final_Semester/data-engineering-final-semester-portfolio/airflow/dags/first_dag.py
[2024-07-15T12:22:00.913+0100] {logging_mixin.py:188} INFO - [2024-07-15T12:22:00.887+0100] {dagbag.py:355} ERROR - Failed to import: /mnt/c/Users/Victor/Desktop/Final_Semester/data-engineering-final-semester-portfolio/airflow/dags/first_dag.py
Traceback (most recent call last):
  File "/home/victor/airflow_env/lib/python3.10/site-packages/airflow/models/dagbag.py", line 351, in parse
    loader.exec_module(new_module)
  File "<frozen importlib._bootstrap_external>", line 883, in exec_module
  File "<frozen importlib._bootstrap>", line 241, in _call_with_frames_removed
  File "/mnt/c/Users/Victor/Desktop/Final_Semester/data-engineering-final-semester-portfolio/airflow/dags/first_dag.py", line 16, in <module>
    with DAG(
  File "/home/victor/airflow_env/lib/python3.10/site-packages/airflow/models/dag.py", line 580, in __init__
    raise ValueError("DAG is missing the start_date parameter")
ValueError: DAG is missing the start_date parameter
[2024-07-15T12:22:00.921+0100] {processor.py:842} WARNING - No viable dags retrieved from /mnt/c/Users/Victor/Desktop/Final_Semester/data-engineering-final-semester-portfolio/airflow/dags/first_dag.py
[2024-07-15T12:22:01.155+0100] {processor.py:183} INFO - Processing /mnt/c/Users/Victor/Desktop/Final_Semester/data-engineering-final-semester-portfolio/airflow/dags/first_dag.py took 0.356 seconds
[2024-07-15T12:22:32.513+0100] {processor.py:161} INFO - Started process (PID=64414) to work on /mnt/c/Users/Victor/Desktop/Final_Semester/data-engineering-final-semester-portfolio/airflow/dags/first_dag.py
[2024-07-15T12:22:32.518+0100] {processor.py:830} INFO - Processing file /mnt/c/Users/Victor/Desktop/Final_Semester/data-engineering-final-semester-portfolio/airflow/dags/first_dag.py for tasks to queue
[2024-07-15T12:22:32.524+0100] {logging_mixin.py:188} INFO - [2024-07-15T12:22:32.522+0100] {dagbag.py:545} INFO - Filling up the DagBag from /mnt/c/Users/Victor/Desktop/Final_Semester/data-engineering-final-semester-portfolio/airflow/dags/first_dag.py
[2024-07-15T12:22:32.632+0100] {logging_mixin.py:188} INFO - [2024-07-15T12:22:32.612+0100] {dagbag.py:355} ERROR - Failed to import: /mnt/c/Users/Victor/Desktop/Final_Semester/data-engineering-final-semester-portfolio/airflow/dags/first_dag.py
Traceback (most recent call last):
  File "/home/victor/airflow_env/lib/python3.10/site-packages/airflow/models/dagbag.py", line 351, in parse
    loader.exec_module(new_module)
  File "<frozen importlib._bootstrap_external>", line 883, in exec_module
  File "<frozen importlib._bootstrap>", line 241, in _call_with_frames_removed
  File "/mnt/c/Users/Victor/Desktop/Final_Semester/data-engineering-final-semester-portfolio/airflow/dags/first_dag.py", line 16, in <module>
    with DAG(
  File "/home/victor/airflow_env/lib/python3.10/site-packages/airflow/models/dag.py", line 580, in __init__
    raise ValueError("DAG is missing the start_date parameter")
ValueError: DAG is missing the start_date parameter
[2024-07-15T12:22:32.640+0100] {processor.py:842} WARNING - No viable dags retrieved from /mnt/c/Users/Victor/Desktop/Final_Semester/data-engineering-final-semester-portfolio/airflow/dags/first_dag.py
[2024-07-15T12:22:32.849+0100] {processor.py:183} INFO - Processing /mnt/c/Users/Victor/Desktop/Final_Semester/data-engineering-final-semester-portfolio/airflow/dags/first_dag.py took 0.373 seconds
[2024-07-15T12:23:03.449+0100] {processor.py:161} INFO - Started process (PID=64592) to work on /mnt/c/Users/Victor/Desktop/Final_Semester/data-engineering-final-semester-portfolio/airflow/dags/first_dag.py
[2024-07-15T12:23:03.454+0100] {processor.py:830} INFO - Processing file /mnt/c/Users/Victor/Desktop/Final_Semester/data-engineering-final-semester-portfolio/airflow/dags/first_dag.py for tasks to queue
[2024-07-15T12:23:03.458+0100] {logging_mixin.py:188} INFO - [2024-07-15T12:23:03.456+0100] {dagbag.py:545} INFO - Filling up the DagBag from /mnt/c/Users/Victor/Desktop/Final_Semester/data-engineering-final-semester-portfolio/airflow/dags/first_dag.py
[2024-07-15T12:23:03.591+0100] {logging_mixin.py:188} INFO - [2024-07-15T12:23:03.535+0100] {dagbag.py:355} ERROR - Failed to import: /mnt/c/Users/Victor/Desktop/Final_Semester/data-engineering-final-semester-portfolio/airflow/dags/first_dag.py
Traceback (most recent call last):
  File "/home/victor/airflow_env/lib/python3.10/site-packages/airflow/models/dagbag.py", line 351, in parse
    loader.exec_module(new_module)
  File "<frozen importlib._bootstrap_external>", line 883, in exec_module
  File "<frozen importlib._bootstrap>", line 241, in _call_with_frames_removed
  File "/mnt/c/Users/Victor/Desktop/Final_Semester/data-engineering-final-semester-portfolio/airflow/dags/first_dag.py", line 16, in <module>
    with DAG(
  File "/home/victor/airflow_env/lib/python3.10/site-packages/airflow/models/dag.py", line 580, in __init__
    raise ValueError("DAG is missing the start_date parameter")
ValueError: DAG is missing the start_date parameter
[2024-07-15T12:23:03.603+0100] {processor.py:842} WARNING - No viable dags retrieved from /mnt/c/Users/Victor/Desktop/Final_Semester/data-engineering-final-semester-portfolio/airflow/dags/first_dag.py
[2024-07-15T12:23:03.822+0100] {processor.py:183} INFO - Processing /mnt/c/Users/Victor/Desktop/Final_Semester/data-engineering-final-semester-portfolio/airflow/dags/first_dag.py took 0.401 seconds
[2024-07-15T12:23:34.566+0100] {processor.py:161} INFO - Started process (PID=64732) to work on /mnt/c/Users/Victor/Desktop/Final_Semester/data-engineering-final-semester-portfolio/airflow/dags/first_dag.py
[2024-07-15T12:23:34.571+0100] {processor.py:830} INFO - Processing file /mnt/c/Users/Victor/Desktop/Final_Semester/data-engineering-final-semester-portfolio/airflow/dags/first_dag.py for tasks to queue
[2024-07-15T12:23:34.575+0100] {logging_mixin.py:188} INFO - [2024-07-15T12:23:34.574+0100] {dagbag.py:545} INFO - Filling up the DagBag from /mnt/c/Users/Victor/Desktop/Final_Semester/data-engineering-final-semester-portfolio/airflow/dags/first_dag.py
[2024-07-15T12:23:34.656+0100] {logging_mixin.py:188} INFO - [2024-07-15T12:23:34.637+0100] {dagbag.py:355} ERROR - Failed to import: /mnt/c/Users/Victor/Desktop/Final_Semester/data-engineering-final-semester-portfolio/airflow/dags/first_dag.py
Traceback (most recent call last):
  File "/home/victor/airflow_env/lib/python3.10/site-packages/airflow/models/dagbag.py", line 351, in parse
    loader.exec_module(new_module)
  File "<frozen importlib._bootstrap_external>", line 883, in exec_module
  File "<frozen importlib._bootstrap>", line 241, in _call_with_frames_removed
  File "/mnt/c/Users/Victor/Desktop/Final_Semester/data-engineering-final-semester-portfolio/airflow/dags/first_dag.py", line 16, in <module>
    with DAG(
  File "/home/victor/airflow_env/lib/python3.10/site-packages/airflow/models/dag.py", line 580, in __init__
    raise ValueError("DAG is missing the start_date parameter")
ValueError: DAG is missing the start_date parameter
[2024-07-15T12:23:34.664+0100] {processor.py:842} WARNING - No viable dags retrieved from /mnt/c/Users/Victor/Desktop/Final_Semester/data-engineering-final-semester-portfolio/airflow/dags/first_dag.py
[2024-07-15T12:23:34.890+0100] {processor.py:183} INFO - Processing /mnt/c/Users/Victor/Desktop/Final_Semester/data-engineering-final-semester-portfolio/airflow/dags/first_dag.py took 0.353 seconds
[2024-07-15T12:24:05.721+0100] {processor.py:161} INFO - Started process (PID=64878) to work on /mnt/c/Users/Victor/Desktop/Final_Semester/data-engineering-final-semester-portfolio/airflow/dags/first_dag.py
[2024-07-15T12:24:05.726+0100] {processor.py:830} INFO - Processing file /mnt/c/Users/Victor/Desktop/Final_Semester/data-engineering-final-semester-portfolio/airflow/dags/first_dag.py for tasks to queue
[2024-07-15T12:24:05.733+0100] {logging_mixin.py:188} INFO - [2024-07-15T12:24:05.731+0100] {dagbag.py:545} INFO - Filling up the DagBag from /mnt/c/Users/Victor/Desktop/Final_Semester/data-engineering-final-semester-portfolio/airflow/dags/first_dag.py
[2024-07-15T12:24:05.892+0100] {logging_mixin.py:188} INFO - [2024-07-15T12:24:05.849+0100] {dagbag.py:355} ERROR - Failed to import: /mnt/c/Users/Victor/Desktop/Final_Semester/data-engineering-final-semester-portfolio/airflow/dags/first_dag.py
Traceback (most recent call last):
  File "/home/victor/airflow_env/lib/python3.10/site-packages/airflow/models/dagbag.py", line 351, in parse
    loader.exec_module(new_module)
  File "<frozen importlib._bootstrap_external>", line 883, in exec_module
  File "<frozen importlib._bootstrap>", line 241, in _call_with_frames_removed
  File "/mnt/c/Users/Victor/Desktop/Final_Semester/data-engineering-final-semester-portfolio/airflow/dags/first_dag.py", line 16, in <module>
    with DAG(
  File "/home/victor/airflow_env/lib/python3.10/site-packages/airflow/models/dag.py", line 580, in __init__
    raise ValueError("DAG is missing the start_date parameter")
ValueError: DAG is missing the start_date parameter
[2024-07-15T12:24:05.906+0100] {processor.py:842} WARNING - No viable dags retrieved from /mnt/c/Users/Victor/Desktop/Final_Semester/data-engineering-final-semester-portfolio/airflow/dags/first_dag.py
[2024-07-15T12:24:06.410+0100] {processor.py:183} INFO - Processing /mnt/c/Users/Victor/Desktop/Final_Semester/data-engineering-final-semester-portfolio/airflow/dags/first_dag.py took 0.728 seconds
[2024-07-15T12:24:37.237+0100] {processor.py:161} INFO - Started process (PID=65021) to work on /mnt/c/Users/Victor/Desktop/Final_Semester/data-engineering-final-semester-portfolio/airflow/dags/first_dag.py
[2024-07-15T12:24:37.242+0100] {processor.py:830} INFO - Processing file /mnt/c/Users/Victor/Desktop/Final_Semester/data-engineering-final-semester-portfolio/airflow/dags/first_dag.py for tasks to queue
[2024-07-15T12:24:37.247+0100] {logging_mixin.py:188} INFO - [2024-07-15T12:24:37.245+0100] {dagbag.py:545} INFO - Filling up the DagBag from /mnt/c/Users/Victor/Desktop/Final_Semester/data-engineering-final-semester-portfolio/airflow/dags/first_dag.py
[2024-07-15T12:24:37.324+0100] {logging_mixin.py:188} INFO - [2024-07-15T12:24:37.303+0100] {dagbag.py:355} ERROR - Failed to import: /mnt/c/Users/Victor/Desktop/Final_Semester/data-engineering-final-semester-portfolio/airflow/dags/first_dag.py
Traceback (most recent call last):
  File "/home/victor/airflow_env/lib/python3.10/site-packages/airflow/models/dagbag.py", line 351, in parse
    loader.exec_module(new_module)
  File "<frozen importlib._bootstrap_external>", line 883, in exec_module
  File "<frozen importlib._bootstrap>", line 241, in _call_with_frames_removed
  File "/mnt/c/Users/Victor/Desktop/Final_Semester/data-engineering-final-semester-portfolio/airflow/dags/first_dag.py", line 16, in <module>
    with DAG(
  File "/home/victor/airflow_env/lib/python3.10/site-packages/airflow/models/dag.py", line 580, in __init__
    raise ValueError("DAG is missing the start_date parameter")
ValueError: DAG is missing the start_date parameter
[2024-07-15T12:24:37.331+0100] {processor.py:842} WARNING - No viable dags retrieved from /mnt/c/Users/Victor/Desktop/Final_Semester/data-engineering-final-semester-portfolio/airflow/dags/first_dag.py
[2024-07-15T12:24:37.533+0100] {processor.py:183} INFO - Processing /mnt/c/Users/Victor/Desktop/Final_Semester/data-engineering-final-semester-portfolio/airflow/dags/first_dag.py took 0.323 seconds
[2024-07-15T12:24:54.525+0100] {processor.py:161} INFO - Started process (PID=65182) to work on /mnt/c/Users/Victor/Desktop/Final_Semester/data-engineering-final-semester-portfolio/airflow/dags/first_dag.py
[2024-07-15T12:24:54.535+0100] {processor.py:830} INFO - Processing file /mnt/c/Users/Victor/Desktop/Final_Semester/data-engineering-final-semester-portfolio/airflow/dags/first_dag.py for tasks to queue
[2024-07-15T12:24:54.543+0100] {logging_mixin.py:188} INFO - [2024-07-15T12:24:54.540+0100] {dagbag.py:545} INFO - Filling up the DagBag from /mnt/c/Users/Victor/Desktop/Final_Semester/data-engineering-final-semester-portfolio/airflow/dags/first_dag.py
[2024-07-15T12:24:54.719+0100] {logging_mixin.py:188} INFO - [2024-07-15T12:24:54.683+0100] {dagbag.py:355} ERROR - Failed to import: /mnt/c/Users/Victor/Desktop/Final_Semester/data-engineering-final-semester-portfolio/airflow/dags/first_dag.py
Traceback (most recent call last):
  File "/home/victor/airflow_env/lib/python3.10/site-packages/airflow/models/dagbag.py", line 351, in parse
    loader.exec_module(new_module)
  File "<frozen importlib._bootstrap_external>", line 883, in exec_module
  File "<frozen importlib._bootstrap>", line 241, in _call_with_frames_removed
  File "/mnt/c/Users/Victor/Desktop/Final_Semester/data-engineering-final-semester-portfolio/airflow/dags/first_dag.py", line 16, in <module>
    with DAG(
  File "/home/victor/airflow_env/lib/python3.10/site-packages/airflow/models/dag.py", line 580, in __init__
    raise ValueError("DAG is missing the start_date parameter")
ValueError: DAG is missing the start_date parameter
[2024-07-15T12:24:54.725+0100] {processor.py:842} WARNING - No viable dags retrieved from /mnt/c/Users/Victor/Desktop/Final_Semester/data-engineering-final-semester-portfolio/airflow/dags/first_dag.py
[2024-07-15T12:24:55.121+0100] {processor.py:183} INFO - Processing /mnt/c/Users/Victor/Desktop/Final_Semester/data-engineering-final-semester-portfolio/airflow/dags/first_dag.py took 0.667 seconds
[2024-07-15T12:25:00.504+0100] {processor.py:161} INFO - Started process (PID=65213) to work on /mnt/c/Users/Victor/Desktop/Final_Semester/data-engineering-final-semester-portfolio/airflow/dags/first_dag.py
[2024-07-15T12:25:00.519+0100] {processor.py:830} INFO - Processing file /mnt/c/Users/Victor/Desktop/Final_Semester/data-engineering-final-semester-portfolio/airflow/dags/first_dag.py for tasks to queue
[2024-07-15T12:25:00.554+0100] {logging_mixin.py:188} INFO - [2024-07-15T12:25:00.552+0100] {dagbag.py:545} INFO - Filling up the DagBag from /mnt/c/Users/Victor/Desktop/Final_Semester/data-engineering-final-semester-portfolio/airflow/dags/first_dag.py
[2024-07-15T12:25:00.705+0100] {logging_mixin.py:188} INFO - [2024-07-15T12:25:00.702+0100] {dagbag.py:355} ERROR - Failed to import: /mnt/c/Users/Victor/Desktop/Final_Semester/data-engineering-final-semester-portfolio/airflow/dags/first_dag.py
Traceback (most recent call last):
  File "/home/victor/airflow_env/lib/python3.10/site-packages/airflow/models/dagbag.py", line 351, in parse
    loader.exec_module(new_module)
  File "<frozen importlib._bootstrap_external>", line 879, in exec_module
  File "<frozen importlib._bootstrap_external>", line 1017, in get_code
  File "<frozen importlib._bootstrap_external>", line 947, in source_to_code
  File "<frozen importlib._bootstrap>", line 241, in _call_with_frames_removed
  File "/mnt/c/Users/Victor/Desktop/Final_Semester/data-engineering-final-semester-portfolio/airflow/dags/first_dag.py", line 19
    start_date
    ^^^^^^^^^^^^
SyntaxError: invalid syntax. Perhaps you forgot a comma?
[2024-07-15T12:25:00.707+0100] {processor.py:842} WARNING - No viable dags retrieved from /mnt/c/Users/Victor/Desktop/Final_Semester/data-engineering-final-semester-portfolio/airflow/dags/first_dag.py
[2024-07-15T12:25:01.354+0100] {processor.py:183} INFO - Processing /mnt/c/Users/Victor/Desktop/Final_Semester/data-engineering-final-semester-portfolio/airflow/dags/first_dag.py took 1.017 seconds
[2024-07-15T12:25:03.870+0100] {processor.py:161} INFO - Started process (PID=65228) to work on /mnt/c/Users/Victor/Desktop/Final_Semester/data-engineering-final-semester-portfolio/airflow/dags/first_dag.py
[2024-07-15T12:25:03.874+0100] {processor.py:830} INFO - Processing file /mnt/c/Users/Victor/Desktop/Final_Semester/data-engineering-final-semester-portfolio/airflow/dags/first_dag.py for tasks to queue
[2024-07-15T12:25:03.883+0100] {logging_mixin.py:188} INFO - [2024-07-15T12:25:03.877+0100] {dagbag.py:545} INFO - Filling up the DagBag from /mnt/c/Users/Victor/Desktop/Final_Semester/data-engineering-final-semester-portfolio/airflow/dags/first_dag.py
[2024-07-15T12:25:03.973+0100] {logging_mixin.py:188} INFO - [2024-07-15T12:25:03.970+0100] {dagbag.py:355} ERROR - Failed to import: /mnt/c/Users/Victor/Desktop/Final_Semester/data-engineering-final-semester-portfolio/airflow/dags/first_dag.py
Traceback (most recent call last):
  File "/home/victor/airflow_env/lib/python3.10/site-packages/airflow/models/dagbag.py", line 351, in parse
    loader.exec_module(new_module)
  File "<frozen importlib._bootstrap_external>", line 879, in exec_module
  File "<frozen importlib._bootstrap_external>", line 1017, in get_code
  File "<frozen importlib._bootstrap_external>", line 947, in source_to_code
  File "<frozen importlib._bootstrap>", line 241, in _call_with_frames_removed
  File "/mnt/c/Users/Victor/Desktop/Final_Semester/data-engineering-final-semester-portfolio/airflow/dags/first_dag.py", line 19
    start_date="2024"
               ^
SyntaxError: invalid syntax. Perhaps you forgot a comma?
[2024-07-15T12:25:03.975+0100] {processor.py:842} WARNING - No viable dags retrieved from /mnt/c/Users/Victor/Desktop/Final_Semester/data-engineering-final-semester-portfolio/airflow/dags/first_dag.py
[2024-07-15T12:25:04.749+0100] {processor.py:183} INFO - Processing /mnt/c/Users/Victor/Desktop/Final_Semester/data-engineering-final-semester-portfolio/airflow/dags/first_dag.py took 0.920 seconds
[2024-07-15T12:25:12.716+0100] {processor.py:161} INFO - Started process (PID=65272) to work on /mnt/c/Users/Victor/Desktop/Final_Semester/data-engineering-final-semester-portfolio/airflow/dags/first_dag.py
[2024-07-15T12:25:12.721+0100] {processor.py:830} INFO - Processing file /mnt/c/Users/Victor/Desktop/Final_Semester/data-engineering-final-semester-portfolio/airflow/dags/first_dag.py for tasks to queue
[2024-07-15T12:25:12.725+0100] {logging_mixin.py:188} INFO - [2024-07-15T12:25:12.724+0100] {dagbag.py:545} INFO - Filling up the DagBag from /mnt/c/Users/Victor/Desktop/Final_Semester/data-engineering-final-semester-portfolio/airflow/dags/first_dag.py
[2024-07-15T12:25:12.810+0100] {logging_mixin.py:188} INFO - [2024-07-15T12:25:12.807+0100] {dagbag.py:355} ERROR - Failed to import: /mnt/c/Users/Victor/Desktop/Final_Semester/data-engineering-final-semester-portfolio/airflow/dags/first_dag.py
Traceback (most recent call last):
  File "/home/victor/airflow_env/lib/python3.10/site-packages/airflow/models/dagbag.py", line 351, in parse
    loader.exec_module(new_module)
  File "<frozen importlib._bootstrap_external>", line 879, in exec_module
  File "<frozen importlib._bootstrap_external>", line 1017, in get_code
  File "<frozen importlib._bootstrap_external>", line 947, in source_to_code
  File "<frozen importlib._bootstrap>", line 241, in _call_with_frames_removed
  File "/mnt/c/Users/Victor/Desktop/Final_Semester/data-engineering-final-semester-portfolio/airflow/dags/first_dag.py", line 19
    start_date="2024-07"
               ^
SyntaxError: invalid syntax. Perhaps you forgot a comma?
[2024-07-15T12:25:12.812+0100] {processor.py:842} WARNING - No viable dags retrieved from /mnt/c/Users/Victor/Desktop/Final_Semester/data-engineering-final-semester-portfolio/airflow/dags/first_dag.py
[2024-07-15T12:25:13.188+0100] {processor.py:183} INFO - Processing /mnt/c/Users/Victor/Desktop/Final_Semester/data-engineering-final-semester-portfolio/airflow/dags/first_dag.py took 0.503 seconds
[2024-07-15T12:25:16.668+0100] {processor.py:161} INFO - Started process (PID=65295) to work on /mnt/c/Users/Victor/Desktop/Final_Semester/data-engineering-final-semester-portfolio/airflow/dags/first_dag.py
[2024-07-15T12:25:16.673+0100] {processor.py:830} INFO - Processing file /mnt/c/Users/Victor/Desktop/Final_Semester/data-engineering-final-semester-portfolio/airflow/dags/first_dag.py for tasks to queue
[2024-07-15T12:25:16.677+0100] {logging_mixin.py:188} INFO - [2024-07-15T12:25:16.676+0100] {dagbag.py:545} INFO - Filling up the DagBag from /mnt/c/Users/Victor/Desktop/Final_Semester/data-engineering-final-semester-portfolio/airflow/dags/first_dag.py
[2024-07-15T12:25:16.807+0100] {logging_mixin.py:188} INFO - [2024-07-15T12:25:16.804+0100] {dagbag.py:355} ERROR - Failed to import: /mnt/c/Users/Victor/Desktop/Final_Semester/data-engineering-final-semester-portfolio/airflow/dags/first_dag.py
Traceback (most recent call last):
  File "/home/victor/airflow_env/lib/python3.10/site-packages/airflow/models/dagbag.py", line 351, in parse
    loader.exec_module(new_module)
  File "<frozen importlib._bootstrap_external>", line 879, in exec_module
  File "<frozen importlib._bootstrap_external>", line 1017, in get_code
  File "<frozen importlib._bootstrap_external>", line 947, in source_to_code
  File "<frozen importlib._bootstrap>", line 241, in _call_with_frames_removed
  File "/mnt/c/Users/Victor/Desktop/Final_Semester/data-engineering-final-semester-portfolio/airflow/dags/first_dag.py", line 19
    start_date="2024-07-"
               ^
SyntaxError: invalid syntax. Perhaps you forgot a comma?
[2024-07-15T12:25:16.810+0100] {processor.py:842} WARNING - No viable dags retrieved from /mnt/c/Users/Victor/Desktop/Final_Semester/data-engineering-final-semester-portfolio/airflow/dags/first_dag.py
[2024-07-15T12:25:18.118+0100] {processor.py:183} INFO - Processing /mnt/c/Users/Victor/Desktop/Final_Semester/data-engineering-final-semester-portfolio/airflow/dags/first_dag.py took 1.487 seconds
[2024-07-15T12:25:22.210+0100] {processor.py:161} INFO - Started process (PID=65319) to work on /mnt/c/Users/Victor/Desktop/Final_Semester/data-engineering-final-semester-portfolio/airflow/dags/first_dag.py
[2024-07-15T12:25:22.231+0100] {processor.py:830} INFO - Processing file /mnt/c/Users/Victor/Desktop/Final_Semester/data-engineering-final-semester-portfolio/airflow/dags/first_dag.py for tasks to queue
[2024-07-15T12:25:22.249+0100] {logging_mixin.py:188} INFO - [2024-07-15T12:25:22.247+0100] {dagbag.py:545} INFO - Filling up the DagBag from /mnt/c/Users/Victor/Desktop/Final_Semester/data-engineering-final-semester-portfolio/airflow/dags/first_dag.py
[2024-07-15T12:25:22.661+0100] {logging_mixin.py:188} INFO - [2024-07-15T12:25:22.657+0100] {dagbag.py:355} ERROR - Failed to import: /mnt/c/Users/Victor/Desktop/Final_Semester/data-engineering-final-semester-portfolio/airflow/dags/first_dag.py
Traceback (most recent call last):
  File "/home/victor/airflow_env/lib/python3.10/site-packages/airflow/models/dagbag.py", line 351, in parse
    loader.exec_module(new_module)
  File "<frozen importlib._bootstrap_external>", line 879, in exec_module
  File "<frozen importlib._bootstrap_external>", line 1017, in get_code
  File "<frozen importlib._bootstrap_external>", line 947, in source_to_code
  File "<frozen importlib._bootstrap>", line 241, in _call_with_frames_removed
  File "/mnt/c/Users/Victor/Desktop/Final_Semester/data-engineering-final-semester-portfolio/airflow/dags/first_dag.py", line 19
    start_date="2024-07-15"
               ^
SyntaxError: invalid syntax. Perhaps you forgot a comma?
[2024-07-15T12:25:22.674+0100] {processor.py:842} WARNING - No viable dags retrieved from /mnt/c/Users/Victor/Desktop/Final_Semester/data-engineering-final-semester-portfolio/airflow/dags/first_dag.py
[2024-07-15T12:25:23.854+0100] {processor.py:183} INFO - Processing /mnt/c/Users/Victor/Desktop/Final_Semester/data-engineering-final-semester-portfolio/airflow/dags/first_dag.py took 1.821 seconds
[2024-07-15T12:26:04.113+0100] {processor.py:161} INFO - Started process (PID=65511) to work on /mnt/c/Users/Victor/Desktop/Final_Semester/data-engineering-final-semester-portfolio/airflow/dags/first_dag.py
[2024-07-15T12:26:04.124+0100] {processor.py:830} INFO - Processing file /mnt/c/Users/Victor/Desktop/Final_Semester/data-engineering-final-semester-portfolio/airflow/dags/first_dag.py for tasks to queue
[2024-07-15T12:26:04.149+0100] {logging_mixin.py:188} INFO - [2024-07-15T12:26:04.147+0100] {dagbag.py:545} INFO - Filling up the DagBag from /mnt/c/Users/Victor/Desktop/Final_Semester/data-engineering-final-semester-portfolio/airflow/dags/first_dag.py
[2024-07-15T12:26:04.494+0100] {logging_mixin.py:188} INFO - [2024-07-15T12:26:04.491+0100] {dagbag.py:355} ERROR - Failed to import: /mnt/c/Users/Victor/Desktop/Final_Semester/data-engineering-final-semester-portfolio/airflow/dags/first_dag.py
Traceback (most recent call last):
  File "/home/victor/airflow_env/lib/python3.10/site-packages/airflow/models/dagbag.py", line 351, in parse
    loader.exec_module(new_module)
  File "<frozen importlib._bootstrap_external>", line 879, in exec_module
  File "<frozen importlib._bootstrap_external>", line 1017, in get_code
  File "<frozen importlib._bootstrap_external>", line 947, in source_to_code
  File "<frozen importlib._bootstrap>", line 241, in _call_with_frames_removed
  File "/mnt/c/Users/Victor/Desktop/Final_Semester/data-engineering-final-semester-portfolio/airflow/dags/first_dag.py", line 19
    start_date="2024-07-15"
               ^
SyntaxError: invalid syntax. Perhaps you forgot a comma?
[2024-07-15T12:26:04.555+0100] {processor.py:842} WARNING - No viable dags retrieved from /mnt/c/Users/Victor/Desktop/Final_Semester/data-engineering-final-semester-portfolio/airflow/dags/first_dag.py
[2024-07-15T12:26:08.097+0100] {processor.py:183} INFO - Processing /mnt/c/Users/Victor/Desktop/Final_Semester/data-engineering-final-semester-portfolio/airflow/dags/first_dag.py took 4.066 seconds
[2024-07-15T12:26:39.312+0100] {processor.py:161} INFO - Started process (PID=65778) to work on /mnt/c/Users/Victor/Desktop/Final_Semester/data-engineering-final-semester-portfolio/airflow/dags/first_dag.py
[2024-07-15T12:26:39.319+0100] {processor.py:830} INFO - Processing file /mnt/c/Users/Victor/Desktop/Final_Semester/data-engineering-final-semester-portfolio/airflow/dags/first_dag.py for tasks to queue
[2024-07-15T12:26:39.324+0100] {logging_mixin.py:188} INFO - [2024-07-15T12:26:39.322+0100] {dagbag.py:545} INFO - Filling up the DagBag from /mnt/c/Users/Victor/Desktop/Final_Semester/data-engineering-final-semester-portfolio/airflow/dags/first_dag.py
[2024-07-15T12:26:39.436+0100] {logging_mixin.py:188} INFO - [2024-07-15T12:26:39.432+0100] {dagbag.py:355} ERROR - Failed to import: /mnt/c/Users/Victor/Desktop/Final_Semester/data-engineering-final-semester-portfolio/airflow/dags/first_dag.py
Traceback (most recent call last):
  File "/home/victor/airflow_env/lib/python3.10/site-packages/airflow/models/dagbag.py", line 351, in parse
    loader.exec_module(new_module)
  File "<frozen importlib._bootstrap_external>", line 879, in exec_module
  File "<frozen importlib._bootstrap_external>", line 1017, in get_code
  File "<frozen importlib._bootstrap_external>", line 947, in source_to_code
  File "<frozen importlib._bootstrap>", line 241, in _call_with_frames_removed
  File "/mnt/c/Users/Victor/Desktop/Final_Semester/data-engineering-final-semester-portfolio/airflow/dags/first_dag.py", line 19
    start_date="2024-07-15"
               ^
SyntaxError: invalid syntax. Perhaps you forgot a comma?
[2024-07-15T12:26:39.438+0100] {processor.py:842} WARNING - No viable dags retrieved from /mnt/c/Users/Victor/Desktop/Final_Semester/data-engineering-final-semester-portfolio/airflow/dags/first_dag.py
[2024-07-15T12:26:39.733+0100] {processor.py:183} INFO - Processing /mnt/c/Users/Victor/Desktop/Final_Semester/data-engineering-final-semester-portfolio/airflow/dags/first_dag.py took 0.456 seconds
[2024-07-15T12:26:42.215+0100] {processor.py:161} INFO - Started process (PID=65795) to work on /mnt/c/Users/Victor/Desktop/Final_Semester/data-engineering-final-semester-portfolio/airflow/dags/first_dag.py
[2024-07-15T12:26:42.219+0100] {processor.py:830} INFO - Processing file /mnt/c/Users/Victor/Desktop/Final_Semester/data-engineering-final-semester-portfolio/airflow/dags/first_dag.py for tasks to queue
[2024-07-15T12:26:42.225+0100] {logging_mixin.py:188} INFO - [2024-07-15T12:26:42.223+0100] {dagbag.py:545} INFO - Filling up the DagBag from /mnt/c/Users/Victor/Desktop/Final_Semester/data-engineering-final-semester-portfolio/airflow/dags/first_dag.py
[2024-07-15T12:26:42.511+0100] {logging_mixin.py:188} INFO - [2024-07-15T12:26:42.448+0100] {dagbag.py:355} ERROR - Failed to import: /mnt/c/Users/Victor/Desktop/Final_Semester/data-engineering-final-semester-portfolio/airflow/dags/first_dag.py
Traceback (most recent call last):
  File "/home/victor/airflow_env/lib/python3.10/site-packages/airflow/models/dagbag.py", line 351, in parse
    loader.exec_module(new_module)
  File "<frozen importlib._bootstrap_external>", line 883, in exec_module
  File "<frozen importlib._bootstrap>", line 241, in _call_with_frames_removed
  File "/mnt/c/Users/Victor/Desktop/Final_Semester/data-engineering-final-semester-portfolio/airflow/dags/first_dag.py", line 16, in <module>
    with DAG(
  File "/home/victor/airflow_env/lib/python3.10/site-packages/airflow/models/dag.py", line 543, in __init__
    if start_date and start_date.tzinfo:
AttributeError: 'str' object has no attribute 'tzinfo'
[2024-07-15T12:26:42.529+0100] {processor.py:842} WARNING - No viable dags retrieved from /mnt/c/Users/Victor/Desktop/Final_Semester/data-engineering-final-semester-portfolio/airflow/dags/first_dag.py
[2024-07-15T12:26:43.480+0100] {processor.py:183} INFO - Processing /mnt/c/Users/Victor/Desktop/Final_Semester/data-engineering-final-semester-portfolio/airflow/dags/first_dag.py took 1.318 seconds
[2024-07-15T12:27:14.737+0100] {processor.py:161} INFO - Started process (PID=65977) to work on /mnt/c/Users/Victor/Desktop/Final_Semester/data-engineering-final-semester-portfolio/airflow/dags/first_dag.py
[2024-07-15T12:27:14.742+0100] {processor.py:830} INFO - Processing file /mnt/c/Users/Victor/Desktop/Final_Semester/data-engineering-final-semester-portfolio/airflow/dags/first_dag.py for tasks to queue
[2024-07-15T12:27:14.747+0100] {logging_mixin.py:188} INFO - [2024-07-15T12:27:14.745+0100] {dagbag.py:545} INFO - Filling up the DagBag from /mnt/c/Users/Victor/Desktop/Final_Semester/data-engineering-final-semester-portfolio/airflow/dags/first_dag.py
[2024-07-15T12:27:14.827+0100] {logging_mixin.py:188} INFO - [2024-07-15T12:27:14.810+0100] {dagbag.py:355} ERROR - Failed to import: /mnt/c/Users/Victor/Desktop/Final_Semester/data-engineering-final-semester-portfolio/airflow/dags/first_dag.py
Traceback (most recent call last):
  File "/home/victor/airflow_env/lib/python3.10/site-packages/airflow/models/dagbag.py", line 351, in parse
    loader.exec_module(new_module)
  File "<frozen importlib._bootstrap_external>", line 883, in exec_module
  File "<frozen importlib._bootstrap>", line 241, in _call_with_frames_removed
  File "/mnt/c/Users/Victor/Desktop/Final_Semester/data-engineering-final-semester-portfolio/airflow/dags/first_dag.py", line 16, in <module>
    with DAG(
  File "/home/victor/airflow_env/lib/python3.10/site-packages/airflow/models/dag.py", line 543, in __init__
    if start_date and start_date.tzinfo:
AttributeError: 'str' object has no attribute 'tzinfo'
[2024-07-15T12:27:14.835+0100] {processor.py:842} WARNING - No viable dags retrieved from /mnt/c/Users/Victor/Desktop/Final_Semester/data-engineering-final-semester-portfolio/airflow/dags/first_dag.py
[2024-07-15T12:27:15.064+0100] {processor.py:183} INFO - Processing /mnt/c/Users/Victor/Desktop/Final_Semester/data-engineering-final-semester-portfolio/airflow/dags/first_dag.py took 0.357 seconds
[2024-07-15T12:27:45.458+0100] {processor.py:161} INFO - Started process (PID=66145) to work on /mnt/c/Users/Victor/Desktop/Final_Semester/data-engineering-final-semester-portfolio/airflow/dags/first_dag.py
[2024-07-15T12:27:45.462+0100] {processor.py:830} INFO - Processing file /mnt/c/Users/Victor/Desktop/Final_Semester/data-engineering-final-semester-portfolio/airflow/dags/first_dag.py for tasks to queue
[2024-07-15T12:27:45.466+0100] {logging_mixin.py:188} INFO - [2024-07-15T12:27:45.465+0100] {dagbag.py:545} INFO - Filling up the DagBag from /mnt/c/Users/Victor/Desktop/Final_Semester/data-engineering-final-semester-portfolio/airflow/dags/first_dag.py
[2024-07-15T12:27:45.566+0100] {logging_mixin.py:188} INFO - [2024-07-15T12:27:45.542+0100] {dagbag.py:355} ERROR - Failed to import: /mnt/c/Users/Victor/Desktop/Final_Semester/data-engineering-final-semester-portfolio/airflow/dags/first_dag.py
Traceback (most recent call last):
  File "/home/victor/airflow_env/lib/python3.10/site-packages/airflow/models/dagbag.py", line 351, in parse
    loader.exec_module(new_module)
  File "<frozen importlib._bootstrap_external>", line 883, in exec_module
  File "<frozen importlib._bootstrap>", line 241, in _call_with_frames_removed
  File "/mnt/c/Users/Victor/Desktop/Final_Semester/data-engineering-final-semester-portfolio/airflow/dags/first_dag.py", line 16, in <module>
    with DAG(
  File "/home/victor/airflow_env/lib/python3.10/site-packages/airflow/models/dag.py", line 543, in __init__
    if start_date and start_date.tzinfo:
AttributeError: 'str' object has no attribute 'tzinfo'
[2024-07-15T12:27:45.575+0100] {processor.py:842} WARNING - No viable dags retrieved from /mnt/c/Users/Victor/Desktop/Final_Semester/data-engineering-final-semester-portfolio/airflow/dags/first_dag.py
[2024-07-15T12:27:45.996+0100] {processor.py:183} INFO - Processing /mnt/c/Users/Victor/Desktop/Final_Semester/data-engineering-final-semester-portfolio/airflow/dags/first_dag.py took 0.566 seconds
[2024-07-15T12:28:16.942+0100] {processor.py:161} INFO - Started process (PID=66287) to work on /mnt/c/Users/Victor/Desktop/Final_Semester/data-engineering-final-semester-portfolio/airflow/dags/first_dag.py
[2024-07-15T12:28:16.947+0100] {processor.py:830} INFO - Processing file /mnt/c/Users/Victor/Desktop/Final_Semester/data-engineering-final-semester-portfolio/airflow/dags/first_dag.py for tasks to queue
[2024-07-15T12:28:16.951+0100] {logging_mixin.py:188} INFO - [2024-07-15T12:28:16.950+0100] {dagbag.py:545} INFO - Filling up the DagBag from /mnt/c/Users/Victor/Desktop/Final_Semester/data-engineering-final-semester-portfolio/airflow/dags/first_dag.py
[2024-07-15T12:28:17.035+0100] {logging_mixin.py:188} INFO - [2024-07-15T12:28:17.017+0100] {dagbag.py:355} ERROR - Failed to import: /mnt/c/Users/Victor/Desktop/Final_Semester/data-engineering-final-semester-portfolio/airflow/dags/first_dag.py
Traceback (most recent call last):
  File "/home/victor/airflow_env/lib/python3.10/site-packages/airflow/models/dagbag.py", line 351, in parse
    loader.exec_module(new_module)
  File "<frozen importlib._bootstrap_external>", line 883, in exec_module
  File "<frozen importlib._bootstrap>", line 241, in _call_with_frames_removed
  File "/mnt/c/Users/Victor/Desktop/Final_Semester/data-engineering-final-semester-portfolio/airflow/dags/first_dag.py", line 16, in <module>
    with DAG(
  File "/home/victor/airflow_env/lib/python3.10/site-packages/airflow/models/dag.py", line 543, in __init__
    if start_date and start_date.tzinfo:
AttributeError: 'str' object has no attribute 'tzinfo'
[2024-07-15T12:28:17.044+0100] {processor.py:842} WARNING - No viable dags retrieved from /mnt/c/Users/Victor/Desktop/Final_Semester/data-engineering-final-semester-portfolio/airflow/dags/first_dag.py
[2024-07-15T12:28:17.330+0100] {processor.py:183} INFO - Processing /mnt/c/Users/Victor/Desktop/Final_Semester/data-engineering-final-semester-portfolio/airflow/dags/first_dag.py took 0.419 seconds
[2024-07-15T12:28:48.590+0100] {processor.py:161} INFO - Started process (PID=66434) to work on /mnt/c/Users/Victor/Desktop/Final_Semester/data-engineering-final-semester-portfolio/airflow/dags/first_dag.py
[2024-07-15T12:28:48.594+0100] {processor.py:830} INFO - Processing file /mnt/c/Users/Victor/Desktop/Final_Semester/data-engineering-final-semester-portfolio/airflow/dags/first_dag.py for tasks to queue
[2024-07-15T12:28:48.599+0100] {logging_mixin.py:188} INFO - [2024-07-15T12:28:48.597+0100] {dagbag.py:545} INFO - Filling up the DagBag from /mnt/c/Users/Victor/Desktop/Final_Semester/data-engineering-final-semester-portfolio/airflow/dags/first_dag.py
[2024-07-15T12:28:48.667+0100] {logging_mixin.py:188} INFO - [2024-07-15T12:28:48.649+0100] {dagbag.py:355} ERROR - Failed to import: /mnt/c/Users/Victor/Desktop/Final_Semester/data-engineering-final-semester-portfolio/airflow/dags/first_dag.py
Traceback (most recent call last):
  File "/home/victor/airflow_env/lib/python3.10/site-packages/airflow/models/dagbag.py", line 351, in parse
    loader.exec_module(new_module)
  File "<frozen importlib._bootstrap_external>", line 883, in exec_module
  File "<frozen importlib._bootstrap>", line 241, in _call_with_frames_removed
  File "/mnt/c/Users/Victor/Desktop/Final_Semester/data-engineering-final-semester-portfolio/airflow/dags/first_dag.py", line 16, in <module>
    with DAG(
  File "/home/victor/airflow_env/lib/python3.10/site-packages/airflow/models/dag.py", line 543, in __init__
    if start_date and start_date.tzinfo:
AttributeError: 'str' object has no attribute 'tzinfo'
[2024-07-15T12:28:48.673+0100] {processor.py:842} WARNING - No viable dags retrieved from /mnt/c/Users/Victor/Desktop/Final_Semester/data-engineering-final-semester-portfolio/airflow/dags/first_dag.py
[2024-07-15T12:28:48.877+0100] {processor.py:183} INFO - Processing /mnt/c/Users/Victor/Desktop/Final_Semester/data-engineering-final-semester-portfolio/airflow/dags/first_dag.py took 0.312 seconds
[2024-07-15T12:29:19.606+0100] {processor.py:161} INFO - Started process (PID=66574) to work on /mnt/c/Users/Victor/Desktop/Final_Semester/data-engineering-final-semester-portfolio/airflow/dags/first_dag.py
[2024-07-15T12:29:19.610+0100] {processor.py:830} INFO - Processing file /mnt/c/Users/Victor/Desktop/Final_Semester/data-engineering-final-semester-portfolio/airflow/dags/first_dag.py for tasks to queue
[2024-07-15T12:29:19.614+0100] {logging_mixin.py:188} INFO - [2024-07-15T12:29:19.612+0100] {dagbag.py:545} INFO - Filling up the DagBag from /mnt/c/Users/Victor/Desktop/Final_Semester/data-engineering-final-semester-portfolio/airflow/dags/first_dag.py
[2024-07-15T12:29:19.681+0100] {logging_mixin.py:188} INFO - [2024-07-15T12:29:19.659+0100] {dagbag.py:355} ERROR - Failed to import: /mnt/c/Users/Victor/Desktop/Final_Semester/data-engineering-final-semester-portfolio/airflow/dags/first_dag.py
Traceback (most recent call last):
  File "/home/victor/airflow_env/lib/python3.10/site-packages/airflow/models/dagbag.py", line 351, in parse
    loader.exec_module(new_module)
  File "<frozen importlib._bootstrap_external>", line 883, in exec_module
  File "<frozen importlib._bootstrap>", line 241, in _call_with_frames_removed
  File "/mnt/c/Users/Victor/Desktop/Final_Semester/data-engineering-final-semester-portfolio/airflow/dags/first_dag.py", line 16, in <module>
    with DAG(
  File "/home/victor/airflow_env/lib/python3.10/site-packages/airflow/models/dag.py", line 543, in __init__
    if start_date and start_date.tzinfo:
AttributeError: 'str' object has no attribute 'tzinfo'
[2024-07-15T12:29:19.687+0100] {processor.py:842} WARNING - No viable dags retrieved from /mnt/c/Users/Victor/Desktop/Final_Semester/data-engineering-final-semester-portfolio/airflow/dags/first_dag.py
[2024-07-15T12:29:19.888+0100] {processor.py:183} INFO - Processing /mnt/c/Users/Victor/Desktop/Final_Semester/data-engineering-final-semester-portfolio/airflow/dags/first_dag.py took 0.311 seconds
[2024-07-15T12:29:50.247+0100] {processor.py:161} INFO - Started process (PID=66716) to work on /mnt/c/Users/Victor/Desktop/Final_Semester/data-engineering-final-semester-portfolio/airflow/dags/first_dag.py
[2024-07-15T12:29:50.251+0100] {processor.py:830} INFO - Processing file /mnt/c/Users/Victor/Desktop/Final_Semester/data-engineering-final-semester-portfolio/airflow/dags/first_dag.py for tasks to queue
[2024-07-15T12:29:50.257+0100] {logging_mixin.py:188} INFO - [2024-07-15T12:29:50.255+0100] {dagbag.py:545} INFO - Filling up the DagBag from /mnt/c/Users/Victor/Desktop/Final_Semester/data-engineering-final-semester-portfolio/airflow/dags/first_dag.py
[2024-07-15T12:29:50.324+0100] {logging_mixin.py:188} INFO - [2024-07-15T12:29:50.307+0100] {dagbag.py:355} ERROR - Failed to import: /mnt/c/Users/Victor/Desktop/Final_Semester/data-engineering-final-semester-portfolio/airflow/dags/first_dag.py
Traceback (most recent call last):
  File "/home/victor/airflow_env/lib/python3.10/site-packages/airflow/models/dagbag.py", line 351, in parse
    loader.exec_module(new_module)
  File "<frozen importlib._bootstrap_external>", line 883, in exec_module
  File "<frozen importlib._bootstrap>", line 241, in _call_with_frames_removed
  File "/mnt/c/Users/Victor/Desktop/Final_Semester/data-engineering-final-semester-portfolio/airflow/dags/first_dag.py", line 16, in <module>
    with DAG(
  File "/home/victor/airflow_env/lib/python3.10/site-packages/airflow/models/dag.py", line 543, in __init__
    if start_date and start_date.tzinfo:
AttributeError: 'str' object has no attribute 'tzinfo'
[2024-07-15T12:29:50.330+0100] {processor.py:842} WARNING - No viable dags retrieved from /mnt/c/Users/Victor/Desktop/Final_Semester/data-engineering-final-semester-portfolio/airflow/dags/first_dag.py
[2024-07-15T12:29:50.649+0100] {processor.py:183} INFO - Processing /mnt/c/Users/Victor/Desktop/Final_Semester/data-engineering-final-semester-portfolio/airflow/dags/first_dag.py took 0.436 seconds
[2024-07-15T12:30:22.050+0100] {processor.py:161} INFO - Started process (PID=66875) to work on /mnt/c/Users/Victor/Desktop/Final_Semester/data-engineering-final-semester-portfolio/airflow/dags/first_dag.py
[2024-07-15T12:30:22.055+0100] {processor.py:830} INFO - Processing file /mnt/c/Users/Victor/Desktop/Final_Semester/data-engineering-final-semester-portfolio/airflow/dags/first_dag.py for tasks to queue
[2024-07-15T12:30:22.061+0100] {logging_mixin.py:188} INFO - [2024-07-15T12:30:22.060+0100] {dagbag.py:545} INFO - Filling up the DagBag from /mnt/c/Users/Victor/Desktop/Final_Semester/data-engineering-final-semester-portfolio/airflow/dags/first_dag.py
[2024-07-15T12:30:22.172+0100] {logging_mixin.py:188} INFO - [2024-07-15T12:30:22.129+0100] {dagbag.py:355} ERROR - Failed to import: /mnt/c/Users/Victor/Desktop/Final_Semester/data-engineering-final-semester-portfolio/airflow/dags/first_dag.py
Traceback (most recent call last):
  File "/home/victor/airflow_env/lib/python3.10/site-packages/airflow/models/dagbag.py", line 351, in parse
    loader.exec_module(new_module)
  File "<frozen importlib._bootstrap_external>", line 883, in exec_module
  File "<frozen importlib._bootstrap>", line 241, in _call_with_frames_removed
  File "/mnt/c/Users/Victor/Desktop/Final_Semester/data-engineering-final-semester-portfolio/airflow/dags/first_dag.py", line 16, in <module>
    with DAG(
  File "/home/victor/airflow_env/lib/python3.10/site-packages/airflow/models/dag.py", line 543, in __init__
    if start_date and start_date.tzinfo:
AttributeError: 'str' object has no attribute 'tzinfo'
[2024-07-15T12:30:22.183+0100] {processor.py:842} WARNING - No viable dags retrieved from /mnt/c/Users/Victor/Desktop/Final_Semester/data-engineering-final-semester-portfolio/airflow/dags/first_dag.py
[2024-07-15T12:30:22.530+0100] {processor.py:183} INFO - Processing /mnt/c/Users/Victor/Desktop/Final_Semester/data-engineering-final-semester-portfolio/airflow/dags/first_dag.py took 0.520 seconds
[2024-07-15T12:30:29.462+0100] {processor.py:161} INFO - Started process (PID=66986) to work on /mnt/c/Users/Victor/Desktop/Final_Semester/data-engineering-final-semester-portfolio/airflow/dags/first_dag.py
[2024-07-15T12:30:29.467+0100] {processor.py:830} INFO - Processing file /mnt/c/Users/Victor/Desktop/Final_Semester/data-engineering-final-semester-portfolio/airflow/dags/first_dag.py for tasks to queue
[2024-07-15T12:30:29.472+0100] {logging_mixin.py:188} INFO - [2024-07-15T12:30:29.470+0100] {dagbag.py:545} INFO - Filling up the DagBag from /mnt/c/Users/Victor/Desktop/Final_Semester/data-engineering-final-semester-portfolio/airflow/dags/first_dag.py
[2024-07-15T12:30:29.675+0100] {logging_mixin.py:188} INFO - [2024-07-15T12:30:29.630+0100] {dagbag.py:355} ERROR - Failed to import: /mnt/c/Users/Victor/Desktop/Final_Semester/data-engineering-final-semester-portfolio/airflow/dags/first_dag.py
Traceback (most recent call last):
  File "/home/victor/airflow_env/lib/python3.10/site-packages/airflow/models/dagbag.py", line 351, in parse
    loader.exec_module(new_module)
  File "<frozen importlib._bootstrap_external>", line 883, in exec_module
  File "<frozen importlib._bootstrap>", line 241, in _call_with_frames_removed
  File "/mnt/c/Users/Victor/Desktop/Final_Semester/data-engineering-final-semester-portfolio/airflow/dags/first_dag.py", line 17, in <module>
    with DAG(
  File "/home/victor/airflow_env/lib/python3.10/site-packages/airflow/models/dag.py", line 543, in __init__
    if start_date and start_date.tzinfo:
AttributeError: 'str' object has no attribute 'tzinfo'
[2024-07-15T12:30:29.701+0100] {processor.py:842} WARNING - No viable dags retrieved from /mnt/c/Users/Victor/Desktop/Final_Semester/data-engineering-final-semester-portfolio/airflow/dags/first_dag.py
[2024-07-15T12:30:30.269+0100] {processor.py:183} INFO - Processing /mnt/c/Users/Victor/Desktop/Final_Semester/data-engineering-final-semester-portfolio/airflow/dags/first_dag.py took 0.859 seconds
[2024-07-15T12:30:57.297+0100] {processor.py:161} INFO - Started process (PID=67114) to work on /mnt/c/Users/Victor/Desktop/Final_Semester/data-engineering-final-semester-portfolio/airflow/dags/first_dag.py
[2024-07-15T12:30:57.326+0100] {processor.py:830} INFO - Processing file /mnt/c/Users/Victor/Desktop/Final_Semester/data-engineering-final-semester-portfolio/airflow/dags/first_dag.py for tasks to queue
[2024-07-15T12:30:57.381+0100] {logging_mixin.py:188} INFO - [2024-07-15T12:30:57.372+0100] {dagbag.py:545} INFO - Filling up the DagBag from /mnt/c/Users/Victor/Desktop/Final_Semester/data-engineering-final-semester-portfolio/airflow/dags/first_dag.py
[2024-07-15T12:30:57.736+0100] {logging_mixin.py:188} INFO - [2024-07-15T12:30:57.733+0100] {dagbag.py:355} ERROR - Failed to import: /mnt/c/Users/Victor/Desktop/Final_Semester/data-engineering-final-semester-portfolio/airflow/dags/first_dag.py
Traceback (most recent call last):
  File "/home/victor/airflow_env/lib/python3.10/site-packages/airflow/models/dagbag.py", line 351, in parse
    loader.exec_module(new_module)
  File "<frozen importlib._bootstrap_external>", line 879, in exec_module
  File "<frozen importlib._bootstrap_external>", line 1017, in get_code
  File "<frozen importlib._bootstrap_external>", line 947, in source_to_code
  File "<frozen importlib._bootstrap>", line 241, in _call_with_frames_removed
  File "/mnt/c/Users/Victor/Desktop/Final_Semester/data-engineering-final-semester-portfolio/airflow/dags/first_dag.py", line 12
    "start_date":
                ^
SyntaxError: expression expected after dictionary key and ':'
[2024-07-15T12:30:57.739+0100] {processor.py:842} WARNING - No viable dags retrieved from /mnt/c/Users/Victor/Desktop/Final_Semester/data-engineering-final-semester-portfolio/airflow/dags/first_dag.py
[2024-07-15T12:30:58.589+0100] {processor.py:183} INFO - Processing /mnt/c/Users/Victor/Desktop/Final_Semester/data-engineering-final-semester-portfolio/airflow/dags/first_dag.py took 1.374 seconds
[2024-07-15T12:31:30.196+0100] {processor.py:161} INFO - Started process (PID=67263) to work on /mnt/c/Users/Victor/Desktop/Final_Semester/data-engineering-final-semester-portfolio/airflow/dags/first_dag.py
[2024-07-15T12:31:30.201+0100] {processor.py:830} INFO - Processing file /mnt/c/Users/Victor/Desktop/Final_Semester/data-engineering-final-semester-portfolio/airflow/dags/first_dag.py for tasks to queue
[2024-07-15T12:31:30.206+0100] {logging_mixin.py:188} INFO - [2024-07-15T12:31:30.204+0100] {dagbag.py:545} INFO - Filling up the DagBag from /mnt/c/Users/Victor/Desktop/Final_Semester/data-engineering-final-semester-portfolio/airflow/dags/first_dag.py
[2024-07-15T12:31:30.347+0100] {logging_mixin.py:188} INFO - [2024-07-15T12:31:30.343+0100] {dagbag.py:355} ERROR - Failed to import: /mnt/c/Users/Victor/Desktop/Final_Semester/data-engineering-final-semester-portfolio/airflow/dags/first_dag.py
Traceback (most recent call last):
  File "/home/victor/airflow_env/lib/python3.10/site-packages/airflow/models/dagbag.py", line 351, in parse
    loader.exec_module(new_module)
  File "<frozen importlib._bootstrap_external>", line 879, in exec_module
  File "<frozen importlib._bootstrap_external>", line 1017, in get_code
  File "<frozen importlib._bootstrap_external>", line 947, in source_to_code
  File "<frozen importlib._bootstrap>", line 241, in _call_with_frames_removed
  File "/mnt/c/Users/Victor/Desktop/Final_Semester/data-engineering-final-semester-portfolio/airflow/dags/first_dag.py", line 12
    "start_date":
                ^
SyntaxError: expression expected after dictionary key and ':'
[2024-07-15T12:31:30.350+0100] {processor.py:842} WARNING - No viable dags retrieved from /mnt/c/Users/Victor/Desktop/Final_Semester/data-engineering-final-semester-portfolio/airflow/dags/first_dag.py
[2024-07-15T12:31:30.786+0100] {processor.py:183} INFO - Processing /mnt/c/Users/Victor/Desktop/Final_Semester/data-engineering-final-semester-portfolio/airflow/dags/first_dag.py took 0.617 seconds
[2024-07-15T12:32:01.374+0100] {processor.py:161} INFO - Started process (PID=67411) to work on /mnt/c/Users/Victor/Desktop/Final_Semester/data-engineering-final-semester-portfolio/airflow/dags/first_dag.py
[2024-07-15T12:32:01.379+0100] {processor.py:830} INFO - Processing file /mnt/c/Users/Victor/Desktop/Final_Semester/data-engineering-final-semester-portfolio/airflow/dags/first_dag.py for tasks to queue
[2024-07-15T12:32:01.390+0100] {logging_mixin.py:188} INFO - [2024-07-15T12:32:01.387+0100] {dagbag.py:545} INFO - Filling up the DagBag from /mnt/c/Users/Victor/Desktop/Final_Semester/data-engineering-final-semester-portfolio/airflow/dags/first_dag.py
[2024-07-15T12:32:01.507+0100] {logging_mixin.py:188} INFO - [2024-07-15T12:32:01.504+0100] {dagbag.py:355} ERROR - Failed to import: /mnt/c/Users/Victor/Desktop/Final_Semester/data-engineering-final-semester-portfolio/airflow/dags/first_dag.py
Traceback (most recent call last):
  File "/home/victor/airflow_env/lib/python3.10/site-packages/airflow/models/dagbag.py", line 351, in parse
    loader.exec_module(new_module)
  File "<frozen importlib._bootstrap_external>", line 879, in exec_module
  File "<frozen importlib._bootstrap_external>", line 1017, in get_code
  File "<frozen importlib._bootstrap_external>", line 947, in source_to_code
  File "<frozen importlib._bootstrap>", line 241, in _call_with_frames_removed
  File "/mnt/c/Users/Victor/Desktop/Final_Semester/data-engineering-final-semester-portfolio/airflow/dags/first_dag.py", line 12
    "start_date":
                ^
SyntaxError: expression expected after dictionary key and ':'
[2024-07-15T12:32:01.511+0100] {processor.py:842} WARNING - No viable dags retrieved from /mnt/c/Users/Victor/Desktop/Final_Semester/data-engineering-final-semester-portfolio/airflow/dags/first_dag.py
[2024-07-15T12:32:01.812+0100] {processor.py:183} INFO - Processing /mnt/c/Users/Victor/Desktop/Final_Semester/data-engineering-final-semester-portfolio/airflow/dags/first_dag.py took 0.497 seconds
[2024-07-15T12:32:32.134+0100] {processor.py:161} INFO - Started process (PID=67578) to work on /mnt/c/Users/Victor/Desktop/Final_Semester/data-engineering-final-semester-portfolio/airflow/dags/first_dag.py
[2024-07-15T12:32:32.138+0100] {processor.py:830} INFO - Processing file /mnt/c/Users/Victor/Desktop/Final_Semester/data-engineering-final-semester-portfolio/airflow/dags/first_dag.py for tasks to queue
[2024-07-15T12:32:32.143+0100] {logging_mixin.py:188} INFO - [2024-07-15T12:32:32.141+0100] {dagbag.py:545} INFO - Filling up the DagBag from /mnt/c/Users/Victor/Desktop/Final_Semester/data-engineering-final-semester-portfolio/airflow/dags/first_dag.py
[2024-07-15T12:32:32.199+0100] {logging_mixin.py:188} INFO - [2024-07-15T12:32:32.196+0100] {dagbag.py:355} ERROR - Failed to import: /mnt/c/Users/Victor/Desktop/Final_Semester/data-engineering-final-semester-portfolio/airflow/dags/first_dag.py
Traceback (most recent call last):
  File "/home/victor/airflow_env/lib/python3.10/site-packages/airflow/models/dagbag.py", line 351, in parse
    loader.exec_module(new_module)
  File "<frozen importlib._bootstrap_external>", line 879, in exec_module
  File "<frozen importlib._bootstrap_external>", line 1017, in get_code
  File "<frozen importlib._bootstrap_external>", line 947, in source_to_code
  File "<frozen importlib._bootstrap>", line 241, in _call_with_frames_removed
  File "/mnt/c/Users/Victor/Desktop/Final_Semester/data-engineering-final-semester-portfolio/airflow/dags/first_dag.py", line 12
    "start_date":
                ^
SyntaxError: expression expected after dictionary key and ':'
[2024-07-15T12:32:32.200+0100] {processor.py:842} WARNING - No viable dags retrieved from /mnt/c/Users/Victor/Desktop/Final_Semester/data-engineering-final-semester-portfolio/airflow/dags/first_dag.py
[2024-07-15T12:32:32.436+0100] {processor.py:183} INFO - Processing /mnt/c/Users/Victor/Desktop/Final_Semester/data-engineering-final-semester-portfolio/airflow/dags/first_dag.py took 0.330 seconds
[2024-07-15T12:33:03.060+0100] {processor.py:161} INFO - Started process (PID=67719) to work on /mnt/c/Users/Victor/Desktop/Final_Semester/data-engineering-final-semester-portfolio/airflow/dags/first_dag.py
[2024-07-15T12:33:03.064+0100] {processor.py:830} INFO - Processing file /mnt/c/Users/Victor/Desktop/Final_Semester/data-engineering-final-semester-portfolio/airflow/dags/first_dag.py for tasks to queue
[2024-07-15T12:33:03.068+0100] {logging_mixin.py:188} INFO - [2024-07-15T12:33:03.067+0100] {dagbag.py:545} INFO - Filling up the DagBag from /mnt/c/Users/Victor/Desktop/Final_Semester/data-engineering-final-semester-portfolio/airflow/dags/first_dag.py
[2024-07-15T12:33:03.121+0100] {logging_mixin.py:188} INFO - [2024-07-15T12:33:03.118+0100] {dagbag.py:355} ERROR - Failed to import: /mnt/c/Users/Victor/Desktop/Final_Semester/data-engineering-final-semester-portfolio/airflow/dags/first_dag.py
Traceback (most recent call last):
  File "/home/victor/airflow_env/lib/python3.10/site-packages/airflow/models/dagbag.py", line 351, in parse
    loader.exec_module(new_module)
  File "<frozen importlib._bootstrap_external>", line 879, in exec_module
  File "<frozen importlib._bootstrap_external>", line 1017, in get_code
  File "<frozen importlib._bootstrap_external>", line 947, in source_to_code
  File "<frozen importlib._bootstrap>", line 241, in _call_with_frames_removed
  File "/mnt/c/Users/Victor/Desktop/Final_Semester/data-engineering-final-semester-portfolio/airflow/dags/first_dag.py", line 12
    "start_date":
                ^
SyntaxError: expression expected after dictionary key and ':'
[2024-07-15T12:33:03.123+0100] {processor.py:842} WARNING - No viable dags retrieved from /mnt/c/Users/Victor/Desktop/Final_Semester/data-engineering-final-semester-portfolio/airflow/dags/first_dag.py
[2024-07-15T12:33:03.403+0100] {processor.py:183} INFO - Processing /mnt/c/Users/Victor/Desktop/Final_Semester/data-engineering-final-semester-portfolio/airflow/dags/first_dag.py took 0.371 seconds
[2024-07-15T12:33:34.236+0100] {processor.py:161} INFO - Started process (PID=67857) to work on /mnt/c/Users/Victor/Desktop/Final_Semester/data-engineering-final-semester-portfolio/airflow/dags/first_dag.py
[2024-07-15T12:33:34.240+0100] {processor.py:830} INFO - Processing file /mnt/c/Users/Victor/Desktop/Final_Semester/data-engineering-final-semester-portfolio/airflow/dags/first_dag.py for tasks to queue
[2024-07-15T12:33:34.244+0100] {logging_mixin.py:188} INFO - [2024-07-15T12:33:34.243+0100] {dagbag.py:545} INFO - Filling up the DagBag from /mnt/c/Users/Victor/Desktop/Final_Semester/data-engineering-final-semester-portfolio/airflow/dags/first_dag.py
[2024-07-15T12:33:34.306+0100] {logging_mixin.py:188} INFO - [2024-07-15T12:33:34.303+0100] {dagbag.py:355} ERROR - Failed to import: /mnt/c/Users/Victor/Desktop/Final_Semester/data-engineering-final-semester-portfolio/airflow/dags/first_dag.py
Traceback (most recent call last):
  File "/home/victor/airflow_env/lib/python3.10/site-packages/airflow/models/dagbag.py", line 351, in parse
    loader.exec_module(new_module)
  File "<frozen importlib._bootstrap_external>", line 879, in exec_module
  File "<frozen importlib._bootstrap_external>", line 1017, in get_code
  File "<frozen importlib._bootstrap_external>", line 947, in source_to_code
  File "<frozen importlib._bootstrap>", line 241, in _call_with_frames_removed
  File "/mnt/c/Users/Victor/Desktop/Final_Semester/data-engineering-final-semester-portfolio/airflow/dags/first_dag.py", line 12
    "start_date":
                ^
SyntaxError: expression expected after dictionary key and ':'
[2024-07-15T12:33:34.308+0100] {processor.py:842} WARNING - No viable dags retrieved from /mnt/c/Users/Victor/Desktop/Final_Semester/data-engineering-final-semester-portfolio/airflow/dags/first_dag.py
[2024-07-15T12:33:34.492+0100] {processor.py:183} INFO - Processing /mnt/c/Users/Victor/Desktop/Final_Semester/data-engineering-final-semester-portfolio/airflow/dags/first_dag.py took 0.283 seconds
[2024-07-15T12:34:06.917+0100] {processor.py:161} INFO - Started process (PID=68004) to work on /mnt/c/Users/Victor/Desktop/Final_Semester/data-engineering-final-semester-portfolio/airflow/dags/first_dag.py
[2024-07-15T12:34:06.956+0100] {processor.py:830} INFO - Processing file /mnt/c/Users/Victor/Desktop/Final_Semester/data-engineering-final-semester-portfolio/airflow/dags/first_dag.py for tasks to queue
[2024-07-15T12:34:07.092+0100] {logging_mixin.py:188} INFO - [2024-07-15T12:34:07.091+0100] {dagbag.py:545} INFO - Filling up the DagBag from /mnt/c/Users/Victor/Desktop/Final_Semester/data-engineering-final-semester-portfolio/airflow/dags/first_dag.py
[2024-07-15T12:34:10.136+0100] {logging_mixin.py:188} INFO - [2024-07-15T12:34:10.132+0100] {dagbag.py:355} ERROR - Failed to import: /mnt/c/Users/Victor/Desktop/Final_Semester/data-engineering-final-semester-portfolio/airflow/dags/first_dag.py
Traceback (most recent call last):
  File "/home/victor/airflow_env/lib/python3.10/site-packages/airflow/models/dagbag.py", line 351, in parse
    loader.exec_module(new_module)
  File "<frozen importlib._bootstrap_external>", line 879, in exec_module
  File "<frozen importlib._bootstrap_external>", line 1017, in get_code
  File "<frozen importlib._bootstrap_external>", line 947, in source_to_code
  File "<frozen importlib._bootstrap>", line 241, in _call_with_frames_removed
  File "/mnt/c/Users/Victor/Desktop/Final_Semester/data-engineering-final-semester-portfolio/airflow/dags/first_dag.py", line 12
    "start_date":
                ^
SyntaxError: expression expected after dictionary key and ':'
[2024-07-15T12:34:10.155+0100] {processor.py:842} WARNING - No viable dags retrieved from /mnt/c/Users/Victor/Desktop/Final_Semester/data-engineering-final-semester-portfolio/airflow/dags/first_dag.py
[2024-07-15T12:34:11.406+0100] {processor.py:183} INFO - Processing /mnt/c/Users/Victor/Desktop/Final_Semester/data-engineering-final-semester-portfolio/airflow/dags/first_dag.py took 4.546 seconds
[2024-07-15T12:34:42.515+0100] {processor.py:161} INFO - Started process (PID=68168) to work on /mnt/c/Users/Victor/Desktop/Final_Semester/data-engineering-final-semester-portfolio/airflow/dags/first_dag.py
[2024-07-15T12:34:42.521+0100] {processor.py:830} INFO - Processing file /mnt/c/Users/Victor/Desktop/Final_Semester/data-engineering-final-semester-portfolio/airflow/dags/first_dag.py for tasks to queue
[2024-07-15T12:34:42.526+0100] {logging_mixin.py:188} INFO - [2024-07-15T12:34:42.525+0100] {dagbag.py:545} INFO - Filling up the DagBag from /mnt/c/Users/Victor/Desktop/Final_Semester/data-engineering-final-semester-portfolio/airflow/dags/first_dag.py
[2024-07-15T12:34:42.598+0100] {logging_mixin.py:188} INFO - [2024-07-15T12:34:42.595+0100] {dagbag.py:355} ERROR - Failed to import: /mnt/c/Users/Victor/Desktop/Final_Semester/data-engineering-final-semester-portfolio/airflow/dags/first_dag.py
Traceback (most recent call last):
  File "/home/victor/airflow_env/lib/python3.10/site-packages/airflow/models/dagbag.py", line 351, in parse
    loader.exec_module(new_module)
  File "<frozen importlib._bootstrap_external>", line 879, in exec_module
  File "<frozen importlib._bootstrap_external>", line 1017, in get_code
  File "<frozen importlib._bootstrap_external>", line 947, in source_to_code
  File "<frozen importlib._bootstrap>", line 241, in _call_with_frames_removed
  File "/mnt/c/Users/Victor/Desktop/Final_Semester/data-engineering-final-semester-portfolio/airflow/dags/first_dag.py", line 12
    "start_date":
                ^
SyntaxError: expression expected after dictionary key and ':'
[2024-07-15T12:34:42.601+0100] {processor.py:842} WARNING - No viable dags retrieved from /mnt/c/Users/Victor/Desktop/Final_Semester/data-engineering-final-semester-portfolio/airflow/dags/first_dag.py
[2024-07-15T12:34:42.903+0100] {processor.py:183} INFO - Processing /mnt/c/Users/Victor/Desktop/Final_Semester/data-engineering-final-semester-portfolio/airflow/dags/first_dag.py took 0.416 seconds
[2024-07-15T12:35:13.895+0100] {processor.py:161} INFO - Started process (PID=68355) to work on /mnt/c/Users/Victor/Desktop/Final_Semester/data-engineering-final-semester-portfolio/airflow/dags/first_dag.py
[2024-07-15T12:35:13.903+0100] {processor.py:830} INFO - Processing file /mnt/c/Users/Victor/Desktop/Final_Semester/data-engineering-final-semester-portfolio/airflow/dags/first_dag.py for tasks to queue
[2024-07-15T12:35:13.907+0100] {logging_mixin.py:188} INFO - [2024-07-15T12:35:13.905+0100] {dagbag.py:545} INFO - Filling up the DagBag from /mnt/c/Users/Victor/Desktop/Final_Semester/data-engineering-final-semester-portfolio/airflow/dags/first_dag.py
[2024-07-15T12:35:14.001+0100] {logging_mixin.py:188} INFO - [2024-07-15T12:35:13.992+0100] {dagbag.py:355} ERROR - Failed to import: /mnt/c/Users/Victor/Desktop/Final_Semester/data-engineering-final-semester-portfolio/airflow/dags/first_dag.py
Traceback (most recent call last):
  File "/home/victor/airflow_env/lib/python3.10/site-packages/airflow/models/dagbag.py", line 351, in parse
    loader.exec_module(new_module)
  File "<frozen importlib._bootstrap_external>", line 879, in exec_module
  File "<frozen importlib._bootstrap_external>", line 1017, in get_code
  File "<frozen importlib._bootstrap_external>", line 947, in source_to_code
  File "<frozen importlib._bootstrap>", line 241, in _call_with_frames_removed
  File "/mnt/c/Users/Victor/Desktop/Final_Semester/data-engineering-final-semester-portfolio/airflow/dags/first_dag.py", line 12
    "start_date":
                ^
SyntaxError: expression expected after dictionary key and ':'
[2024-07-15T12:35:14.004+0100] {processor.py:842} WARNING - No viable dags retrieved from /mnt/c/Users/Victor/Desktop/Final_Semester/data-engineering-final-semester-portfolio/airflow/dags/first_dag.py
[2024-07-15T12:35:14.195+0100] {processor.py:183} INFO - Processing /mnt/c/Users/Victor/Desktop/Final_Semester/data-engineering-final-semester-portfolio/airflow/dags/first_dag.py took 0.335 seconds
[2024-07-15T12:35:45.066+0100] {processor.py:161} INFO - Started process (PID=68589) to work on /mnt/c/Users/Victor/Desktop/Final_Semester/data-engineering-final-semester-portfolio/airflow/dags/first_dag.py
[2024-07-15T12:35:45.070+0100] {processor.py:830} INFO - Processing file /mnt/c/Users/Victor/Desktop/Final_Semester/data-engineering-final-semester-portfolio/airflow/dags/first_dag.py for tasks to queue
[2024-07-15T12:35:45.075+0100] {logging_mixin.py:188} INFO - [2024-07-15T12:35:45.072+0100] {dagbag.py:545} INFO - Filling up the DagBag from /mnt/c/Users/Victor/Desktop/Final_Semester/data-engineering-final-semester-portfolio/airflow/dags/first_dag.py
[2024-07-15T12:35:45.140+0100] {logging_mixin.py:188} INFO - [2024-07-15T12:35:45.137+0100] {dagbag.py:355} ERROR - Failed to import: /mnt/c/Users/Victor/Desktop/Final_Semester/data-engineering-final-semester-portfolio/airflow/dags/first_dag.py
Traceback (most recent call last):
  File "/home/victor/airflow_env/lib/python3.10/site-packages/airflow/models/dagbag.py", line 351, in parse
    loader.exec_module(new_module)
  File "<frozen importlib._bootstrap_external>", line 879, in exec_module
  File "<frozen importlib._bootstrap_external>", line 1017, in get_code
  File "<frozen importlib._bootstrap_external>", line 947, in source_to_code
  File "<frozen importlib._bootstrap>", line 241, in _call_with_frames_removed
  File "/mnt/c/Users/Victor/Desktop/Final_Semester/data-engineering-final-semester-portfolio/airflow/dags/first_dag.py", line 12
    "start_date":
                ^
SyntaxError: expression expected after dictionary key and ':'
[2024-07-15T12:35:45.142+0100] {processor.py:842} WARNING - No viable dags retrieved from /mnt/c/Users/Victor/Desktop/Final_Semester/data-engineering-final-semester-portfolio/airflow/dags/first_dag.py
[2024-07-15T12:35:45.431+0100] {processor.py:183} INFO - Processing /mnt/c/Users/Victor/Desktop/Final_Semester/data-engineering-final-semester-portfolio/airflow/dags/first_dag.py took 0.396 seconds
[2024-07-15T12:36:16.660+0100] {processor.py:161} INFO - Started process (PID=68736) to work on /mnt/c/Users/Victor/Desktop/Final_Semester/data-engineering-final-semester-portfolio/airflow/dags/first_dag.py
[2024-07-15T12:36:16.664+0100] {processor.py:830} INFO - Processing file /mnt/c/Users/Victor/Desktop/Final_Semester/data-engineering-final-semester-portfolio/airflow/dags/first_dag.py for tasks to queue
[2024-07-15T12:36:16.669+0100] {logging_mixin.py:188} INFO - [2024-07-15T12:36:16.667+0100] {dagbag.py:545} INFO - Filling up the DagBag from /mnt/c/Users/Victor/Desktop/Final_Semester/data-engineering-final-semester-portfolio/airflow/dags/first_dag.py
[2024-07-15T12:36:16.734+0100] {logging_mixin.py:188} INFO - [2024-07-15T12:36:16.732+0100] {dagbag.py:355} ERROR - Failed to import: /mnt/c/Users/Victor/Desktop/Final_Semester/data-engineering-final-semester-portfolio/airflow/dags/first_dag.py
Traceback (most recent call last):
  File "/home/victor/airflow_env/lib/python3.10/site-packages/airflow/models/dagbag.py", line 351, in parse
    loader.exec_module(new_module)
  File "<frozen importlib._bootstrap_external>", line 879, in exec_module
  File "<frozen importlib._bootstrap_external>", line 1017, in get_code
  File "<frozen importlib._bootstrap_external>", line 947, in source_to_code
  File "<frozen importlib._bootstrap>", line 241, in _call_with_frames_removed
  File "/mnt/c/Users/Victor/Desktop/Final_Semester/data-engineering-final-semester-portfolio/airflow/dags/first_dag.py", line 12
    "start_date":
                ^
SyntaxError: expression expected after dictionary key and ':'
[2024-07-15T12:36:16.736+0100] {processor.py:842} WARNING - No viable dags retrieved from /mnt/c/Users/Victor/Desktop/Final_Semester/data-engineering-final-semester-portfolio/airflow/dags/first_dag.py
[2024-07-15T12:36:16.933+0100] {processor.py:183} INFO - Processing /mnt/c/Users/Victor/Desktop/Final_Semester/data-engineering-final-semester-portfolio/airflow/dags/first_dag.py took 0.307 seconds
[2024-07-15T12:36:47.872+0100] {processor.py:161} INFO - Started process (PID=68875) to work on /mnt/c/Users/Victor/Desktop/Final_Semester/data-engineering-final-semester-portfolio/airflow/dags/first_dag.py
[2024-07-15T12:36:47.877+0100] {processor.py:830} INFO - Processing file /mnt/c/Users/Victor/Desktop/Final_Semester/data-engineering-final-semester-portfolio/airflow/dags/first_dag.py for tasks to queue
[2024-07-15T12:36:47.882+0100] {logging_mixin.py:188} INFO - [2024-07-15T12:36:47.880+0100] {dagbag.py:545} INFO - Filling up the DagBag from /mnt/c/Users/Victor/Desktop/Final_Semester/data-engineering-final-semester-portfolio/airflow/dags/first_dag.py
[2024-07-15T12:36:47.946+0100] {logging_mixin.py:188} INFO - [2024-07-15T12:36:47.943+0100] {dagbag.py:355} ERROR - Failed to import: /mnt/c/Users/Victor/Desktop/Final_Semester/data-engineering-final-semester-portfolio/airflow/dags/first_dag.py
Traceback (most recent call last):
  File "/home/victor/airflow_env/lib/python3.10/site-packages/airflow/models/dagbag.py", line 351, in parse
    loader.exec_module(new_module)
  File "<frozen importlib._bootstrap_external>", line 879, in exec_module
  File "<frozen importlib._bootstrap_external>", line 1017, in get_code
  File "<frozen importlib._bootstrap_external>", line 947, in source_to_code
  File "<frozen importlib._bootstrap>", line 241, in _call_with_frames_removed
  File "/mnt/c/Users/Victor/Desktop/Final_Semester/data-engineering-final-semester-portfolio/airflow/dags/first_dag.py", line 12
    "start_date":
                ^
SyntaxError: expression expected after dictionary key and ':'
[2024-07-15T12:36:47.948+0100] {processor.py:842} WARNING - No viable dags retrieved from /mnt/c/Users/Victor/Desktop/Final_Semester/data-engineering-final-semester-portfolio/airflow/dags/first_dag.py
[2024-07-15T12:36:48.177+0100] {processor.py:183} INFO - Processing /mnt/c/Users/Victor/Desktop/Final_Semester/data-engineering-final-semester-portfolio/airflow/dags/first_dag.py took 0.332 seconds
