[2024-07-17T03:18:38.914+0100] {processor.py:161} INFO - Started process (PID=3429) to work on /mnt/c/Users/Victor/Desktop/Final_Semester/data-engineering-final-semester-portfolio/airflow/dags/first_dag.py
[2024-07-17T03:18:38.918+0100] {processor.py:830} INFO - Processing file /mnt/c/Users/Victor/Desktop/Final_Semester/data-engineering-final-semester-portfolio/airflow/dags/first_dag.py for tasks to queue
[2024-07-17T03:18:38.932+0100] {logging_mixin.py:188} INFO - [2024-07-17T03:18:38.931+0100] {dagbag.py:545} INFO - Filling up the DagBag from /mnt/c/Users/Victor/Desktop/Final_Semester/data-engineering-final-semester-portfolio/airflow/dags/first_dag.py
[2024-07-17T03:18:39.052+0100] {logging_mixin.py:188} INFO - [2024-07-17T03:18:39.026+0100] {dagbag.py:355} ERROR - Failed to import: /mnt/c/Users/Victor/Desktop/Final_Semester/data-engineering-final-semester-portfolio/airflow/dags/first_dag.py
Traceback (most recent call last):
  File "/home/victor/airflow_env/lib/python3.10/site-packages/airflow/models/dagbag.py", line 351, in parse
    loader.exec_module(new_module)
  File "<frozen importlib._bootstrap_external>", line 879, in exec_module
  File "<frozen importlib._bootstrap_external>", line 1017, in get_code
  File "<frozen importlib._bootstrap_external>", line 947, in source_to_code
  File "<frozen importlib._bootstrap>", line 241, in _call_with_frames_removed
  File "/mnt/c/Users/Victor/Desktop/Final_Semester/data-engineering-final-semester-portfolio/airflow/dags/first_dag.py", line 12
    "start_date":
                ^
SyntaxError: expression expected after dictionary key and ':'
[2024-07-17T03:18:39.054+0100] {processor.py:842} WARNING - No viable dags retrieved from /mnt/c/Users/Victor/Desktop/Final_Semester/data-engineering-final-semester-portfolio/airflow/dags/first_dag.py
[2024-07-17T03:18:39.349+0100] {processor.py:183} INFO - Processing /mnt/c/Users/Victor/Desktop/Final_Semester/data-engineering-final-semester-portfolio/airflow/dags/first_dag.py took 0.467 seconds
[2024-07-17T03:19:11.242+0100] {processor.py:161} INFO - Started process (PID=3665) to work on /mnt/c/Users/Victor/Desktop/Final_Semester/data-engineering-final-semester-portfolio/airflow/dags/first_dag.py
[2024-07-17T03:19:11.285+0100] {processor.py:830} INFO - Processing file /mnt/c/Users/Victor/Desktop/Final_Semester/data-engineering-final-semester-portfolio/airflow/dags/first_dag.py for tasks to queue
[2024-07-17T03:19:11.292+0100] {logging_mixin.py:188} INFO - [2024-07-17T03:19:11.290+0100] {dagbag.py:545} INFO - Filling up the DagBag from /mnt/c/Users/Victor/Desktop/Final_Semester/data-engineering-final-semester-portfolio/airflow/dags/first_dag.py
[2024-07-17T03:19:11.407+0100] {logging_mixin.py:188} INFO - [2024-07-17T03:19:11.404+0100] {dagbag.py:355} ERROR - Failed to import: /mnt/c/Users/Victor/Desktop/Final_Semester/data-engineering-final-semester-portfolio/airflow/dags/first_dag.py
Traceback (most recent call last):
  File "/home/victor/airflow_env/lib/python3.10/site-packages/airflow/models/dagbag.py", line 351, in parse
    loader.exec_module(new_module)
  File "<frozen importlib._bootstrap_external>", line 879, in exec_module
  File "<frozen importlib._bootstrap_external>", line 1017, in get_code
  File "<frozen importlib._bootstrap_external>", line 947, in source_to_code
  File "<frozen importlib._bootstrap>", line 241, in _call_with_frames_removed
  File "/mnt/c/Users/Victor/Desktop/Final_Semester/data-engineering-final-semester-portfolio/airflow/dags/first_dag.py", line 12
    "start_date":
                ^
SyntaxError: expression expected after dictionary key and ':'
[2024-07-17T03:19:11.411+0100] {processor.py:842} WARNING - No viable dags retrieved from /mnt/c/Users/Victor/Desktop/Final_Semester/data-engineering-final-semester-portfolio/airflow/dags/first_dag.py
[2024-07-17T03:19:11.876+0100] {processor.py:183} INFO - Processing /mnt/c/Users/Victor/Desktop/Final_Semester/data-engineering-final-semester-portfolio/airflow/dags/first_dag.py took 0.689 seconds
[2024-07-17T03:19:49.156+0100] {processor.py:161} INFO - Started process (PID=4009) to work on /mnt/c/Users/Victor/Desktop/Final_Semester/data-engineering-final-semester-portfolio/airflow/dags/first_dag.py
[2024-07-17T03:19:49.218+0100] {processor.py:830} INFO - Processing file /mnt/c/Users/Victor/Desktop/Final_Semester/data-engineering-final-semester-portfolio/airflow/dags/first_dag.py for tasks to queue
[2024-07-17T03:19:49.295+0100] {logging_mixin.py:188} INFO - [2024-07-17T03:19:49.251+0100] {dagbag.py:545} INFO - Filling up the DagBag from /mnt/c/Users/Victor/Desktop/Final_Semester/data-engineering-final-semester-portfolio/airflow/dags/first_dag.py
[2024-07-17T03:19:49.628+0100] {logging_mixin.py:188} INFO - [2024-07-17T03:19:49.623+0100] {dagbag.py:355} ERROR - Failed to import: /mnt/c/Users/Victor/Desktop/Final_Semester/data-engineering-final-semester-portfolio/airflow/dags/first_dag.py
Traceback (most recent call last):
  File "/home/victor/airflow_env/lib/python3.10/site-packages/airflow/models/dagbag.py", line 351, in parse
    loader.exec_module(new_module)
  File "<frozen importlib._bootstrap_external>", line 879, in exec_module
  File "<frozen importlib._bootstrap_external>", line 1017, in get_code
  File "<frozen importlib._bootstrap_external>", line 947, in source_to_code
  File "<frozen importlib._bootstrap>", line 241, in _call_with_frames_removed
  File "/mnt/c/Users/Victor/Desktop/Final_Semester/data-engineering-final-semester-portfolio/airflow/dags/first_dag.py", line 12
    "start_date":
                ^
SyntaxError: expression expected after dictionary key and ':'
[2024-07-17T03:19:49.640+0100] {processor.py:842} WARNING - No viable dags retrieved from /mnt/c/Users/Victor/Desktop/Final_Semester/data-engineering-final-semester-portfolio/airflow/dags/first_dag.py
[2024-07-17T03:19:50.617+0100] {processor.py:183} INFO - Processing /mnt/c/Users/Victor/Desktop/Final_Semester/data-engineering-final-semester-portfolio/airflow/dags/first_dag.py took 1.560 seconds
[2024-07-17T03:20:21.661+0100] {processor.py:161} INFO - Started process (PID=4270) to work on /mnt/c/Users/Victor/Desktop/Final_Semester/data-engineering-final-semester-portfolio/airflow/dags/first_dag.py
[2024-07-17T03:20:21.667+0100] {processor.py:830} INFO - Processing file /mnt/c/Users/Victor/Desktop/Final_Semester/data-engineering-final-semester-portfolio/airflow/dags/first_dag.py for tasks to queue
[2024-07-17T03:20:22.098+0100] {logging_mixin.py:188} INFO - [2024-07-17T03:20:22.096+0100] {dagbag.py:545} INFO - Filling up the DagBag from /mnt/c/Users/Victor/Desktop/Final_Semester/data-engineering-final-semester-portfolio/airflow/dags/first_dag.py
[2024-07-17T03:20:22.210+0100] {logging_mixin.py:188} INFO - [2024-07-17T03:20:22.207+0100] {dagbag.py:355} ERROR - Failed to import: /mnt/c/Users/Victor/Desktop/Final_Semester/data-engineering-final-semester-portfolio/airflow/dags/first_dag.py
Traceback (most recent call last):
  File "/home/victor/airflow_env/lib/python3.10/site-packages/airflow/models/dagbag.py", line 351, in parse
    loader.exec_module(new_module)
  File "<frozen importlib._bootstrap_external>", line 879, in exec_module
  File "<frozen importlib._bootstrap_external>", line 1017, in get_code
  File "<frozen importlib._bootstrap_external>", line 947, in source_to_code
  File "<frozen importlib._bootstrap>", line 241, in _call_with_frames_removed
  File "/mnt/c/Users/Victor/Desktop/Final_Semester/data-engineering-final-semester-portfolio/airflow/dags/first_dag.py", line 12
    "start_date":
                ^
SyntaxError: expression expected after dictionary key and ':'
[2024-07-17T03:20:22.214+0100] {processor.py:842} WARNING - No viable dags retrieved from /mnt/c/Users/Victor/Desktop/Final_Semester/data-engineering-final-semester-portfolio/airflow/dags/first_dag.py
[2024-07-17T03:20:24.808+0100] {processor.py:183} INFO - Processing /mnt/c/Users/Victor/Desktop/Final_Semester/data-engineering-final-semester-portfolio/airflow/dags/first_dag.py took 3.195 seconds
[2024-07-17T03:20:56.453+0100] {processor.py:161} INFO - Started process (PID=4490) to work on /mnt/c/Users/Victor/Desktop/Final_Semester/data-engineering-final-semester-portfolio/airflow/dags/first_dag.py
[2024-07-17T03:20:56.581+0100] {processor.py:830} INFO - Processing file /mnt/c/Users/Victor/Desktop/Final_Semester/data-engineering-final-semester-portfolio/airflow/dags/first_dag.py for tasks to queue
[2024-07-17T03:20:56.588+0100] {logging_mixin.py:188} INFO - [2024-07-17T03:20:56.587+0100] {dagbag.py:545} INFO - Filling up the DagBag from /mnt/c/Users/Victor/Desktop/Final_Semester/data-engineering-final-semester-portfolio/airflow/dags/first_dag.py
[2024-07-17T03:20:56.693+0100] {logging_mixin.py:188} INFO - [2024-07-17T03:20:56.690+0100] {dagbag.py:355} ERROR - Failed to import: /mnt/c/Users/Victor/Desktop/Final_Semester/data-engineering-final-semester-portfolio/airflow/dags/first_dag.py
Traceback (most recent call last):
  File "/home/victor/airflow_env/lib/python3.10/site-packages/airflow/models/dagbag.py", line 351, in parse
    loader.exec_module(new_module)
  File "<frozen importlib._bootstrap_external>", line 879, in exec_module
  File "<frozen importlib._bootstrap_external>", line 1017, in get_code
  File "<frozen importlib._bootstrap_external>", line 947, in source_to_code
  File "<frozen importlib._bootstrap>", line 241, in _call_with_frames_removed
  File "/mnt/c/Users/Victor/Desktop/Final_Semester/data-engineering-final-semester-portfolio/airflow/dags/first_dag.py", line 12
    "start_date":
                ^
SyntaxError: expression expected after dictionary key and ':'
[2024-07-17T03:20:56.714+0100] {processor.py:842} WARNING - No viable dags retrieved from /mnt/c/Users/Victor/Desktop/Final_Semester/data-engineering-final-semester-portfolio/airflow/dags/first_dag.py
[2024-07-17T03:21:00.306+0100] {processor.py:183} INFO - Processing /mnt/c/Users/Victor/Desktop/Final_Semester/data-engineering-final-semester-portfolio/airflow/dags/first_dag.py took 3.955 seconds
[2024-07-17T03:21:32.750+0100] {processor.py:161} INFO - Started process (PID=4664) to work on /mnt/c/Users/Victor/Desktop/Final_Semester/data-engineering-final-semester-portfolio/airflow/dags/first_dag.py
[2024-07-17T03:21:32.765+0100] {processor.py:830} INFO - Processing file /mnt/c/Users/Victor/Desktop/Final_Semester/data-engineering-final-semester-portfolio/airflow/dags/first_dag.py for tasks to queue
[2024-07-17T03:21:32.781+0100] {logging_mixin.py:188} INFO - [2024-07-17T03:21:32.779+0100] {dagbag.py:545} INFO - Filling up the DagBag from /mnt/c/Users/Victor/Desktop/Final_Semester/data-engineering-final-semester-portfolio/airflow/dags/first_dag.py
[2024-07-17T03:21:32.954+0100] {logging_mixin.py:188} INFO - [2024-07-17T03:21:32.951+0100] {dagbag.py:355} ERROR - Failed to import: /mnt/c/Users/Victor/Desktop/Final_Semester/data-engineering-final-semester-portfolio/airflow/dags/first_dag.py
Traceback (most recent call last):
  File "/home/victor/airflow_env/lib/python3.10/site-packages/airflow/models/dagbag.py", line 351, in parse
    loader.exec_module(new_module)
  File "<frozen importlib._bootstrap_external>", line 879, in exec_module
  File "<frozen importlib._bootstrap_external>", line 1017, in get_code
  File "<frozen importlib._bootstrap_external>", line 947, in source_to_code
  File "<frozen importlib._bootstrap>", line 241, in _call_with_frames_removed
  File "/mnt/c/Users/Victor/Desktop/Final_Semester/data-engineering-final-semester-portfolio/airflow/dags/first_dag.py", line 12
    "start_date":
                ^
SyntaxError: expression expected after dictionary key and ':'
[2024-07-17T03:21:32.957+0100] {processor.py:842} WARNING - No viable dags retrieved from /mnt/c/Users/Victor/Desktop/Final_Semester/data-engineering-final-semester-portfolio/airflow/dags/first_dag.py
[2024-07-17T03:21:36.438+0100] {processor.py:183} INFO - Processing /mnt/c/Users/Victor/Desktop/Final_Semester/data-engineering-final-semester-portfolio/airflow/dags/first_dag.py took 3.735 seconds
[2024-07-17T03:22:07.671+0100] {processor.py:161} INFO - Started process (PID=4819) to work on /mnt/c/Users/Victor/Desktop/Final_Semester/data-engineering-final-semester-portfolio/airflow/dags/first_dag.py
[2024-07-17T03:22:07.677+0100] {processor.py:830} INFO - Processing file /mnt/c/Users/Victor/Desktop/Final_Semester/data-engineering-final-semester-portfolio/airflow/dags/first_dag.py for tasks to queue
[2024-07-17T03:22:07.689+0100] {logging_mixin.py:188} INFO - [2024-07-17T03:22:07.687+0100] {dagbag.py:545} INFO - Filling up the DagBag from /mnt/c/Users/Victor/Desktop/Final_Semester/data-engineering-final-semester-portfolio/airflow/dags/first_dag.py
[2024-07-17T03:22:07.796+0100] {logging_mixin.py:188} INFO - [2024-07-17T03:22:07.793+0100] {dagbag.py:355} ERROR - Failed to import: /mnt/c/Users/Victor/Desktop/Final_Semester/data-engineering-final-semester-portfolio/airflow/dags/first_dag.py
Traceback (most recent call last):
  File "/home/victor/airflow_env/lib/python3.10/site-packages/airflow/models/dagbag.py", line 351, in parse
    loader.exec_module(new_module)
  File "<frozen importlib._bootstrap_external>", line 879, in exec_module
  File "<frozen importlib._bootstrap_external>", line 1017, in get_code
  File "<frozen importlib._bootstrap_external>", line 947, in source_to_code
  File "<frozen importlib._bootstrap>", line 241, in _call_with_frames_removed
  File "/mnt/c/Users/Victor/Desktop/Final_Semester/data-engineering-final-semester-portfolio/airflow/dags/first_dag.py", line 12
    "start_date":
                ^
SyntaxError: expression expected after dictionary key and ':'
[2024-07-17T03:22:07.801+0100] {processor.py:842} WARNING - No viable dags retrieved from /mnt/c/Users/Victor/Desktop/Final_Semester/data-engineering-final-semester-portfolio/airflow/dags/first_dag.py
[2024-07-17T03:22:08.394+0100] {processor.py:183} INFO - Processing /mnt/c/Users/Victor/Desktop/Final_Semester/data-engineering-final-semester-portfolio/airflow/dags/first_dag.py took 0.769 seconds
[2024-07-17T03:22:38.827+0100] {processor.py:161} INFO - Started process (PID=4957) to work on /mnt/c/Users/Victor/Desktop/Final_Semester/data-engineering-final-semester-portfolio/airflow/dags/first_dag.py
[2024-07-17T03:22:38.838+0100] {processor.py:830} INFO - Processing file /mnt/c/Users/Victor/Desktop/Final_Semester/data-engineering-final-semester-portfolio/airflow/dags/first_dag.py for tasks to queue
[2024-07-17T03:22:38.847+0100] {logging_mixin.py:188} INFO - [2024-07-17T03:22:38.845+0100] {dagbag.py:545} INFO - Filling up the DagBag from /mnt/c/Users/Victor/Desktop/Final_Semester/data-engineering-final-semester-portfolio/airflow/dags/first_dag.py
[2024-07-17T03:22:38.970+0100] {logging_mixin.py:188} INFO - [2024-07-17T03:22:38.967+0100] {dagbag.py:355} ERROR - Failed to import: /mnt/c/Users/Victor/Desktop/Final_Semester/data-engineering-final-semester-portfolio/airflow/dags/first_dag.py
Traceback (most recent call last):
  File "/home/victor/airflow_env/lib/python3.10/site-packages/airflow/models/dagbag.py", line 351, in parse
    loader.exec_module(new_module)
  File "<frozen importlib._bootstrap_external>", line 879, in exec_module
  File "<frozen importlib._bootstrap_external>", line 1017, in get_code
  File "<frozen importlib._bootstrap_external>", line 947, in source_to_code
  File "<frozen importlib._bootstrap>", line 241, in _call_with_frames_removed
  File "/mnt/c/Users/Victor/Desktop/Final_Semester/data-engineering-final-semester-portfolio/airflow/dags/first_dag.py", line 12
    "start_date":
                ^
SyntaxError: expression expected after dictionary key and ':'
[2024-07-17T03:22:38.973+0100] {processor.py:842} WARNING - No viable dags retrieved from /mnt/c/Users/Victor/Desktop/Final_Semester/data-engineering-final-semester-portfolio/airflow/dags/first_dag.py
[2024-07-17T03:22:39.355+0100] {processor.py:183} INFO - Processing /mnt/c/Users/Victor/Desktop/Final_Semester/data-engineering-final-semester-portfolio/airflow/dags/first_dag.py took 0.570 seconds
[2024-07-17T03:23:11.151+0100] {processor.py:161} INFO - Started process (PID=5103) to work on /mnt/c/Users/Victor/Desktop/Final_Semester/data-engineering-final-semester-portfolio/airflow/dags/first_dag.py
[2024-07-17T03:23:11.158+0100] {processor.py:830} INFO - Processing file /mnt/c/Users/Victor/Desktop/Final_Semester/data-engineering-final-semester-portfolio/airflow/dags/first_dag.py for tasks to queue
[2024-07-17T03:23:11.186+0100] {logging_mixin.py:188} INFO - [2024-07-17T03:23:11.184+0100] {dagbag.py:545} INFO - Filling up the DagBag from /mnt/c/Users/Victor/Desktop/Final_Semester/data-engineering-final-semester-portfolio/airflow/dags/first_dag.py
[2024-07-17T03:23:11.330+0100] {logging_mixin.py:188} INFO - [2024-07-17T03:23:11.327+0100] {dagbag.py:355} ERROR - Failed to import: /mnt/c/Users/Victor/Desktop/Final_Semester/data-engineering-final-semester-portfolio/airflow/dags/first_dag.py
Traceback (most recent call last):
  File "/home/victor/airflow_env/lib/python3.10/site-packages/airflow/models/dagbag.py", line 351, in parse
    loader.exec_module(new_module)
  File "<frozen importlib._bootstrap_external>", line 879, in exec_module
  File "<frozen importlib._bootstrap_external>", line 1017, in get_code
  File "<frozen importlib._bootstrap_external>", line 947, in source_to_code
  File "<frozen importlib._bootstrap>", line 241, in _call_with_frames_removed
  File "/mnt/c/Users/Victor/Desktop/Final_Semester/data-engineering-final-semester-portfolio/airflow/dags/first_dag.py", line 12
    "start_date":
                ^
SyntaxError: expression expected after dictionary key and ':'
[2024-07-17T03:23:11.333+0100] {processor.py:842} WARNING - No viable dags retrieved from /mnt/c/Users/Victor/Desktop/Final_Semester/data-engineering-final-semester-portfolio/airflow/dags/first_dag.py
[2024-07-17T03:23:11.845+0100] {processor.py:183} INFO - Processing /mnt/c/Users/Victor/Desktop/Final_Semester/data-engineering-final-semester-portfolio/airflow/dags/first_dag.py took 0.757 seconds
[2024-07-17T03:23:43.217+0100] {processor.py:161} INFO - Started process (PID=5367) to work on /mnt/c/Users/Victor/Desktop/Final_Semester/data-engineering-final-semester-portfolio/airflow/dags/first_dag.py
[2024-07-17T03:23:43.221+0100] {processor.py:830} INFO - Processing file /mnt/c/Users/Victor/Desktop/Final_Semester/data-engineering-final-semester-portfolio/airflow/dags/first_dag.py for tasks to queue
[2024-07-17T03:23:43.229+0100] {logging_mixin.py:188} INFO - [2024-07-17T03:23:43.228+0100] {dagbag.py:545} INFO - Filling up the DagBag from /mnt/c/Users/Victor/Desktop/Final_Semester/data-engineering-final-semester-portfolio/airflow/dags/first_dag.py
[2024-07-17T03:23:43.320+0100] {logging_mixin.py:188} INFO - [2024-07-17T03:23:43.317+0100] {dagbag.py:355} ERROR - Failed to import: /mnt/c/Users/Victor/Desktop/Final_Semester/data-engineering-final-semester-portfolio/airflow/dags/first_dag.py
Traceback (most recent call last):
  File "/home/victor/airflow_env/lib/python3.10/site-packages/airflow/models/dagbag.py", line 351, in parse
    loader.exec_module(new_module)
  File "<frozen importlib._bootstrap_external>", line 879, in exec_module
  File "<frozen importlib._bootstrap_external>", line 1017, in get_code
  File "<frozen importlib._bootstrap_external>", line 947, in source_to_code
  File "<frozen importlib._bootstrap>", line 241, in _call_with_frames_removed
  File "/mnt/c/Users/Victor/Desktop/Final_Semester/data-engineering-final-semester-portfolio/airflow/dags/first_dag.py", line 12
    "start_date":
                ^
SyntaxError: expression expected after dictionary key and ':'
[2024-07-17T03:23:43.322+0100] {processor.py:842} WARNING - No viable dags retrieved from /mnt/c/Users/Victor/Desktop/Final_Semester/data-engineering-final-semester-portfolio/airflow/dags/first_dag.py
[2024-07-17T03:23:43.713+0100] {processor.py:183} INFO - Processing /mnt/c/Users/Victor/Desktop/Final_Semester/data-engineering-final-semester-portfolio/airflow/dags/first_dag.py took 0.533 seconds
[2024-07-17T03:24:14.159+0100] {processor.py:161} INFO - Started process (PID=5506) to work on /mnt/c/Users/Victor/Desktop/Final_Semester/data-engineering-final-semester-portfolio/airflow/dags/first_dag.py
[2024-07-17T03:24:14.176+0100] {processor.py:830} INFO - Processing file /mnt/c/Users/Victor/Desktop/Final_Semester/data-engineering-final-semester-portfolio/airflow/dags/first_dag.py for tasks to queue
[2024-07-17T03:24:14.198+0100] {logging_mixin.py:188} INFO - [2024-07-17T03:24:14.196+0100] {dagbag.py:545} INFO - Filling up the DagBag from /mnt/c/Users/Victor/Desktop/Final_Semester/data-engineering-final-semester-portfolio/airflow/dags/first_dag.py
[2024-07-17T03:24:14.316+0100] {logging_mixin.py:188} INFO - [2024-07-17T03:24:14.313+0100] {dagbag.py:355} ERROR - Failed to import: /mnt/c/Users/Victor/Desktop/Final_Semester/data-engineering-final-semester-portfolio/airflow/dags/first_dag.py
Traceback (most recent call last):
  File "/home/victor/airflow_env/lib/python3.10/site-packages/airflow/models/dagbag.py", line 351, in parse
    loader.exec_module(new_module)
  File "<frozen importlib._bootstrap_external>", line 879, in exec_module
  File "<frozen importlib._bootstrap_external>", line 1017, in get_code
  File "<frozen importlib._bootstrap_external>", line 947, in source_to_code
  File "<frozen importlib._bootstrap>", line 241, in _call_with_frames_removed
  File "/mnt/c/Users/Victor/Desktop/Final_Semester/data-engineering-final-semester-portfolio/airflow/dags/first_dag.py", line 12
    "start_date":
                ^
SyntaxError: expression expected after dictionary key and ':'
[2024-07-17T03:24:14.319+0100] {processor.py:842} WARNING - No viable dags retrieved from /mnt/c/Users/Victor/Desktop/Final_Semester/data-engineering-final-semester-portfolio/airflow/dags/first_dag.py
[2024-07-17T03:24:14.671+0100] {processor.py:183} INFO - Processing /mnt/c/Users/Victor/Desktop/Final_Semester/data-engineering-final-semester-portfolio/airflow/dags/first_dag.py took 0.576 seconds
[2024-07-17T03:24:28.008+0100] {processor.py:161} INFO - Started process (PID=5564) to work on /mnt/c/Users/Victor/Desktop/Final_Semester/data-engineering-final-semester-portfolio/airflow/dags/first_dag.py
[2024-07-17T03:24:28.029+0100] {processor.py:830} INFO - Processing file /mnt/c/Users/Victor/Desktop/Final_Semester/data-engineering-final-semester-portfolio/airflow/dags/first_dag.py for tasks to queue
[2024-07-17T03:24:28.047+0100] {logging_mixin.py:188} INFO - [2024-07-17T03:24:28.045+0100] {dagbag.py:545} INFO - Filling up the DagBag from /mnt/c/Users/Victor/Desktop/Final_Semester/data-engineering-final-semester-portfolio/airflow/dags/first_dag.py
[2024-07-17T03:24:28.222+0100] {logging_mixin.py:188} INFO - [2024-07-17T03:24:28.219+0100] {dagbag.py:355} ERROR - Failed to import: /mnt/c/Users/Victor/Desktop/Final_Semester/data-engineering-final-semester-portfolio/airflow/dags/first_dag.py
Traceback (most recent call last):
  File "/home/victor/airflow_env/lib/python3.10/site-packages/airflow/models/dagbag.py", line 351, in parse
    loader.exec_module(new_module)
  File "<frozen importlib._bootstrap_external>", line 879, in exec_module
  File "<frozen importlib._bootstrap_external>", line 1017, in get_code
  File "<frozen importlib._bootstrap_external>", line 947, in source_to_code
  File "<frozen importlib._bootstrap>", line 241, in _call_with_frames_removed
  File "/mnt/c/Users/Victor/Desktop/Final_Semester/data-engineering-final-semester-portfolio/airflow/dags/first_dag.py", line 12
    "start_date":
                ^
SyntaxError: expression expected after dictionary key and ':'
[2024-07-17T03:24:28.233+0100] {processor.py:842} WARNING - No viable dags retrieved from /mnt/c/Users/Victor/Desktop/Final_Semester/data-engineering-final-semester-portfolio/airflow/dags/first_dag.py
[2024-07-17T03:24:29.389+0100] {processor.py:183} INFO - Processing /mnt/c/Users/Victor/Desktop/Final_Semester/data-engineering-final-semester-portfolio/airflow/dags/first_dag.py took 1.509 seconds
[2024-07-17T03:25:01.144+0100] {processor.py:161} INFO - Started process (PID=5707) to work on /mnt/c/Users/Victor/Desktop/Final_Semester/data-engineering-final-semester-portfolio/airflow/dags/first_dag.py
[2024-07-17T03:25:01.149+0100] {processor.py:830} INFO - Processing file /mnt/c/Users/Victor/Desktop/Final_Semester/data-engineering-final-semester-portfolio/airflow/dags/first_dag.py for tasks to queue
[2024-07-17T03:25:01.171+0100] {logging_mixin.py:188} INFO - [2024-07-17T03:25:01.160+0100] {dagbag.py:545} INFO - Filling up the DagBag from /mnt/c/Users/Victor/Desktop/Final_Semester/data-engineering-final-semester-portfolio/airflow/dags/first_dag.py
[2024-07-17T03:25:01.317+0100] {logging_mixin.py:188} INFO - [2024-07-17T03:25:01.313+0100] {dagbag.py:355} ERROR - Failed to import: /mnt/c/Users/Victor/Desktop/Final_Semester/data-engineering-final-semester-portfolio/airflow/dags/first_dag.py
Traceback (most recent call last):
  File "/home/victor/airflow_env/lib/python3.10/site-packages/airflow/models/dagbag.py", line 351, in parse
    loader.exec_module(new_module)
  File "<frozen importlib._bootstrap_external>", line 879, in exec_module
  File "<frozen importlib._bootstrap_external>", line 1017, in get_code
  File "<frozen importlib._bootstrap_external>", line 947, in source_to_code
  File "<frozen importlib._bootstrap>", line 241, in _call_with_frames_removed
  File "/mnt/c/Users/Victor/Desktop/Final_Semester/data-engineering-final-semester-portfolio/airflow/dags/first_dag.py", line 12
    "start_date":
                ^
SyntaxError: expression expected after dictionary key and ':'
[2024-07-17T03:25:01.324+0100] {processor.py:842} WARNING - No viable dags retrieved from /mnt/c/Users/Victor/Desktop/Final_Semester/data-engineering-final-semester-portfolio/airflow/dags/first_dag.py
[2024-07-17T03:25:01.659+0100] {processor.py:183} INFO - Processing /mnt/c/Users/Victor/Desktop/Final_Semester/data-engineering-final-semester-portfolio/airflow/dags/first_dag.py took 0.548 seconds
[2024-07-17T03:25:32.106+0100] {processor.py:161} INFO - Started process (PID=5845) to work on /mnt/c/Users/Victor/Desktop/Final_Semester/data-engineering-final-semester-portfolio/airflow/dags/first_dag.py
[2024-07-17T03:25:32.114+0100] {processor.py:830} INFO - Processing file /mnt/c/Users/Victor/Desktop/Final_Semester/data-engineering-final-semester-portfolio/airflow/dags/first_dag.py for tasks to queue
[2024-07-17T03:25:32.124+0100] {logging_mixin.py:188} INFO - [2024-07-17T03:25:32.122+0100] {dagbag.py:545} INFO - Filling up the DagBag from /mnt/c/Users/Victor/Desktop/Final_Semester/data-engineering-final-semester-portfolio/airflow/dags/first_dag.py
[2024-07-17T03:25:32.198+0100] {logging_mixin.py:188} INFO - [2024-07-17T03:25:32.196+0100] {dagbag.py:355} ERROR - Failed to import: /mnt/c/Users/Victor/Desktop/Final_Semester/data-engineering-final-semester-portfolio/airflow/dags/first_dag.py
Traceback (most recent call last):
  File "/home/victor/airflow_env/lib/python3.10/site-packages/airflow/models/dagbag.py", line 351, in parse
    loader.exec_module(new_module)
  File "<frozen importlib._bootstrap_external>", line 879, in exec_module
  File "<frozen importlib._bootstrap_external>", line 1017, in get_code
  File "<frozen importlib._bootstrap_external>", line 947, in source_to_code
  File "<frozen importlib._bootstrap>", line 241, in _call_with_frames_removed
  File "/mnt/c/Users/Victor/Desktop/Final_Semester/data-engineering-final-semester-portfolio/airflow/dags/first_dag.py", line 12
    "start_date":
                ^
SyntaxError: expression expected after dictionary key and ':'
[2024-07-17T03:25:32.200+0100] {processor.py:842} WARNING - No viable dags retrieved from /mnt/c/Users/Victor/Desktop/Final_Semester/data-engineering-final-semester-portfolio/airflow/dags/first_dag.py
[2024-07-17T03:25:32.538+0100] {processor.py:183} INFO - Processing /mnt/c/Users/Victor/Desktop/Final_Semester/data-engineering-final-semester-portfolio/airflow/dags/first_dag.py took 0.468 seconds
[2024-07-17T03:26:03.500+0100] {processor.py:161} INFO - Started process (PID=6002) to work on /mnt/c/Users/Victor/Desktop/Final_Semester/data-engineering-final-semester-portfolio/airflow/dags/first_dag.py
[2024-07-17T03:26:03.509+0100] {processor.py:830} INFO - Processing file /mnt/c/Users/Victor/Desktop/Final_Semester/data-engineering-final-semester-portfolio/airflow/dags/first_dag.py for tasks to queue
[2024-07-17T03:26:03.528+0100] {logging_mixin.py:188} INFO - [2024-07-17T03:26:03.526+0100] {dagbag.py:545} INFO - Filling up the DagBag from /mnt/c/Users/Victor/Desktop/Final_Semester/data-engineering-final-semester-portfolio/airflow/dags/first_dag.py
[2024-07-17T03:26:03.680+0100] {logging_mixin.py:188} INFO - [2024-07-17T03:26:03.675+0100] {dagbag.py:355} ERROR - Failed to import: /mnt/c/Users/Victor/Desktop/Final_Semester/data-engineering-final-semester-portfolio/airflow/dags/first_dag.py
Traceback (most recent call last):
  File "/home/victor/airflow_env/lib/python3.10/site-packages/airflow/models/dagbag.py", line 351, in parse
    loader.exec_module(new_module)
  File "<frozen importlib._bootstrap_external>", line 879, in exec_module
  File "<frozen importlib._bootstrap_external>", line 1017, in get_code
  File "<frozen importlib._bootstrap_external>", line 947, in source_to_code
  File "<frozen importlib._bootstrap>", line 241, in _call_with_frames_removed
  File "/mnt/c/Users/Victor/Desktop/Final_Semester/data-engineering-final-semester-portfolio/airflow/dags/first_dag.py", line 12
    "start_date":
                ^
SyntaxError: expression expected after dictionary key and ':'
[2024-07-17T03:26:03.683+0100] {processor.py:842} WARNING - No viable dags retrieved from /mnt/c/Users/Victor/Desktop/Final_Semester/data-engineering-final-semester-portfolio/airflow/dags/first_dag.py
[2024-07-17T03:26:04.045+0100] {processor.py:183} INFO - Processing /mnt/c/Users/Victor/Desktop/Final_Semester/data-engineering-final-semester-portfolio/airflow/dags/first_dag.py took 0.578 seconds
[2024-07-17T03:26:35.481+0100] {processor.py:161} INFO - Started process (PID=6146) to work on /mnt/c/Users/Victor/Desktop/Final_Semester/data-engineering-final-semester-portfolio/airflow/dags/first_dag.py
[2024-07-17T03:26:35.485+0100] {processor.py:830} INFO - Processing file /mnt/c/Users/Victor/Desktop/Final_Semester/data-engineering-final-semester-portfolio/airflow/dags/first_dag.py for tasks to queue
[2024-07-17T03:26:35.496+0100] {logging_mixin.py:188} INFO - [2024-07-17T03:26:35.494+0100] {dagbag.py:545} INFO - Filling up the DagBag from /mnt/c/Users/Victor/Desktop/Final_Semester/data-engineering-final-semester-portfolio/airflow/dags/first_dag.py
[2024-07-17T03:26:35.588+0100] {logging_mixin.py:188} INFO - [2024-07-17T03:26:35.585+0100] {dagbag.py:355} ERROR - Failed to import: /mnt/c/Users/Victor/Desktop/Final_Semester/data-engineering-final-semester-portfolio/airflow/dags/first_dag.py
Traceback (most recent call last):
  File "/home/victor/airflow_env/lib/python3.10/site-packages/airflow/models/dagbag.py", line 351, in parse
    loader.exec_module(new_module)
  File "<frozen importlib._bootstrap_external>", line 879, in exec_module
  File "<frozen importlib._bootstrap_external>", line 1017, in get_code
  File "<frozen importlib._bootstrap_external>", line 947, in source_to_code
  File "<frozen importlib._bootstrap>", line 241, in _call_with_frames_removed
  File "/mnt/c/Users/Victor/Desktop/Final_Semester/data-engineering-final-semester-portfolio/airflow/dags/first_dag.py", line 12
    "start_date":
                ^
SyntaxError: expression expected after dictionary key and ':'
[2024-07-17T03:26:35.592+0100] {processor.py:842} WARNING - No viable dags retrieved from /mnt/c/Users/Victor/Desktop/Final_Semester/data-engineering-final-semester-portfolio/airflow/dags/first_dag.py
[2024-07-17T03:26:36.269+0100] {processor.py:183} INFO - Processing /mnt/c/Users/Victor/Desktop/Final_Semester/data-engineering-final-semester-portfolio/airflow/dags/first_dag.py took 0.827 seconds
[2024-07-17T03:27:07.083+0100] {processor.py:161} INFO - Started process (PID=6296) to work on /mnt/c/Users/Victor/Desktop/Final_Semester/data-engineering-final-semester-portfolio/airflow/dags/first_dag.py
[2024-07-17T03:27:07.087+0100] {processor.py:830} INFO - Processing file /mnt/c/Users/Victor/Desktop/Final_Semester/data-engineering-final-semester-portfolio/airflow/dags/first_dag.py for tasks to queue
[2024-07-17T03:27:07.095+0100] {logging_mixin.py:188} INFO - [2024-07-17T03:27:07.093+0100] {dagbag.py:545} INFO - Filling up the DagBag from /mnt/c/Users/Victor/Desktop/Final_Semester/data-engineering-final-semester-portfolio/airflow/dags/first_dag.py
[2024-07-17T03:27:07.171+0100] {logging_mixin.py:188} INFO - [2024-07-17T03:27:07.168+0100] {dagbag.py:355} ERROR - Failed to import: /mnt/c/Users/Victor/Desktop/Final_Semester/data-engineering-final-semester-portfolio/airflow/dags/first_dag.py
Traceback (most recent call last):
  File "/home/victor/airflow_env/lib/python3.10/site-packages/airflow/models/dagbag.py", line 351, in parse
    loader.exec_module(new_module)
  File "<frozen importlib._bootstrap_external>", line 879, in exec_module
  File "<frozen importlib._bootstrap_external>", line 1017, in get_code
  File "<frozen importlib._bootstrap_external>", line 947, in source_to_code
  File "<frozen importlib._bootstrap>", line 241, in _call_with_frames_removed
  File "/mnt/c/Users/Victor/Desktop/Final_Semester/data-engineering-final-semester-portfolio/airflow/dags/first_dag.py", line 12
    "start_date":
                ^
SyntaxError: expression expected after dictionary key and ':'
[2024-07-17T03:27:07.173+0100] {processor.py:842} WARNING - No viable dags retrieved from /mnt/c/Users/Victor/Desktop/Final_Semester/data-engineering-final-semester-portfolio/airflow/dags/first_dag.py
[2024-07-17T03:27:07.616+0100] {processor.py:183} INFO - Processing /mnt/c/Users/Victor/Desktop/Final_Semester/data-engineering-final-semester-portfolio/airflow/dags/first_dag.py took 0.559 seconds
[2024-07-17T03:27:11.131+0100] {processor.py:161} INFO - Started process (PID=6311) to work on /mnt/c/Users/Victor/Desktop/Final_Semester/data-engineering-final-semester-portfolio/airflow/dags/first_dag.py
[2024-07-17T03:27:11.135+0100] {processor.py:830} INFO - Processing file /mnt/c/Users/Victor/Desktop/Final_Semester/data-engineering-final-semester-portfolio/airflow/dags/first_dag.py for tasks to queue
[2024-07-17T03:27:11.143+0100] {logging_mixin.py:188} INFO - [2024-07-17T03:27:11.142+0100] {dagbag.py:545} INFO - Filling up the DagBag from /mnt/c/Users/Victor/Desktop/Final_Semester/data-engineering-final-semester-portfolio/airflow/dags/first_dag.py
[2024-07-17T03:27:11.312+0100] {logging_mixin.py:188} INFO - [2024-07-17T03:27:11.282+0100] {dagbag.py:355} ERROR - Failed to import: /mnt/c/Users/Victor/Desktop/Final_Semester/data-engineering-final-semester-portfolio/airflow/dags/first_dag.py
Traceback (most recent call last):
  File "/home/victor/airflow_env/lib/python3.10/site-packages/airflow/models/dagbag.py", line 351, in parse
    loader.exec_module(new_module)
  File "<frozen importlib._bootstrap_external>", line 883, in exec_module
  File "<frozen importlib._bootstrap>", line 241, in _call_with_frames_removed
  File "/mnt/c/Users/Victor/Desktop/Final_Semester/data-engineering-final-semester-portfolio/airflow/dags/first_dag.py", line 17, in <module>
    with DAG(
  File "/home/victor/airflow_env/lib/python3.10/site-packages/airflow/models/dag.py", line 543, in __init__
    if start_date and start_date.tzinfo:
AttributeError: 'str' object has no attribute 'tzinfo'
[2024-07-17T03:27:11.325+0100] {processor.py:842} WARNING - No viable dags retrieved from /mnt/c/Users/Victor/Desktop/Final_Semester/data-engineering-final-semester-portfolio/airflow/dags/first_dag.py
[2024-07-17T03:27:11.916+0100] {processor.py:183} INFO - Processing /mnt/c/Users/Victor/Desktop/Final_Semester/data-engineering-final-semester-portfolio/airflow/dags/first_dag.py took 0.818 seconds
[2024-07-17T03:27:38.898+0100] {processor.py:161} INFO - Started process (PID=6446) to work on /mnt/c/Users/Victor/Desktop/Final_Semester/data-engineering-final-semester-portfolio/airflow/dags/first_dag.py
[2024-07-17T03:27:38.901+0100] {processor.py:830} INFO - Processing file /mnt/c/Users/Victor/Desktop/Final_Semester/data-engineering-final-semester-portfolio/airflow/dags/first_dag.py for tasks to queue
[2024-07-17T03:27:38.913+0100] {logging_mixin.py:188} INFO - [2024-07-17T03:27:38.910+0100] {dagbag.py:545} INFO - Filling up the DagBag from /mnt/c/Users/Victor/Desktop/Final_Semester/data-engineering-final-semester-portfolio/airflow/dags/first_dag.py
[2024-07-17T03:27:39.104+0100] {logging_mixin.py:188} INFO - [2024-07-17T03:27:39.063+0100] {dagbag.py:355} ERROR - Failed to import: /mnt/c/Users/Victor/Desktop/Final_Semester/data-engineering-final-semester-portfolio/airflow/dags/first_dag.py
Traceback (most recent call last):
  File "/home/victor/airflow_env/lib/python3.10/site-packages/airflow/models/dagbag.py", line 351, in parse
    loader.exec_module(new_module)
  File "<frozen importlib._bootstrap_external>", line 883, in exec_module
  File "<frozen importlib._bootstrap>", line 241, in _call_with_frames_removed
  File "/mnt/c/Users/Victor/Desktop/Final_Semester/data-engineering-final-semester-portfolio/airflow/dags/first_dag.py", line 17, in <module>
    with DAG(
  File "/home/victor/airflow_env/lib/python3.10/site-packages/airflow/models/dag.py", line 543, in __init__
    if start_date and start_date.tzinfo:
AttributeError: 'str' object has no attribute 'tzinfo'
[2024-07-17T03:27:39.114+0100] {processor.py:842} WARNING - No viable dags retrieved from /mnt/c/Users/Victor/Desktop/Final_Semester/data-engineering-final-semester-portfolio/airflow/dags/first_dag.py
[2024-07-17T03:27:39.779+0100] {processor.py:183} INFO - Processing /mnt/c/Users/Victor/Desktop/Final_Semester/data-engineering-final-semester-portfolio/airflow/dags/first_dag.py took 0.976 seconds
[2024-07-17T03:28:10.057+0100] {processor.py:161} INFO - Started process (PID=6656) to work on /mnt/c/Users/Victor/Desktop/Final_Semester/data-engineering-final-semester-portfolio/airflow/dags/first_dag.py
[2024-07-17T03:28:10.062+0100] {processor.py:830} INFO - Processing file /mnt/c/Users/Victor/Desktop/Final_Semester/data-engineering-final-semester-portfolio/airflow/dags/first_dag.py for tasks to queue
[2024-07-17T03:28:10.072+0100] {logging_mixin.py:188} INFO - [2024-07-17T03:28:10.070+0100] {dagbag.py:545} INFO - Filling up the DagBag from /mnt/c/Users/Victor/Desktop/Final_Semester/data-engineering-final-semester-portfolio/airflow/dags/first_dag.py
[2024-07-17T03:28:10.153+0100] {logging_mixin.py:188} INFO - [2024-07-17T03:28:10.128+0100] {dagbag.py:355} ERROR - Failed to import: /mnt/c/Users/Victor/Desktop/Final_Semester/data-engineering-final-semester-portfolio/airflow/dags/first_dag.py
Traceback (most recent call last):
  File "/home/victor/airflow_env/lib/python3.10/site-packages/airflow/models/dagbag.py", line 351, in parse
    loader.exec_module(new_module)
  File "<frozen importlib._bootstrap_external>", line 883, in exec_module
  File "<frozen importlib._bootstrap>", line 241, in _call_with_frames_removed
  File "/mnt/c/Users/Victor/Desktop/Final_Semester/data-engineering-final-semester-portfolio/airflow/dags/first_dag.py", line 17, in <module>
    with DAG(
  File "/home/victor/airflow_env/lib/python3.10/site-packages/airflow/models/dag.py", line 543, in __init__
    if start_date and start_date.tzinfo:
AttributeError: 'str' object has no attribute 'tzinfo'
[2024-07-17T03:28:10.167+0100] {processor.py:842} WARNING - No viable dags retrieved from /mnt/c/Users/Victor/Desktop/Final_Semester/data-engineering-final-semester-portfolio/airflow/dags/first_dag.py
[2024-07-17T03:28:10.472+0100] {processor.py:183} INFO - Processing /mnt/c/Users/Victor/Desktop/Final_Semester/data-engineering-final-semester-portfolio/airflow/dags/first_dag.py took 0.453 seconds
[2024-07-17T03:28:42.239+0100] {processor.py:161} INFO - Started process (PID=6847) to work on /mnt/c/Users/Victor/Desktop/Final_Semester/data-engineering-final-semester-portfolio/airflow/dags/first_dag.py
[2024-07-17T03:28:42.247+0100] {processor.py:830} INFO - Processing file /mnt/c/Users/Victor/Desktop/Final_Semester/data-engineering-final-semester-portfolio/airflow/dags/first_dag.py for tasks to queue
[2024-07-17T03:28:42.255+0100] {logging_mixin.py:188} INFO - [2024-07-17T03:28:42.253+0100] {dagbag.py:545} INFO - Filling up the DagBag from /mnt/c/Users/Victor/Desktop/Final_Semester/data-engineering-final-semester-portfolio/airflow/dags/first_dag.py
[2024-07-17T03:28:42.392+0100] {logging_mixin.py:188} INFO - [2024-07-17T03:28:42.364+0100] {dagbag.py:355} ERROR - Failed to import: /mnt/c/Users/Victor/Desktop/Final_Semester/data-engineering-final-semester-portfolio/airflow/dags/first_dag.py
Traceback (most recent call last):
  File "/home/victor/airflow_env/lib/python3.10/site-packages/airflow/models/dagbag.py", line 351, in parse
    loader.exec_module(new_module)
  File "<frozen importlib._bootstrap_external>", line 883, in exec_module
  File "<frozen importlib._bootstrap>", line 241, in _call_with_frames_removed
  File "/mnt/c/Users/Victor/Desktop/Final_Semester/data-engineering-final-semester-portfolio/airflow/dags/first_dag.py", line 17, in <module>
    with DAG(
  File "/home/victor/airflow_env/lib/python3.10/site-packages/airflow/models/dag.py", line 543, in __init__
    if start_date and start_date.tzinfo:
AttributeError: 'str' object has no attribute 'tzinfo'
[2024-07-17T03:28:42.399+0100] {processor.py:842} WARNING - No viable dags retrieved from /mnt/c/Users/Victor/Desktop/Final_Semester/data-engineering-final-semester-portfolio/airflow/dags/first_dag.py
[2024-07-17T03:28:42.851+0100] {processor.py:183} INFO - Processing /mnt/c/Users/Victor/Desktop/Final_Semester/data-engineering-final-semester-portfolio/airflow/dags/first_dag.py took 0.653 seconds
[2024-07-17T03:28:49.902+0100] {processor.py:161} INFO - Started process (PID=6882) to work on /mnt/c/Users/Victor/Desktop/Final_Semester/data-engineering-final-semester-portfolio/airflow/dags/first_dag.py
[2024-07-17T03:28:49.910+0100] {processor.py:830} INFO - Processing file /mnt/c/Users/Victor/Desktop/Final_Semester/data-engineering-final-semester-portfolio/airflow/dags/first_dag.py for tasks to queue
[2024-07-17T03:28:49.931+0100] {logging_mixin.py:188} INFO - [2024-07-17T03:28:49.928+0100] {dagbag.py:545} INFO - Filling up the DagBag from /mnt/c/Users/Victor/Desktop/Final_Semester/data-engineering-final-semester-portfolio/airflow/dags/first_dag.py
[2024-07-17T03:28:50.243+0100] {logging_mixin.py:188} INFO - [2024-07-17T03:28:50.198+0100] {dagbag.py:355} ERROR - Failed to import: /mnt/c/Users/Victor/Desktop/Final_Semester/data-engineering-final-semester-portfolio/airflow/dags/first_dag.py
Traceback (most recent call last):
  File "/home/victor/airflow_env/lib/python3.10/site-packages/airflow/models/dagbag.py", line 351, in parse
    loader.exec_module(new_module)
  File "<frozen importlib._bootstrap_external>", line 883, in exec_module
  File "<frozen importlib._bootstrap>", line 241, in _call_with_frames_removed
  File "/mnt/c/Users/Victor/Desktop/Final_Semester/data-engineering-final-semester-portfolio/airflow/dags/first_dag.py", line 17, in <module>
    with DAG(
  File "/home/victor/airflow_env/lib/python3.10/site-packages/airflow/models/dag.py", line 543, in __init__
    if start_date and start_date.tzinfo:
AttributeError: 'str' object has no attribute 'tzinfo'
[2024-07-17T03:28:50.270+0100] {processor.py:842} WARNING - No viable dags retrieved from /mnt/c/Users/Victor/Desktop/Final_Semester/data-engineering-final-semester-portfolio/airflow/dags/first_dag.py
[2024-07-17T03:28:52.429+0100] {processor.py:183} INFO - Processing /mnt/c/Users/Victor/Desktop/Final_Semester/data-engineering-final-semester-portfolio/airflow/dags/first_dag.py took 2.621 seconds
[2024-07-17T03:29:22.764+0100] {processor.py:161} INFO - Started process (PID=7087) to work on /mnt/c/Users/Victor/Desktop/Final_Semester/data-engineering-final-semester-portfolio/airflow/dags/first_dag.py
[2024-07-17T03:29:22.768+0100] {processor.py:830} INFO - Processing file /mnt/c/Users/Victor/Desktop/Final_Semester/data-engineering-final-semester-portfolio/airflow/dags/first_dag.py for tasks to queue
[2024-07-17T03:29:22.780+0100] {logging_mixin.py:188} INFO - [2024-07-17T03:29:22.776+0100] {dagbag.py:545} INFO - Filling up the DagBag from /mnt/c/Users/Victor/Desktop/Final_Semester/data-engineering-final-semester-portfolio/airflow/dags/first_dag.py
[2024-07-17T03:29:22.861+0100] {logging_mixin.py:188} INFO - [2024-07-17T03:29:22.845+0100] {dagbag.py:355} ERROR - Failed to import: /mnt/c/Users/Victor/Desktop/Final_Semester/data-engineering-final-semester-portfolio/airflow/dags/first_dag.py
Traceback (most recent call last):
  File "/home/victor/airflow_env/lib/python3.10/site-packages/airflow/models/dagbag.py", line 351, in parse
    loader.exec_module(new_module)
  File "<frozen importlib._bootstrap_external>", line 883, in exec_module
  File "<frozen importlib._bootstrap>", line 241, in _call_with_frames_removed
  File "/mnt/c/Users/Victor/Desktop/Final_Semester/data-engineering-final-semester-portfolio/airflow/dags/first_dag.py", line 17, in <module>
    with DAG(
  File "/home/victor/airflow_env/lib/python3.10/site-packages/airflow/models/dag.py", line 543, in __init__
    if start_date and start_date.tzinfo:
AttributeError: 'str' object has no attribute 'tzinfo'
[2024-07-17T03:29:22.867+0100] {processor.py:842} WARNING - No viable dags retrieved from /mnt/c/Users/Victor/Desktop/Final_Semester/data-engineering-final-semester-portfolio/airflow/dags/first_dag.py
[2024-07-17T03:29:23.661+0100] {processor.py:183} INFO - Processing /mnt/c/Users/Victor/Desktop/Final_Semester/data-engineering-final-semester-portfolio/airflow/dags/first_dag.py took 0.928 seconds
[2024-07-17T03:29:54.723+0100] {processor.py:161} INFO - Started process (PID=7270) to work on /mnt/c/Users/Victor/Desktop/Final_Semester/data-engineering-final-semester-portfolio/airflow/dags/first_dag.py
[2024-07-17T03:29:54.729+0100] {processor.py:830} INFO - Processing file /mnt/c/Users/Victor/Desktop/Final_Semester/data-engineering-final-semester-portfolio/airflow/dags/first_dag.py for tasks to queue
[2024-07-17T03:29:54.738+0100] {logging_mixin.py:188} INFO - [2024-07-17T03:29:54.736+0100] {dagbag.py:545} INFO - Filling up the DagBag from /mnt/c/Users/Victor/Desktop/Final_Semester/data-engineering-final-semester-portfolio/airflow/dags/first_dag.py
[2024-07-17T03:29:54.819+0100] {logging_mixin.py:188} INFO - [2024-07-17T03:29:54.799+0100] {dagbag.py:355} ERROR - Failed to import: /mnt/c/Users/Victor/Desktop/Final_Semester/data-engineering-final-semester-portfolio/airflow/dags/first_dag.py
Traceback (most recent call last):
  File "/home/victor/airflow_env/lib/python3.10/site-packages/airflow/models/dagbag.py", line 351, in parse
    loader.exec_module(new_module)
  File "<frozen importlib._bootstrap_external>", line 883, in exec_module
  File "<frozen importlib._bootstrap>", line 241, in _call_with_frames_removed
  File "/mnt/c/Users/Victor/Desktop/Final_Semester/data-engineering-final-semester-portfolio/airflow/dags/first_dag.py", line 17, in <module>
    with DAG(
  File "/home/victor/airflow_env/lib/python3.10/site-packages/airflow/models/dag.py", line 543, in __init__
    if start_date and start_date.tzinfo:
AttributeError: 'str' object has no attribute 'tzinfo'
[2024-07-17T03:29:54.827+0100] {processor.py:842} WARNING - No viable dags retrieved from /mnt/c/Users/Victor/Desktop/Final_Semester/data-engineering-final-semester-portfolio/airflow/dags/first_dag.py
[2024-07-17T03:29:55.175+0100] {processor.py:183} INFO - Processing /mnt/c/Users/Victor/Desktop/Final_Semester/data-engineering-final-semester-portfolio/airflow/dags/first_dag.py took 0.481 seconds
[2024-07-17T03:30:25.476+0100] {processor.py:161} INFO - Started process (PID=7440) to work on /mnt/c/Users/Victor/Desktop/Final_Semester/data-engineering-final-semester-portfolio/airflow/dags/first_dag.py
[2024-07-17T03:30:25.481+0100] {processor.py:830} INFO - Processing file /mnt/c/Users/Victor/Desktop/Final_Semester/data-engineering-final-semester-portfolio/airflow/dags/first_dag.py for tasks to queue
[2024-07-17T03:30:25.497+0100] {logging_mixin.py:188} INFO - [2024-07-17T03:30:25.496+0100] {dagbag.py:545} INFO - Filling up the DagBag from /mnt/c/Users/Victor/Desktop/Final_Semester/data-engineering-final-semester-portfolio/airflow/dags/first_dag.py
[2024-07-17T03:30:25.685+0100] {logging_mixin.py:188} INFO - [2024-07-17T03:30:25.659+0100] {dagbag.py:355} ERROR - Failed to import: /mnt/c/Users/Victor/Desktop/Final_Semester/data-engineering-final-semester-portfolio/airflow/dags/first_dag.py
Traceback (most recent call last):
  File "/home/victor/airflow_env/lib/python3.10/site-packages/airflow/models/dagbag.py", line 351, in parse
    loader.exec_module(new_module)
  File "<frozen importlib._bootstrap_external>", line 883, in exec_module
  File "<frozen importlib._bootstrap>", line 241, in _call_with_frames_removed
  File "/mnt/c/Users/Victor/Desktop/Final_Semester/data-engineering-final-semester-portfolio/airflow/dags/first_dag.py", line 17, in <module>
    with DAG(
  File "/home/victor/airflow_env/lib/python3.10/site-packages/airflow/models/dag.py", line 543, in __init__
    if start_date and start_date.tzinfo:
AttributeError: 'str' object has no attribute 'tzinfo'
[2024-07-17T03:30:25.694+0100] {processor.py:842} WARNING - No viable dags retrieved from /mnt/c/Users/Victor/Desktop/Final_Semester/data-engineering-final-semester-portfolio/airflow/dags/first_dag.py
[2024-07-17T03:30:26.346+0100] {processor.py:183} INFO - Processing /mnt/c/Users/Victor/Desktop/Final_Semester/data-engineering-final-semester-portfolio/airflow/dags/first_dag.py took 0.920 seconds
[2024-07-17T03:30:57.462+0100] {processor.py:161} INFO - Started process (PID=7577) to work on /mnt/c/Users/Victor/Desktop/Final_Semester/data-engineering-final-semester-portfolio/airflow/dags/first_dag.py
[2024-07-17T03:30:57.468+0100] {processor.py:830} INFO - Processing file /mnt/c/Users/Victor/Desktop/Final_Semester/data-engineering-final-semester-portfolio/airflow/dags/first_dag.py for tasks to queue
[2024-07-17T03:30:57.481+0100] {logging_mixin.py:188} INFO - [2024-07-17T03:30:57.479+0100] {dagbag.py:545} INFO - Filling up the DagBag from /mnt/c/Users/Victor/Desktop/Final_Semester/data-engineering-final-semester-portfolio/airflow/dags/first_dag.py
[2024-07-17T03:30:57.597+0100] {logging_mixin.py:188} INFO - [2024-07-17T03:30:57.577+0100] {dagbag.py:355} ERROR - Failed to import: /mnt/c/Users/Victor/Desktop/Final_Semester/data-engineering-final-semester-portfolio/airflow/dags/first_dag.py
Traceback (most recent call last):
  File "/home/victor/airflow_env/lib/python3.10/site-packages/airflow/models/dagbag.py", line 351, in parse
    loader.exec_module(new_module)
  File "<frozen importlib._bootstrap_external>", line 883, in exec_module
  File "<frozen importlib._bootstrap>", line 241, in _call_with_frames_removed
  File "/mnt/c/Users/Victor/Desktop/Final_Semester/data-engineering-final-semester-portfolio/airflow/dags/first_dag.py", line 17, in <module>
    with DAG(
  File "/home/victor/airflow_env/lib/python3.10/site-packages/airflow/models/dag.py", line 543, in __init__
    if start_date and start_date.tzinfo:
AttributeError: 'str' object has no attribute 'tzinfo'
[2024-07-17T03:30:57.604+0100] {processor.py:842} WARNING - No viable dags retrieved from /mnt/c/Users/Victor/Desktop/Final_Semester/data-engineering-final-semester-portfolio/airflow/dags/first_dag.py
[2024-07-17T03:30:58.191+0100] {processor.py:183} INFO - Processing /mnt/c/Users/Victor/Desktop/Final_Semester/data-engineering-final-semester-portfolio/airflow/dags/first_dag.py took 0.767 seconds
[2024-07-17T03:31:28.974+0100] {processor.py:161} INFO - Started process (PID=7726) to work on /mnt/c/Users/Victor/Desktop/Final_Semester/data-engineering-final-semester-portfolio/airflow/dags/first_dag.py
[2024-07-17T03:31:28.979+0100] {processor.py:830} INFO - Processing file /mnt/c/Users/Victor/Desktop/Final_Semester/data-engineering-final-semester-portfolio/airflow/dags/first_dag.py for tasks to queue
[2024-07-17T03:31:28.987+0100] {logging_mixin.py:188} INFO - [2024-07-17T03:31:28.985+0100] {dagbag.py:545} INFO - Filling up the DagBag from /mnt/c/Users/Victor/Desktop/Final_Semester/data-engineering-final-semester-portfolio/airflow/dags/first_dag.py
[2024-07-17T03:31:29.069+0100] {logging_mixin.py:188} INFO - [2024-07-17T03:31:29.048+0100] {dagbag.py:355} ERROR - Failed to import: /mnt/c/Users/Victor/Desktop/Final_Semester/data-engineering-final-semester-portfolio/airflow/dags/first_dag.py
Traceback (most recent call last):
  File "/home/victor/airflow_env/lib/python3.10/site-packages/airflow/models/dagbag.py", line 351, in parse
    loader.exec_module(new_module)
  File "<frozen importlib._bootstrap_external>", line 883, in exec_module
  File "<frozen importlib._bootstrap>", line 241, in _call_with_frames_removed
  File "/mnt/c/Users/Victor/Desktop/Final_Semester/data-engineering-final-semester-portfolio/airflow/dags/first_dag.py", line 17, in <module>
    with DAG(
  File "/home/victor/airflow_env/lib/python3.10/site-packages/airflow/models/dag.py", line 543, in __init__
    if start_date and start_date.tzinfo:
AttributeError: 'str' object has no attribute 'tzinfo'
[2024-07-17T03:31:29.078+0100] {processor.py:842} WARNING - No viable dags retrieved from /mnt/c/Users/Victor/Desktop/Final_Semester/data-engineering-final-semester-portfolio/airflow/dags/first_dag.py
[2024-07-17T03:31:29.503+0100] {processor.py:183} INFO - Processing /mnt/c/Users/Victor/Desktop/Final_Semester/data-engineering-final-semester-portfolio/airflow/dags/first_dag.py took 0.553 seconds
[2024-07-17T03:32:01.093+0100] {processor.py:161} INFO - Started process (PID=7870) to work on /mnt/c/Users/Victor/Desktop/Final_Semester/data-engineering-final-semester-portfolio/airflow/dags/first_dag.py
[2024-07-17T03:32:01.104+0100] {processor.py:830} INFO - Processing file /mnt/c/Users/Victor/Desktop/Final_Semester/data-engineering-final-semester-portfolio/airflow/dags/first_dag.py for tasks to queue
[2024-07-17T03:32:01.117+0100] {logging_mixin.py:188} INFO - [2024-07-17T03:32:01.112+0100] {dagbag.py:545} INFO - Filling up the DagBag from /mnt/c/Users/Victor/Desktop/Final_Semester/data-engineering-final-semester-portfolio/airflow/dags/first_dag.py
[2024-07-17T03:32:01.230+0100] {logging_mixin.py:188} INFO - [2024-07-17T03:32:01.208+0100] {dagbag.py:355} ERROR - Failed to import: /mnt/c/Users/Victor/Desktop/Final_Semester/data-engineering-final-semester-portfolio/airflow/dags/first_dag.py
Traceback (most recent call last):
  File "/home/victor/airflow_env/lib/python3.10/site-packages/airflow/models/dagbag.py", line 351, in parse
    loader.exec_module(new_module)
  File "<frozen importlib._bootstrap_external>", line 883, in exec_module
  File "<frozen importlib._bootstrap>", line 241, in _call_with_frames_removed
  File "/mnt/c/Users/Victor/Desktop/Final_Semester/data-engineering-final-semester-portfolio/airflow/dags/first_dag.py", line 17, in <module>
    with DAG(
  File "/home/victor/airflow_env/lib/python3.10/site-packages/airflow/models/dag.py", line 543, in __init__
    if start_date and start_date.tzinfo:
AttributeError: 'str' object has no attribute 'tzinfo'
[2024-07-17T03:32:01.235+0100] {processor.py:842} WARNING - No viable dags retrieved from /mnt/c/Users/Victor/Desktop/Final_Semester/data-engineering-final-semester-portfolio/airflow/dags/first_dag.py
[2024-07-17T03:32:01.568+0100] {processor.py:183} INFO - Processing /mnt/c/Users/Victor/Desktop/Final_Semester/data-engineering-final-semester-portfolio/airflow/dags/first_dag.py took 0.546 seconds
[2024-07-17T03:32:31.888+0100] {processor.py:161} INFO - Started process (PID=8009) to work on /mnt/c/Users/Victor/Desktop/Final_Semester/data-engineering-final-semester-portfolio/airflow/dags/first_dag.py
[2024-07-17T03:32:31.893+0100] {processor.py:830} INFO - Processing file /mnt/c/Users/Victor/Desktop/Final_Semester/data-engineering-final-semester-portfolio/airflow/dags/first_dag.py for tasks to queue
[2024-07-17T03:32:31.902+0100] {logging_mixin.py:188} INFO - [2024-07-17T03:32:31.899+0100] {dagbag.py:545} INFO - Filling up the DagBag from /mnt/c/Users/Victor/Desktop/Final_Semester/data-engineering-final-semester-portfolio/airflow/dags/first_dag.py
[2024-07-17T03:32:32.008+0100] {logging_mixin.py:188} INFO - [2024-07-17T03:32:31.985+0100] {dagbag.py:355} ERROR - Failed to import: /mnt/c/Users/Victor/Desktop/Final_Semester/data-engineering-final-semester-portfolio/airflow/dags/first_dag.py
Traceback (most recent call last):
  File "/home/victor/airflow_env/lib/python3.10/site-packages/airflow/models/dagbag.py", line 351, in parse
    loader.exec_module(new_module)
  File "<frozen importlib._bootstrap_external>", line 883, in exec_module
  File "<frozen importlib._bootstrap>", line 241, in _call_with_frames_removed
  File "/mnt/c/Users/Victor/Desktop/Final_Semester/data-engineering-final-semester-portfolio/airflow/dags/first_dag.py", line 17, in <module>
    with DAG(
  File "/home/victor/airflow_env/lib/python3.10/site-packages/airflow/models/dag.py", line 543, in __init__
    if start_date and start_date.tzinfo:
AttributeError: 'str' object has no attribute 'tzinfo'
[2024-07-17T03:32:32.017+0100] {processor.py:842} WARNING - No viable dags retrieved from /mnt/c/Users/Victor/Desktop/Final_Semester/data-engineering-final-semester-portfolio/airflow/dags/first_dag.py
[2024-07-17T03:32:32.391+0100] {processor.py:183} INFO - Processing /mnt/c/Users/Victor/Desktop/Final_Semester/data-engineering-final-semester-portfolio/airflow/dags/first_dag.py took 0.536 seconds
[2024-07-17T03:32:56.542+0100] {processor.py:161} INFO - Started process (PID=8130) to work on /mnt/c/Users/Victor/Desktop/Final_Semester/data-engineering-final-semester-portfolio/airflow/dags/first_dag.py
[2024-07-17T03:32:56.568+0100] {processor.py:830} INFO - Processing file /mnt/c/Users/Victor/Desktop/Final_Semester/data-engineering-final-semester-portfolio/airflow/dags/first_dag.py for tasks to queue
[2024-07-17T03:32:56.591+0100] {logging_mixin.py:188} INFO - [2024-07-17T03:32:56.588+0100] {dagbag.py:545} INFO - Filling up the DagBag from /mnt/c/Users/Victor/Desktop/Final_Semester/data-engineering-final-semester-portfolio/airflow/dags/first_dag.py
[2024-07-17T03:32:56.945+0100] {logging_mixin.py:188} INFO - [2024-07-17T03:32:56.911+0100] {dagbag.py:355} ERROR - Failed to import: /mnt/c/Users/Victor/Desktop/Final_Semester/data-engineering-final-semester-portfolio/airflow/dags/first_dag.py
Traceback (most recent call last):
  File "/home/victor/airflow_env/lib/python3.10/site-packages/airflow/models/dagbag.py", line 351, in parse
    loader.exec_module(new_module)
  File "<frozen importlib._bootstrap_external>", line 883, in exec_module
  File "<frozen importlib._bootstrap>", line 241, in _call_with_frames_removed
  File "/mnt/c/Users/Victor/Desktop/Final_Semester/data-engineering-final-semester-portfolio/airflow/dags/first_dag.py", line 35, in <module>
    run_endpoint2 = SimpleHttpOperator(
  File "/home/victor/airflow_env/lib/python3.10/site-packages/airflow/models/baseoperator.py", line 485, in apply_defaults
    result = func(self, **kwargs, default_args=default_args)
  File "/home/victor/airflow_env/lib/python3.10/site-packages/airflow/providers/http/operators/http.py", line 369, in __init__
    super().__init__(**kwargs)
  File "/home/victor/airflow_env/lib/python3.10/site-packages/airflow/models/baseoperator.py", line 485, in apply_defaults
    result = func(self, **kwargs, default_args=default_args)
  File "/home/victor/airflow_env/lib/python3.10/site-packages/airflow/providers/http/operators/http.py", line 128, in __init__
    super().__init__(**kwargs)
  File "/home/victor/airflow_env/lib/python3.10/site-packages/airflow/models/baseoperator.py", line 485, in apply_defaults
    result = func(self, **kwargs, default_args=default_args)
  File "/home/victor/airflow_env/lib/python3.10/site-packages/airflow/models/baseoperator.py", line 900, in __init__
    task_group.add(self)
  File "/home/victor/airflow_env/lib/python3.10/site-packages/airflow/utils/task_group.py", line 232, in add
    raise DuplicateTaskIdFound(f"{node_type} id '{key}' has already been added to the DAG")
airflow.exceptions.DuplicateTaskIdFound: Task id 'run-endpoint1' has already been added to the DAG
[2024-07-17T03:32:56.954+0100] {processor.py:842} WARNING - No viable dags retrieved from /mnt/c/Users/Victor/Desktop/Final_Semester/data-engineering-final-semester-portfolio/airflow/dags/first_dag.py
[2024-07-17T03:32:57.547+0100] {processor.py:183} INFO - Processing /mnt/c/Users/Victor/Desktop/Final_Semester/data-engineering-final-semester-portfolio/airflow/dags/first_dag.py took 1.061 seconds
[2024-07-17T03:33:29.283+0100] {processor.py:161} INFO - Started process (PID=8318) to work on /mnt/c/Users/Victor/Desktop/Final_Semester/data-engineering-final-semester-portfolio/airflow/dags/first_dag.py
[2024-07-17T03:33:29.287+0100] {processor.py:830} INFO - Processing file /mnt/c/Users/Victor/Desktop/Final_Semester/data-engineering-final-semester-portfolio/airflow/dags/first_dag.py for tasks to queue
[2024-07-17T03:33:29.297+0100] {logging_mixin.py:188} INFO - [2024-07-17T03:33:29.295+0100] {dagbag.py:545} INFO - Filling up the DagBag from /mnt/c/Users/Victor/Desktop/Final_Semester/data-engineering-final-semester-portfolio/airflow/dags/first_dag.py
[2024-07-17T03:33:29.416+0100] {logging_mixin.py:188} INFO - [2024-07-17T03:33:29.395+0100] {dagbag.py:355} ERROR - Failed to import: /mnt/c/Users/Victor/Desktop/Final_Semester/data-engineering-final-semester-portfolio/airflow/dags/first_dag.py
Traceback (most recent call last):
  File "/home/victor/airflow_env/lib/python3.10/site-packages/airflow/models/dagbag.py", line 351, in parse
    loader.exec_module(new_module)
  File "<frozen importlib._bootstrap_external>", line 883, in exec_module
  File "<frozen importlib._bootstrap>", line 241, in _call_with_frames_removed
  File "/mnt/c/Users/Victor/Desktop/Final_Semester/data-engineering-final-semester-portfolio/airflow/dags/first_dag.py", line 34, in <module>
    run_endpoint2 = SimpleHttpOperator(
  File "/home/victor/airflow_env/lib/python3.10/site-packages/airflow/models/baseoperator.py", line 485, in apply_defaults
    result = func(self, **kwargs, default_args=default_args)
  File "/home/victor/airflow_env/lib/python3.10/site-packages/airflow/providers/http/operators/http.py", line 369, in __init__
    super().__init__(**kwargs)
  File "/home/victor/airflow_env/lib/python3.10/site-packages/airflow/models/baseoperator.py", line 485, in apply_defaults
    result = func(self, **kwargs, default_args=default_args)
  File "/home/victor/airflow_env/lib/python3.10/site-packages/airflow/providers/http/operators/http.py", line 128, in __init__
    super().__init__(**kwargs)
  File "/home/victor/airflow_env/lib/python3.10/site-packages/airflow/models/baseoperator.py", line 485, in apply_defaults
    result = func(self, **kwargs, default_args=default_args)
  File "/home/victor/airflow_env/lib/python3.10/site-packages/airflow/models/baseoperator.py", line 900, in __init__
    task_group.add(self)
  File "/home/victor/airflow_env/lib/python3.10/site-packages/airflow/utils/task_group.py", line 232, in add
    raise DuplicateTaskIdFound(f"{node_type} id '{key}' has already been added to the DAG")
airflow.exceptions.DuplicateTaskIdFound: Task id 'run-endpoint1' has already been added to the DAG
[2024-07-17T03:33:29.418+0100] {processor.py:842} WARNING - No viable dags retrieved from /mnt/c/Users/Victor/Desktop/Final_Semester/data-engineering-final-semester-portfolio/airflow/dags/first_dag.py
[2024-07-17T03:33:29.911+0100] {processor.py:183} INFO - Processing /mnt/c/Users/Victor/Desktop/Final_Semester/data-engineering-final-semester-portfolio/airflow/dags/first_dag.py took 0.653 seconds
[2024-07-17T03:34:01.205+0100] {processor.py:161} INFO - Started process (PID=8489) to work on /mnt/c/Users/Victor/Desktop/Final_Semester/data-engineering-final-semester-portfolio/airflow/dags/first_dag.py
[2024-07-17T03:34:01.209+0100] {processor.py:830} INFO - Processing file /mnt/c/Users/Victor/Desktop/Final_Semester/data-engineering-final-semester-portfolio/airflow/dags/first_dag.py for tasks to queue
[2024-07-17T03:34:01.216+0100] {logging_mixin.py:188} INFO - [2024-07-17T03:34:01.214+0100] {dagbag.py:545} INFO - Filling up the DagBag from /mnt/c/Users/Victor/Desktop/Final_Semester/data-engineering-final-semester-portfolio/airflow/dags/first_dag.py
[2024-07-17T03:34:01.346+0100] {logging_mixin.py:188} INFO - [2024-07-17T03:34:01.317+0100] {dagbag.py:355} ERROR - Failed to import: /mnt/c/Users/Victor/Desktop/Final_Semester/data-engineering-final-semester-portfolio/airflow/dags/first_dag.py
Traceback (most recent call last):
  File "/home/victor/airflow_env/lib/python3.10/site-packages/airflow/models/dagbag.py", line 351, in parse
    loader.exec_module(new_module)
  File "<frozen importlib._bootstrap_external>", line 883, in exec_module
  File "<frozen importlib._bootstrap>", line 241, in _call_with_frames_removed
  File "/mnt/c/Users/Victor/Desktop/Final_Semester/data-engineering-final-semester-portfolio/airflow/dags/first_dag.py", line 34, in <module>
    run_endpoint2 = SimpleHttpOperator(
  File "/home/victor/airflow_env/lib/python3.10/site-packages/airflow/models/baseoperator.py", line 485, in apply_defaults
    result = func(self, **kwargs, default_args=default_args)
  File "/home/victor/airflow_env/lib/python3.10/site-packages/airflow/providers/http/operators/http.py", line 369, in __init__
    super().__init__(**kwargs)
  File "/home/victor/airflow_env/lib/python3.10/site-packages/airflow/models/baseoperator.py", line 485, in apply_defaults
    result = func(self, **kwargs, default_args=default_args)
  File "/home/victor/airflow_env/lib/python3.10/site-packages/airflow/providers/http/operators/http.py", line 128, in __init__
    super().__init__(**kwargs)
  File "/home/victor/airflow_env/lib/python3.10/site-packages/airflow/models/baseoperator.py", line 485, in apply_defaults
    result = func(self, **kwargs, default_args=default_args)
  File "/home/victor/airflow_env/lib/python3.10/site-packages/airflow/models/baseoperator.py", line 900, in __init__
    task_group.add(self)
  File "/home/victor/airflow_env/lib/python3.10/site-packages/airflow/utils/task_group.py", line 232, in add
    raise DuplicateTaskIdFound(f"{node_type} id '{key}' has already been added to the DAG")
airflow.exceptions.DuplicateTaskIdFound: Task id 'run-endpoint1' has already been added to the DAG
[2024-07-17T03:34:01.352+0100] {processor.py:842} WARNING - No viable dags retrieved from /mnt/c/Users/Victor/Desktop/Final_Semester/data-engineering-final-semester-portfolio/airflow/dags/first_dag.py
[2024-07-17T03:34:01.694+0100] {processor.py:183} INFO - Processing /mnt/c/Users/Victor/Desktop/Final_Semester/data-engineering-final-semester-portfolio/airflow/dags/first_dag.py took 0.525 seconds
[2024-07-17T03:34:32.604+0100] {processor.py:161} INFO - Started process (PID=8650) to work on /mnt/c/Users/Victor/Desktop/Final_Semester/data-engineering-final-semester-portfolio/airflow/dags/first_dag.py
[2024-07-17T03:34:32.620+0100] {processor.py:830} INFO - Processing file /mnt/c/Users/Victor/Desktop/Final_Semester/data-engineering-final-semester-portfolio/airflow/dags/first_dag.py for tasks to queue
[2024-07-17T03:34:32.636+0100] {logging_mixin.py:188} INFO - [2024-07-17T03:34:32.635+0100] {dagbag.py:545} INFO - Filling up the DagBag from /mnt/c/Users/Victor/Desktop/Final_Semester/data-engineering-final-semester-portfolio/airflow/dags/first_dag.py
[2024-07-17T03:34:32.808+0100] {logging_mixin.py:188} INFO - [2024-07-17T03:34:32.781+0100] {dagbag.py:355} ERROR - Failed to import: /mnt/c/Users/Victor/Desktop/Final_Semester/data-engineering-final-semester-portfolio/airflow/dags/first_dag.py
Traceback (most recent call last):
  File "/home/victor/airflow_env/lib/python3.10/site-packages/airflow/models/dagbag.py", line 351, in parse
    loader.exec_module(new_module)
  File "<frozen importlib._bootstrap_external>", line 883, in exec_module
  File "<frozen importlib._bootstrap>", line 241, in _call_with_frames_removed
  File "/mnt/c/Users/Victor/Desktop/Final_Semester/data-engineering-final-semester-portfolio/airflow/dags/first_dag.py", line 34, in <module>
    run_endpoint2 = SimpleHttpOperator(
  File "/home/victor/airflow_env/lib/python3.10/site-packages/airflow/models/baseoperator.py", line 485, in apply_defaults
    result = func(self, **kwargs, default_args=default_args)
  File "/home/victor/airflow_env/lib/python3.10/site-packages/airflow/providers/http/operators/http.py", line 369, in __init__
    super().__init__(**kwargs)
  File "/home/victor/airflow_env/lib/python3.10/site-packages/airflow/models/baseoperator.py", line 485, in apply_defaults
    result = func(self, **kwargs, default_args=default_args)
  File "/home/victor/airflow_env/lib/python3.10/site-packages/airflow/providers/http/operators/http.py", line 128, in __init__
    super().__init__(**kwargs)
  File "/home/victor/airflow_env/lib/python3.10/site-packages/airflow/models/baseoperator.py", line 485, in apply_defaults
    result = func(self, **kwargs, default_args=default_args)
  File "/home/victor/airflow_env/lib/python3.10/site-packages/airflow/models/baseoperator.py", line 900, in __init__
    task_group.add(self)
  File "/home/victor/airflow_env/lib/python3.10/site-packages/airflow/utils/task_group.py", line 232, in add
    raise DuplicateTaskIdFound(f"{node_type} id '{key}' has already been added to the DAG")
airflow.exceptions.DuplicateTaskIdFound: Task id 'run-endpoint1' has already been added to the DAG
[2024-07-17T03:34:32.811+0100] {processor.py:842} WARNING - No viable dags retrieved from /mnt/c/Users/Victor/Desktop/Final_Semester/data-engineering-final-semester-portfolio/airflow/dags/first_dag.py
[2024-07-17T03:34:33.673+0100] {processor.py:183} INFO - Processing /mnt/c/Users/Victor/Desktop/Final_Semester/data-engineering-final-semester-portfolio/airflow/dags/first_dag.py took 1.111 seconds
[2024-07-17T03:35:05.195+0100] {processor.py:161} INFO - Started process (PID=8829) to work on /mnt/c/Users/Victor/Desktop/Final_Semester/data-engineering-final-semester-portfolio/airflow/dags/first_dag.py
[2024-07-17T03:35:05.199+0100] {processor.py:830} INFO - Processing file /mnt/c/Users/Victor/Desktop/Final_Semester/data-engineering-final-semester-portfolio/airflow/dags/first_dag.py for tasks to queue
[2024-07-17T03:35:05.207+0100] {logging_mixin.py:188} INFO - [2024-07-17T03:35:05.206+0100] {dagbag.py:545} INFO - Filling up the DagBag from /mnt/c/Users/Victor/Desktop/Final_Semester/data-engineering-final-semester-portfolio/airflow/dags/first_dag.py
[2024-07-17T03:35:05.344+0100] {logging_mixin.py:188} INFO - [2024-07-17T03:35:05.309+0100] {dagbag.py:355} ERROR - Failed to import: /mnt/c/Users/Victor/Desktop/Final_Semester/data-engineering-final-semester-portfolio/airflow/dags/first_dag.py
Traceback (most recent call last):
  File "/home/victor/airflow_env/lib/python3.10/site-packages/airflow/models/dagbag.py", line 351, in parse
    loader.exec_module(new_module)
  File "<frozen importlib._bootstrap_external>", line 883, in exec_module
  File "<frozen importlib._bootstrap>", line 241, in _call_with_frames_removed
  File "/mnt/c/Users/Victor/Desktop/Final_Semester/data-engineering-final-semester-portfolio/airflow/dags/first_dag.py", line 34, in <module>
    run_endpoint2 = SimpleHttpOperator(
  File "/home/victor/airflow_env/lib/python3.10/site-packages/airflow/models/baseoperator.py", line 485, in apply_defaults
    result = func(self, **kwargs, default_args=default_args)
  File "/home/victor/airflow_env/lib/python3.10/site-packages/airflow/providers/http/operators/http.py", line 369, in __init__
    super().__init__(**kwargs)
  File "/home/victor/airflow_env/lib/python3.10/site-packages/airflow/models/baseoperator.py", line 485, in apply_defaults
    result = func(self, **kwargs, default_args=default_args)
  File "/home/victor/airflow_env/lib/python3.10/site-packages/airflow/providers/http/operators/http.py", line 128, in __init__
    super().__init__(**kwargs)
  File "/home/victor/airflow_env/lib/python3.10/site-packages/airflow/models/baseoperator.py", line 485, in apply_defaults
    result = func(self, **kwargs, default_args=default_args)
  File "/home/victor/airflow_env/lib/python3.10/site-packages/airflow/models/baseoperator.py", line 900, in __init__
    task_group.add(self)
  File "/home/victor/airflow_env/lib/python3.10/site-packages/airflow/utils/task_group.py", line 232, in add
    raise DuplicateTaskIdFound(f"{node_type} id '{key}' has already been added to the DAG")
airflow.exceptions.DuplicateTaskIdFound: Task id 'run-endpoint1' has already been added to the DAG
[2024-07-17T03:35:05.346+0100] {processor.py:842} WARNING - No viable dags retrieved from /mnt/c/Users/Victor/Desktop/Final_Semester/data-engineering-final-semester-portfolio/airflow/dags/first_dag.py
[2024-07-17T03:35:05.847+0100] {processor.py:183} INFO - Processing /mnt/c/Users/Victor/Desktop/Final_Semester/data-engineering-final-semester-portfolio/airflow/dags/first_dag.py took 0.697 seconds
[2024-07-17T03:35:24.000+0100] {processor.py:161} INFO - Started process (PID=8917) to work on /mnt/c/Users/Victor/Desktop/Final_Semester/data-engineering-final-semester-portfolio/airflow/dags/first_dag.py
[2024-07-17T03:35:24.010+0100] {processor.py:830} INFO - Processing file /mnt/c/Users/Victor/Desktop/Final_Semester/data-engineering-final-semester-portfolio/airflow/dags/first_dag.py for tasks to queue
[2024-07-17T03:35:24.020+0100] {logging_mixin.py:188} INFO - [2024-07-17T03:35:24.017+0100] {dagbag.py:545} INFO - Filling up the DagBag from /mnt/c/Users/Victor/Desktop/Final_Semester/data-engineering-final-semester-portfolio/airflow/dags/first_dag.py
[2024-07-17T03:35:24.421+0100] {logging_mixin.py:188} INFO - [2024-07-17T03:35:24.366+0100] {dagbag.py:355} ERROR - Failed to import: /mnt/c/Users/Victor/Desktop/Final_Semester/data-engineering-final-semester-portfolio/airflow/dags/first_dag.py
Traceback (most recent call last):
  File "/home/victor/airflow_env/lib/python3.10/site-packages/airflow/models/dagbag.py", line 351, in parse
    loader.exec_module(new_module)
  File "<frozen importlib._bootstrap_external>", line 883, in exec_module
  File "<frozen importlib._bootstrap>", line 241, in _call_with_frames_removed
  File "/mnt/c/Users/Victor/Desktop/Final_Semester/data-engineering-final-semester-portfolio/airflow/dags/first_dag.py", line 34, in <module>
    run_endpoint2 = SimpleHttpOperator(
  File "/home/victor/airflow_env/lib/python3.10/site-packages/airflow/models/baseoperator.py", line 485, in apply_defaults
    result = func(self, **kwargs, default_args=default_args)
  File "/home/victor/airflow_env/lib/python3.10/site-packages/airflow/providers/http/operators/http.py", line 369, in __init__
    super().__init__(**kwargs)
  File "/home/victor/airflow_env/lib/python3.10/site-packages/airflow/models/baseoperator.py", line 485, in apply_defaults
    result = func(self, **kwargs, default_args=default_args)
  File "/home/victor/airflow_env/lib/python3.10/site-packages/airflow/providers/http/operators/http.py", line 128, in __init__
    super().__init__(**kwargs)
  File "/home/victor/airflow_env/lib/python3.10/site-packages/airflow/models/baseoperator.py", line 485, in apply_defaults
    result = func(self, **kwargs, default_args=default_args)
  File "/home/victor/airflow_env/lib/python3.10/site-packages/airflow/models/baseoperator.py", line 900, in __init__
    task_group.add(self)
  File "/home/victor/airflow_env/lib/python3.10/site-packages/airflow/utils/task_group.py", line 232, in add
    raise DuplicateTaskIdFound(f"{node_type} id '{key}' has already been added to the DAG")
airflow.exceptions.DuplicateTaskIdFound: Task id 'run-endpoint1' has already been added to the DAG
[2024-07-17T03:35:24.433+0100] {processor.py:842} WARNING - No viable dags retrieved from /mnt/c/Users/Victor/Desktop/Final_Semester/data-engineering-final-semester-portfolio/airflow/dags/first_dag.py
[2024-07-17T03:35:24.852+0100] {processor.py:183} INFO - Processing /mnt/c/Users/Victor/Desktop/Final_Semester/data-engineering-final-semester-portfolio/airflow/dags/first_dag.py took 0.894 seconds
[2024-07-17T03:35:55.245+0100] {processor.py:161} INFO - Started process (PID=9089) to work on /mnt/c/Users/Victor/Desktop/Final_Semester/data-engineering-final-semester-portfolio/airflow/dags/first_dag.py
[2024-07-17T03:35:55.251+0100] {processor.py:830} INFO - Processing file /mnt/c/Users/Victor/Desktop/Final_Semester/data-engineering-final-semester-portfolio/airflow/dags/first_dag.py for tasks to queue
[2024-07-17T03:35:55.264+0100] {logging_mixin.py:188} INFO - [2024-07-17T03:35:55.257+0100] {dagbag.py:545} INFO - Filling up the DagBag from /mnt/c/Users/Victor/Desktop/Final_Semester/data-engineering-final-semester-portfolio/airflow/dags/first_dag.py
[2024-07-17T03:35:55.358+0100] {logging_mixin.py:188} INFO - [2024-07-17T03:35:55.340+0100] {dagbag.py:355} ERROR - Failed to import: /mnt/c/Users/Victor/Desktop/Final_Semester/data-engineering-final-semester-portfolio/airflow/dags/first_dag.py
Traceback (most recent call last):
  File "/home/victor/airflow_env/lib/python3.10/site-packages/airflow/models/dagbag.py", line 351, in parse
    loader.exec_module(new_module)
  File "<frozen importlib._bootstrap_external>", line 883, in exec_module
  File "<frozen importlib._bootstrap>", line 241, in _call_with_frames_removed
  File "/mnt/c/Users/Victor/Desktop/Final_Semester/data-engineering-final-semester-portfolio/airflow/dags/first_dag.py", line 34, in <module>
    run_endpoint2 = SimpleHttpOperator(
  File "/home/victor/airflow_env/lib/python3.10/site-packages/airflow/models/baseoperator.py", line 485, in apply_defaults
    result = func(self, **kwargs, default_args=default_args)
  File "/home/victor/airflow_env/lib/python3.10/site-packages/airflow/providers/http/operators/http.py", line 369, in __init__
    super().__init__(**kwargs)
  File "/home/victor/airflow_env/lib/python3.10/site-packages/airflow/models/baseoperator.py", line 485, in apply_defaults
    result = func(self, **kwargs, default_args=default_args)
  File "/home/victor/airflow_env/lib/python3.10/site-packages/airflow/providers/http/operators/http.py", line 128, in __init__
    super().__init__(**kwargs)
  File "/home/victor/airflow_env/lib/python3.10/site-packages/airflow/models/baseoperator.py", line 485, in apply_defaults
    result = func(self, **kwargs, default_args=default_args)
  File "/home/victor/airflow_env/lib/python3.10/site-packages/airflow/models/baseoperator.py", line 900, in __init__
    task_group.add(self)
  File "/home/victor/airflow_env/lib/python3.10/site-packages/airflow/utils/task_group.py", line 232, in add
    raise DuplicateTaskIdFound(f"{node_type} id '{key}' has already been added to the DAG")
airflow.exceptions.DuplicateTaskIdFound: Task id 'run-endpoint1' has already been added to the DAG
[2024-07-17T03:35:55.360+0100] {processor.py:842} WARNING - No viable dags retrieved from /mnt/c/Users/Victor/Desktop/Final_Semester/data-engineering-final-semester-portfolio/airflow/dags/first_dag.py
[2024-07-17T03:35:55.807+0100] {processor.py:183} INFO - Processing /mnt/c/Users/Victor/Desktop/Final_Semester/data-engineering-final-semester-portfolio/airflow/dags/first_dag.py took 0.588 seconds
[2024-07-17T03:36:26.567+0100] {processor.py:161} INFO - Started process (PID=9230) to work on /mnt/c/Users/Victor/Desktop/Final_Semester/data-engineering-final-semester-portfolio/airflow/dags/first_dag.py
[2024-07-17T03:36:26.571+0100] {processor.py:830} INFO - Processing file /mnt/c/Users/Victor/Desktop/Final_Semester/data-engineering-final-semester-portfolio/airflow/dags/first_dag.py for tasks to queue
[2024-07-17T03:36:26.579+0100] {logging_mixin.py:188} INFO - [2024-07-17T03:36:26.577+0100] {dagbag.py:545} INFO - Filling up the DagBag from /mnt/c/Users/Victor/Desktop/Final_Semester/data-engineering-final-semester-portfolio/airflow/dags/first_dag.py
[2024-07-17T03:36:26.689+0100] {logging_mixin.py:188} INFO - [2024-07-17T03:36:26.662+0100] {dagbag.py:355} ERROR - Failed to import: /mnt/c/Users/Victor/Desktop/Final_Semester/data-engineering-final-semester-portfolio/airflow/dags/first_dag.py
Traceback (most recent call last):
  File "/home/victor/airflow_env/lib/python3.10/site-packages/airflow/models/dagbag.py", line 351, in parse
    loader.exec_module(new_module)
  File "<frozen importlib._bootstrap_external>", line 883, in exec_module
  File "<frozen importlib._bootstrap>", line 241, in _call_with_frames_removed
  File "/mnt/c/Users/Victor/Desktop/Final_Semester/data-engineering-final-semester-portfolio/airflow/dags/first_dag.py", line 34, in <module>
    run_endpoint2 = SimpleHttpOperator(
  File "/home/victor/airflow_env/lib/python3.10/site-packages/airflow/models/baseoperator.py", line 485, in apply_defaults
    result = func(self, **kwargs, default_args=default_args)
  File "/home/victor/airflow_env/lib/python3.10/site-packages/airflow/providers/http/operators/http.py", line 369, in __init__
    super().__init__(**kwargs)
  File "/home/victor/airflow_env/lib/python3.10/site-packages/airflow/models/baseoperator.py", line 485, in apply_defaults
    result = func(self, **kwargs, default_args=default_args)
  File "/home/victor/airflow_env/lib/python3.10/site-packages/airflow/providers/http/operators/http.py", line 128, in __init__
    super().__init__(**kwargs)
  File "/home/victor/airflow_env/lib/python3.10/site-packages/airflow/models/baseoperator.py", line 485, in apply_defaults
    result = func(self, **kwargs, default_args=default_args)
  File "/home/victor/airflow_env/lib/python3.10/site-packages/airflow/models/baseoperator.py", line 900, in __init__
    task_group.add(self)
  File "/home/victor/airflow_env/lib/python3.10/site-packages/airflow/utils/task_group.py", line 232, in add
    raise DuplicateTaskIdFound(f"{node_type} id '{key}' has already been added to the DAG")
airflow.exceptions.DuplicateTaskIdFound: Task id 'run-endpoint1' has already been added to the DAG
[2024-07-17T03:36:26.692+0100] {processor.py:842} WARNING - No viable dags retrieved from /mnt/c/Users/Victor/Desktop/Final_Semester/data-engineering-final-semester-portfolio/airflow/dags/first_dag.py
[2024-07-17T03:36:27.326+0100] {processor.py:183} INFO - Processing /mnt/c/Users/Victor/Desktop/Final_Semester/data-engineering-final-semester-portfolio/airflow/dags/first_dag.py took 0.793 seconds
[2024-07-17T03:36:59.259+0100] {processor.py:161} INFO - Started process (PID=9373) to work on /mnt/c/Users/Victor/Desktop/Final_Semester/data-engineering-final-semester-portfolio/airflow/dags/first_dag.py
[2024-07-17T03:36:59.264+0100] {processor.py:830} INFO - Processing file /mnt/c/Users/Victor/Desktop/Final_Semester/data-engineering-final-semester-portfolio/airflow/dags/first_dag.py for tasks to queue
[2024-07-17T03:36:59.281+0100] {logging_mixin.py:188} INFO - [2024-07-17T03:36:59.279+0100] {dagbag.py:545} INFO - Filling up the DagBag from /mnt/c/Users/Victor/Desktop/Final_Semester/data-engineering-final-semester-portfolio/airflow/dags/first_dag.py
[2024-07-17T03:36:59.484+0100] {logging_mixin.py:188} INFO - [2024-07-17T03:36:59.432+0100] {dagbag.py:355} ERROR - Failed to import: /mnt/c/Users/Victor/Desktop/Final_Semester/data-engineering-final-semester-portfolio/airflow/dags/first_dag.py
Traceback (most recent call last):
  File "/home/victor/airflow_env/lib/python3.10/site-packages/airflow/models/dagbag.py", line 351, in parse
    loader.exec_module(new_module)
  File "<frozen importlib._bootstrap_external>", line 883, in exec_module
  File "<frozen importlib._bootstrap>", line 241, in _call_with_frames_removed
  File "/mnt/c/Users/Victor/Desktop/Final_Semester/data-engineering-final-semester-portfolio/airflow/dags/first_dag.py", line 34, in <module>
    run_endpoint2 = SimpleHttpOperator(
  File "/home/victor/airflow_env/lib/python3.10/site-packages/airflow/models/baseoperator.py", line 485, in apply_defaults
    result = func(self, **kwargs, default_args=default_args)
  File "/home/victor/airflow_env/lib/python3.10/site-packages/airflow/providers/http/operators/http.py", line 369, in __init__
    super().__init__(**kwargs)
  File "/home/victor/airflow_env/lib/python3.10/site-packages/airflow/models/baseoperator.py", line 485, in apply_defaults
    result = func(self, **kwargs, default_args=default_args)
  File "/home/victor/airflow_env/lib/python3.10/site-packages/airflow/providers/http/operators/http.py", line 128, in __init__
    super().__init__(**kwargs)
  File "/home/victor/airflow_env/lib/python3.10/site-packages/airflow/models/baseoperator.py", line 485, in apply_defaults
    result = func(self, **kwargs, default_args=default_args)
  File "/home/victor/airflow_env/lib/python3.10/site-packages/airflow/models/baseoperator.py", line 900, in __init__
    task_group.add(self)
  File "/home/victor/airflow_env/lib/python3.10/site-packages/airflow/utils/task_group.py", line 232, in add
    raise DuplicateTaskIdFound(f"{node_type} id '{key}' has already been added to the DAG")
airflow.exceptions.DuplicateTaskIdFound: Task id 'run-endpoint1' has already been added to the DAG
[2024-07-17T03:36:59.486+0100] {processor.py:842} WARNING - No viable dags retrieved from /mnt/c/Users/Victor/Desktop/Final_Semester/data-engineering-final-semester-portfolio/airflow/dags/first_dag.py
[2024-07-17T03:36:59.846+0100] {processor.py:183} INFO - Processing /mnt/c/Users/Victor/Desktop/Final_Semester/data-engineering-final-semester-portfolio/airflow/dags/first_dag.py took 0.662 seconds
[2024-07-17T03:37:32.385+0100] {processor.py:161} INFO - Started process (PID=9518) to work on /mnt/c/Users/Victor/Desktop/Final_Semester/data-engineering-final-semester-portfolio/airflow/dags/first_dag.py
[2024-07-17T03:37:32.401+0100] {processor.py:830} INFO - Processing file /mnt/c/Users/Victor/Desktop/Final_Semester/data-engineering-final-semester-portfolio/airflow/dags/first_dag.py for tasks to queue
[2024-07-17T03:37:32.432+0100] {logging_mixin.py:188} INFO - [2024-07-17T03:37:32.419+0100] {dagbag.py:545} INFO - Filling up the DagBag from /mnt/c/Users/Victor/Desktop/Final_Semester/data-engineering-final-semester-portfolio/airflow/dags/first_dag.py
[2024-07-17T03:37:32.690+0100] {logging_mixin.py:188} INFO - [2024-07-17T03:37:32.611+0100] {dagbag.py:355} ERROR - Failed to import: /mnt/c/Users/Victor/Desktop/Final_Semester/data-engineering-final-semester-portfolio/airflow/dags/first_dag.py
Traceback (most recent call last):
  File "/home/victor/airflow_env/lib/python3.10/site-packages/airflow/models/dagbag.py", line 351, in parse
    loader.exec_module(new_module)
  File "<frozen importlib._bootstrap_external>", line 883, in exec_module
  File "<frozen importlib._bootstrap>", line 241, in _call_with_frames_removed
  File "/mnt/c/Users/Victor/Desktop/Final_Semester/data-engineering-final-semester-portfolio/airflow/dags/first_dag.py", line 34, in <module>
    run_endpoint2 = SimpleHttpOperator(
  File "/home/victor/airflow_env/lib/python3.10/site-packages/airflow/models/baseoperator.py", line 485, in apply_defaults
    result = func(self, **kwargs, default_args=default_args)
  File "/home/victor/airflow_env/lib/python3.10/site-packages/airflow/providers/http/operators/http.py", line 369, in __init__
    super().__init__(**kwargs)
  File "/home/victor/airflow_env/lib/python3.10/site-packages/airflow/models/baseoperator.py", line 485, in apply_defaults
    result = func(self, **kwargs, default_args=default_args)
  File "/home/victor/airflow_env/lib/python3.10/site-packages/airflow/providers/http/operators/http.py", line 128, in __init__
    super().__init__(**kwargs)
  File "/home/victor/airflow_env/lib/python3.10/site-packages/airflow/models/baseoperator.py", line 485, in apply_defaults
    result = func(self, **kwargs, default_args=default_args)
  File "/home/victor/airflow_env/lib/python3.10/site-packages/airflow/models/baseoperator.py", line 900, in __init__
    task_group.add(self)
  File "/home/victor/airflow_env/lib/python3.10/site-packages/airflow/utils/task_group.py", line 232, in add
    raise DuplicateTaskIdFound(f"{node_type} id '{key}' has already been added to the DAG")
airflow.exceptions.DuplicateTaskIdFound: Task id 'run-endpoint1' has already been added to the DAG
[2024-07-17T03:37:32.693+0100] {processor.py:842} WARNING - No viable dags retrieved from /mnt/c/Users/Victor/Desktop/Final_Semester/data-engineering-final-semester-portfolio/airflow/dags/first_dag.py
[2024-07-17T03:37:33.308+0100] {processor.py:183} INFO - Processing /mnt/c/Users/Victor/Desktop/Final_Semester/data-engineering-final-semester-portfolio/airflow/dags/first_dag.py took 1.066 seconds
[2024-07-17T03:37:55.713+0100] {processor.py:161} INFO - Started process (PID=9626) to work on /mnt/c/Users/Victor/Desktop/Final_Semester/data-engineering-final-semester-portfolio/airflow/dags/first_dag.py
[2024-07-17T03:37:55.744+0100] {processor.py:830} INFO - Processing file /mnt/c/Users/Victor/Desktop/Final_Semester/data-engineering-final-semester-portfolio/airflow/dags/first_dag.py for tasks to queue
[2024-07-17T03:37:55.763+0100] {logging_mixin.py:188} INFO - [2024-07-17T03:37:55.761+0100] {dagbag.py:545} INFO - Filling up the DagBag from /mnt/c/Users/Victor/Desktop/Final_Semester/data-engineering-final-semester-portfolio/airflow/dags/first_dag.py
[2024-07-17T03:37:57.098+0100] {processor.py:840} INFO - DAG(s) 'dev-astronauts_in_space-v1.0' retrieved from /mnt/c/Users/Victor/Desktop/Final_Semester/data-engineering-final-semester-portfolio/airflow/dags/first_dag.py
[2024-07-17T03:38:03.019+0100] {logging_mixin.py:188} INFO - [2024-07-17T03:38:03.018+0100] {dag.py:3096} INFO - Sync 1 DAGs
[2024-07-17T03:38:03.716+0100] {logging_mixin.py:188} INFO - [2024-07-17T03:38:03.715+0100] {dag.py:3954} INFO - Setting next_dagrun for dev-astronauts_in_space-v1.0 to 2024-07-17 00:00:00+00:00, run_after=2024-07-18 00:00:00+00:00
[2024-07-17T03:38:04.952+0100] {processor.py:183} INFO - Processing /mnt/c/Users/Victor/Desktop/Final_Semester/data-engineering-final-semester-portfolio/airflow/dags/first_dag.py took 9.399 seconds
[2024-07-17T03:38:36.956+0100] {processor.py:161} INFO - Started process (PID=9811) to work on /mnt/c/Users/Victor/Desktop/Final_Semester/data-engineering-final-semester-portfolio/airflow/dags/first_dag.py
[2024-07-17T03:38:36.983+0100] {processor.py:830} INFO - Processing file /mnt/c/Users/Victor/Desktop/Final_Semester/data-engineering-final-semester-portfolio/airflow/dags/first_dag.py for tasks to queue
[2024-07-17T03:38:37.006+0100] {logging_mixin.py:188} INFO - [2024-07-17T03:38:37.005+0100] {dagbag.py:545} INFO - Filling up the DagBag from /mnt/c/Users/Victor/Desktop/Final_Semester/data-engineering-final-semester-portfolio/airflow/dags/first_dag.py
[2024-07-17T03:38:37.427+0100] {processor.py:840} INFO - DAG(s) 'dev-astronauts_in_space-v1.0' retrieved from /mnt/c/Users/Victor/Desktop/Final_Semester/data-engineering-final-semester-portfolio/airflow/dags/first_dag.py
[2024-07-17T03:38:37.903+0100] {logging_mixin.py:188} INFO - [2024-07-17T03:38:37.892+0100] {dag.py:3096} INFO - Sync 1 DAGs
[2024-07-17T03:38:39.619+0100] {logging_mixin.py:188} INFO - [2024-07-17T03:38:39.618+0100] {dag.py:3954} INFO - Setting next_dagrun for dev-astronauts_in_space-v1.0 to 2024-07-17 00:00:00+00:00, run_after=2024-07-18 00:00:00+00:00
[2024-07-17T03:38:40.138+0100] {processor.py:183} INFO - Processing /mnt/c/Users/Victor/Desktop/Final_Semester/data-engineering-final-semester-portfolio/airflow/dags/first_dag.py took 3.279 seconds
[2024-07-17T03:39:11.124+0100] {processor.py:161} INFO - Started process (PID=10029) to work on /mnt/c/Users/Victor/Desktop/Final_Semester/data-engineering-final-semester-portfolio/airflow/dags/first_dag.py
[2024-07-17T03:39:11.138+0100] {processor.py:830} INFO - Processing file /mnt/c/Users/Victor/Desktop/Final_Semester/data-engineering-final-semester-portfolio/airflow/dags/first_dag.py for tasks to queue
[2024-07-17T03:39:11.156+0100] {logging_mixin.py:188} INFO - [2024-07-17T03:39:11.155+0100] {dagbag.py:545} INFO - Filling up the DagBag from /mnt/c/Users/Victor/Desktop/Final_Semester/data-engineering-final-semester-portfolio/airflow/dags/first_dag.py
[2024-07-17T03:39:11.445+0100] {processor.py:840} INFO - DAG(s) 'dev-astronauts_in_space-v1.0' retrieved from /mnt/c/Users/Victor/Desktop/Final_Semester/data-engineering-final-semester-portfolio/airflow/dags/first_dag.py
[2024-07-17T03:39:12.985+0100] {logging_mixin.py:188} INFO - [2024-07-17T03:39:12.984+0100] {dag.py:3096} INFO - Sync 1 DAGs
[2024-07-17T03:39:13.277+0100] {logging_mixin.py:188} INFO - [2024-07-17T03:39:13.276+0100] {dag.py:3954} INFO - Setting next_dagrun for dev-astronauts_in_space-v1.0 to 2024-07-17 00:00:00+00:00, run_after=2024-07-18 00:00:00+00:00
[2024-07-17T03:39:13.977+0100] {processor.py:183} INFO - Processing /mnt/c/Users/Victor/Desktop/Final_Semester/data-engineering-final-semester-portfolio/airflow/dags/first_dag.py took 2.936 seconds
[2024-07-17T03:39:44.781+0100] {processor.py:161} INFO - Started process (PID=10266) to work on /mnt/c/Users/Victor/Desktop/Final_Semester/data-engineering-final-semester-portfolio/airflow/dags/first_dag.py
[2024-07-17T03:39:44.795+0100] {processor.py:830} INFO - Processing file /mnt/c/Users/Victor/Desktop/Final_Semester/data-engineering-final-semester-portfolio/airflow/dags/first_dag.py for tasks to queue
[2024-07-17T03:39:44.824+0100] {logging_mixin.py:188} INFO - [2024-07-17T03:39:44.821+0100] {dagbag.py:545} INFO - Filling up the DagBag from /mnt/c/Users/Victor/Desktop/Final_Semester/data-engineering-final-semester-portfolio/airflow/dags/first_dag.py
[2024-07-17T03:39:45.062+0100] {processor.py:840} INFO - DAG(s) 'dev-astronauts_in_space-v1.0' retrieved from /mnt/c/Users/Victor/Desktop/Final_Semester/data-engineering-final-semester-portfolio/airflow/dags/first_dag.py
[2024-07-17T03:39:46.257+0100] {logging_mixin.py:188} INFO - [2024-07-17T03:39:46.256+0100] {dag.py:3096} INFO - Sync 1 DAGs
[2024-07-17T03:39:46.531+0100] {logging_mixin.py:188} INFO - [2024-07-17T03:39:46.530+0100] {dag.py:3954} INFO - Setting next_dagrun for dev-astronauts_in_space-v1.0 to 2024-07-17 00:00:00+00:00, run_after=2024-07-18 00:00:00+00:00
[2024-07-17T03:39:46.991+0100] {processor.py:183} INFO - Processing /mnt/c/Users/Victor/Desktop/Final_Semester/data-engineering-final-semester-portfolio/airflow/dags/first_dag.py took 2.274 seconds
[2024-07-17T03:40:18.150+0100] {processor.py:161} INFO - Started process (PID=10405) to work on /mnt/c/Users/Victor/Desktop/Final_Semester/data-engineering-final-semester-portfolio/airflow/dags/first_dag.py
[2024-07-17T03:40:18.166+0100] {processor.py:830} INFO - Processing file /mnt/c/Users/Victor/Desktop/Final_Semester/data-engineering-final-semester-portfolio/airflow/dags/first_dag.py for tasks to queue
[2024-07-17T03:40:18.195+0100] {logging_mixin.py:188} INFO - [2024-07-17T03:40:18.184+0100] {dagbag.py:545} INFO - Filling up the DagBag from /mnt/c/Users/Victor/Desktop/Final_Semester/data-engineering-final-semester-portfolio/airflow/dags/first_dag.py
[2024-07-17T03:40:19.266+0100] {processor.py:840} INFO - DAG(s) 'dev-astronauts_in_space-v1.0' retrieved from /mnt/c/Users/Victor/Desktop/Final_Semester/data-engineering-final-semester-portfolio/airflow/dags/first_dag.py
[2024-07-17T03:40:19.681+0100] {logging_mixin.py:188} INFO - [2024-07-17T03:40:19.680+0100] {dag.py:3096} INFO - Sync 1 DAGs
[2024-07-17T03:40:20.132+0100] {logging_mixin.py:188} INFO - [2024-07-17T03:40:20.130+0100] {dag.py:3954} INFO - Setting next_dagrun for dev-astronauts_in_space-v1.0 to 2024-07-17 00:00:00+00:00, run_after=2024-07-18 00:00:00+00:00
[2024-07-17T03:40:20.765+0100] {processor.py:183} INFO - Processing /mnt/c/Users/Victor/Desktop/Final_Semester/data-engineering-final-semester-portfolio/airflow/dags/first_dag.py took 2.684 seconds
[2024-07-17T03:40:53.444+0100] {processor.py:161} INFO - Started process (PID=10552) to work on /mnt/c/Users/Victor/Desktop/Final_Semester/data-engineering-final-semester-portfolio/airflow/dags/first_dag.py
[2024-07-17T03:40:53.450+0100] {processor.py:830} INFO - Processing file /mnt/c/Users/Victor/Desktop/Final_Semester/data-engineering-final-semester-portfolio/airflow/dags/first_dag.py for tasks to queue
[2024-07-17T03:40:53.462+0100] {logging_mixin.py:188} INFO - [2024-07-17T03:40:53.461+0100] {dagbag.py:545} INFO - Filling up the DagBag from /mnt/c/Users/Victor/Desktop/Final_Semester/data-engineering-final-semester-portfolio/airflow/dags/first_dag.py
[2024-07-17T03:40:53.666+0100] {processor.py:840} INFO - DAG(s) 'dev-astronauts_in_space-v1.0' retrieved from /mnt/c/Users/Victor/Desktop/Final_Semester/data-engineering-final-semester-portfolio/airflow/dags/first_dag.py
[2024-07-17T03:40:53.899+0100] {logging_mixin.py:188} INFO - [2024-07-17T03:40:53.898+0100] {dag.py:3096} INFO - Sync 1 DAGs
[2024-07-17T03:40:54.166+0100] {logging_mixin.py:188} INFO - [2024-07-17T03:40:54.164+0100] {dag.py:3954} INFO - Setting next_dagrun for dev-astronauts_in_space-v1.0 to 2024-07-17 00:00:00+00:00, run_after=2024-07-18 00:00:00+00:00
[2024-07-17T03:40:54.651+0100] {processor.py:183} INFO - Processing /mnt/c/Users/Victor/Desktop/Final_Semester/data-engineering-final-semester-portfolio/airflow/dags/first_dag.py took 2.337 seconds
[2024-07-17T03:41:25.677+0100] {processor.py:161} INFO - Started process (PID=10700) to work on /mnt/c/Users/Victor/Desktop/Final_Semester/data-engineering-final-semester-portfolio/airflow/dags/first_dag.py
[2024-07-17T03:41:25.682+0100] {processor.py:830} INFO - Processing file /mnt/c/Users/Victor/Desktop/Final_Semester/data-engineering-final-semester-portfolio/airflow/dags/first_dag.py for tasks to queue
[2024-07-17T03:41:25.689+0100] {logging_mixin.py:188} INFO - [2024-07-17T03:41:25.687+0100] {dagbag.py:545} INFO - Filling up the DagBag from /mnt/c/Users/Victor/Desktop/Final_Semester/data-engineering-final-semester-portfolio/airflow/dags/first_dag.py
[2024-07-17T03:41:25.804+0100] {processor.py:840} INFO - DAG(s) 'dev-astronauts_in_space-v1.0' retrieved from /mnt/c/Users/Victor/Desktop/Final_Semester/data-engineering-final-semester-portfolio/airflow/dags/first_dag.py
[2024-07-17T03:41:25.938+0100] {logging_mixin.py:188} INFO - [2024-07-17T03:41:25.937+0100] {dag.py:3096} INFO - Sync 1 DAGs
[2024-07-17T03:41:26.116+0100] {logging_mixin.py:188} INFO - [2024-07-17T03:41:26.111+0100] {dag.py:3954} INFO - Setting next_dagrun for dev-astronauts_in_space-v1.0 to 2024-07-17 00:00:00+00:00, run_after=2024-07-18 00:00:00+00:00
[2024-07-17T03:41:26.680+0100] {processor.py:183} INFO - Processing /mnt/c/Users/Victor/Desktop/Final_Semester/data-engineering-final-semester-portfolio/airflow/dags/first_dag.py took 1.032 seconds
[2024-07-17T03:41:57.243+0100] {processor.py:161} INFO - Started process (PID=10898) to work on /mnt/c/Users/Victor/Desktop/Final_Semester/data-engineering-final-semester-portfolio/airflow/dags/first_dag.py
[2024-07-17T03:41:57.247+0100] {processor.py:830} INFO - Processing file /mnt/c/Users/Victor/Desktop/Final_Semester/data-engineering-final-semester-portfolio/airflow/dags/first_dag.py for tasks to queue
[2024-07-17T03:41:57.255+0100] {logging_mixin.py:188} INFO - [2024-07-17T03:41:57.253+0100] {dagbag.py:545} INFO - Filling up the DagBag from /mnt/c/Users/Victor/Desktop/Final_Semester/data-engineering-final-semester-portfolio/airflow/dags/first_dag.py
[2024-07-17T03:41:57.353+0100] {processor.py:840} INFO - DAG(s) 'dev-astronauts_in_space-v1.0' retrieved from /mnt/c/Users/Victor/Desktop/Final_Semester/data-engineering-final-semester-portfolio/airflow/dags/first_dag.py
[2024-07-17T03:41:57.457+0100] {logging_mixin.py:188} INFO - [2024-07-17T03:41:57.456+0100] {dag.py:3096} INFO - Sync 1 DAGs
[2024-07-17T03:41:57.578+0100] {logging_mixin.py:188} INFO - [2024-07-17T03:41:57.577+0100] {dag.py:3954} INFO - Setting next_dagrun for dev-astronauts_in_space-v1.0 to 2024-07-17 00:00:00+00:00, run_after=2024-07-18 00:00:00+00:00
[2024-07-17T03:41:57.965+0100] {processor.py:183} INFO - Processing /mnt/c/Users/Victor/Desktop/Final_Semester/data-engineering-final-semester-portfolio/airflow/dags/first_dag.py took 0.750 seconds
[2024-07-17T03:42:28.940+0100] {processor.py:161} INFO - Started process (PID=11102) to work on /mnt/c/Users/Victor/Desktop/Final_Semester/data-engineering-final-semester-portfolio/airflow/dags/first_dag.py
[2024-07-17T03:42:28.944+0100] {processor.py:830} INFO - Processing file /mnt/c/Users/Victor/Desktop/Final_Semester/data-engineering-final-semester-portfolio/airflow/dags/first_dag.py for tasks to queue
[2024-07-17T03:42:28.952+0100] {logging_mixin.py:188} INFO - [2024-07-17T03:42:28.951+0100] {dagbag.py:545} INFO - Filling up the DagBag from /mnt/c/Users/Victor/Desktop/Final_Semester/data-engineering-final-semester-portfolio/airflow/dags/first_dag.py
[2024-07-17T03:42:29.044+0100] {processor.py:840} INFO - DAG(s) 'dev-astronauts_in_space-v1.0' retrieved from /mnt/c/Users/Victor/Desktop/Final_Semester/data-engineering-final-semester-portfolio/airflow/dags/first_dag.py
[2024-07-17T03:42:29.146+0100] {logging_mixin.py:188} INFO - [2024-07-17T03:42:29.145+0100] {dag.py:3096} INFO - Sync 1 DAGs
[2024-07-17T03:42:29.252+0100] {logging_mixin.py:188} INFO - [2024-07-17T03:42:29.251+0100] {dag.py:3954} INFO - Setting next_dagrun for dev-astronauts_in_space-v1.0 to 2024-07-17 00:00:00+00:00, run_after=2024-07-18 00:00:00+00:00
[2024-07-17T03:42:29.575+0100] {processor.py:183} INFO - Processing /mnt/c/Users/Victor/Desktop/Final_Semester/data-engineering-final-semester-portfolio/airflow/dags/first_dag.py took 0.667 seconds
[2024-07-17T03:43:00.470+0100] {processor.py:161} INFO - Started process (PID=11237) to work on /mnt/c/Users/Victor/Desktop/Final_Semester/data-engineering-final-semester-portfolio/airflow/dags/first_dag.py
[2024-07-17T03:43:00.477+0100] {processor.py:830} INFO - Processing file /mnt/c/Users/Victor/Desktop/Final_Semester/data-engineering-final-semester-portfolio/airflow/dags/first_dag.py for tasks to queue
[2024-07-17T03:43:00.492+0100] {logging_mixin.py:188} INFO - [2024-07-17T03:43:00.488+0100] {dagbag.py:545} INFO - Filling up the DagBag from /mnt/c/Users/Victor/Desktop/Final_Semester/data-engineering-final-semester-portfolio/airflow/dags/first_dag.py
[2024-07-17T03:43:00.623+0100] {processor.py:840} INFO - DAG(s) 'dev-astronauts_in_space-v1.0' retrieved from /mnt/c/Users/Victor/Desktop/Final_Semester/data-engineering-final-semester-portfolio/airflow/dags/first_dag.py
[2024-07-17T03:43:00.745+0100] {logging_mixin.py:188} INFO - [2024-07-17T03:43:00.743+0100] {dag.py:3096} INFO - Sync 1 DAGs
[2024-07-17T03:43:00.868+0100] {logging_mixin.py:188} INFO - [2024-07-17T03:43:00.867+0100] {dag.py:3954} INFO - Setting next_dagrun for dev-astronauts_in_space-v1.0 to 2024-07-17 00:00:00+00:00, run_after=2024-07-18 00:00:00+00:00
[2024-07-17T03:43:01.199+0100] {processor.py:183} INFO - Processing /mnt/c/Users/Victor/Desktop/Final_Semester/data-engineering-final-semester-portfolio/airflow/dags/first_dag.py took 0.762 seconds
[2024-07-17T03:43:32.041+0100] {processor.py:161} INFO - Started process (PID=11376) to work on /mnt/c/Users/Victor/Desktop/Final_Semester/data-engineering-final-semester-portfolio/airflow/dags/first_dag.py
[2024-07-17T03:43:32.045+0100] {processor.py:830} INFO - Processing file /mnt/c/Users/Victor/Desktop/Final_Semester/data-engineering-final-semester-portfolio/airflow/dags/first_dag.py for tasks to queue
[2024-07-17T03:43:32.052+0100] {logging_mixin.py:188} INFO - [2024-07-17T03:43:32.051+0100] {dagbag.py:545} INFO - Filling up the DagBag from /mnt/c/Users/Victor/Desktop/Final_Semester/data-engineering-final-semester-portfolio/airflow/dags/first_dag.py
[2024-07-17T03:43:32.162+0100] {processor.py:840} INFO - DAG(s) 'dev-astronauts_in_space-v1.0' retrieved from /mnt/c/Users/Victor/Desktop/Final_Semester/data-engineering-final-semester-portfolio/airflow/dags/first_dag.py
[2024-07-17T03:43:32.294+0100] {logging_mixin.py:188} INFO - [2024-07-17T03:43:32.293+0100] {dag.py:3096} INFO - Sync 1 DAGs
[2024-07-17T03:43:32.466+0100] {logging_mixin.py:188} INFO - [2024-07-17T03:43:32.463+0100] {dag.py:3954} INFO - Setting next_dagrun for dev-astronauts_in_space-v1.0 to 2024-07-17 00:00:00+00:00, run_after=2024-07-18 00:00:00+00:00
[2024-07-17T03:43:32.858+0100] {processor.py:183} INFO - Processing /mnt/c/Users/Victor/Desktop/Final_Semester/data-engineering-final-semester-portfolio/airflow/dags/first_dag.py took 0.843 seconds
[2024-07-17T03:44:03.222+0100] {processor.py:161} INFO - Started process (PID=11605) to work on /mnt/c/Users/Victor/Desktop/Final_Semester/data-engineering-final-semester-portfolio/airflow/dags/first_dag.py
[2024-07-17T03:44:03.226+0100] {processor.py:830} INFO - Processing file /mnt/c/Users/Victor/Desktop/Final_Semester/data-engineering-final-semester-portfolio/airflow/dags/first_dag.py for tasks to queue
[2024-07-17T03:44:03.235+0100] {logging_mixin.py:188} INFO - [2024-07-17T03:44:03.233+0100] {dagbag.py:545} INFO - Filling up the DagBag from /mnt/c/Users/Victor/Desktop/Final_Semester/data-engineering-final-semester-portfolio/airflow/dags/first_dag.py
[2024-07-17T03:44:03.343+0100] {processor.py:840} INFO - DAG(s) 'dev-astronauts_in_space-v1.0' retrieved from /mnt/c/Users/Victor/Desktop/Final_Semester/data-engineering-final-semester-portfolio/airflow/dags/first_dag.py
[2024-07-17T03:44:03.458+0100] {logging_mixin.py:188} INFO - [2024-07-17T03:44:03.457+0100] {dag.py:3096} INFO - Sync 1 DAGs
[2024-07-17T03:44:03.576+0100] {logging_mixin.py:188} INFO - [2024-07-17T03:44:03.575+0100] {dag.py:3954} INFO - Setting next_dagrun for dev-astronauts_in_space-v1.0 to 2024-07-17 00:00:00+00:00, run_after=2024-07-18 00:00:00+00:00
[2024-07-17T03:44:03.845+0100] {processor.py:183} INFO - Processing /mnt/c/Users/Victor/Desktop/Final_Semester/data-engineering-final-semester-portfolio/airflow/dags/first_dag.py took 0.654 seconds
[2024-07-17T03:44:34.395+0100] {processor.py:161} INFO - Started process (PID=11741) to work on /mnt/c/Users/Victor/Desktop/Final_Semester/data-engineering-final-semester-portfolio/airflow/dags/first_dag.py
[2024-07-17T03:44:34.400+0100] {processor.py:830} INFO - Processing file /mnt/c/Users/Victor/Desktop/Final_Semester/data-engineering-final-semester-portfolio/airflow/dags/first_dag.py for tasks to queue
[2024-07-17T03:44:34.408+0100] {logging_mixin.py:188} INFO - [2024-07-17T03:44:34.406+0100] {dagbag.py:545} INFO - Filling up the DagBag from /mnt/c/Users/Victor/Desktop/Final_Semester/data-engineering-final-semester-portfolio/airflow/dags/first_dag.py
[2024-07-17T03:44:34.542+0100] {processor.py:840} INFO - DAG(s) 'dev-astronauts_in_space-v1.0' retrieved from /mnt/c/Users/Victor/Desktop/Final_Semester/data-engineering-final-semester-portfolio/airflow/dags/first_dag.py
[2024-07-17T03:44:34.694+0100] {logging_mixin.py:188} INFO - [2024-07-17T03:44:34.693+0100] {dag.py:3096} INFO - Sync 1 DAGs
[2024-07-17T03:44:34.844+0100] {logging_mixin.py:188} INFO - [2024-07-17T03:44:34.842+0100] {dag.py:3954} INFO - Setting next_dagrun for dev-astronauts_in_space-v1.0 to 2024-07-17 00:00:00+00:00, run_after=2024-07-18 00:00:00+00:00
[2024-07-17T03:44:35.315+0100] {processor.py:183} INFO - Processing /mnt/c/Users/Victor/Desktop/Final_Semester/data-engineering-final-semester-portfolio/airflow/dags/first_dag.py took 0.949 seconds
[2024-07-17T03:45:05.940+0100] {processor.py:161} INFO - Started process (PID=11914) to work on /mnt/c/Users/Victor/Desktop/Final_Semester/data-engineering-final-semester-portfolio/airflow/dags/first_dag.py
[2024-07-17T03:45:05.946+0100] {processor.py:830} INFO - Processing file /mnt/c/Users/Victor/Desktop/Final_Semester/data-engineering-final-semester-portfolio/airflow/dags/first_dag.py for tasks to queue
[2024-07-17T03:45:05.956+0100] {logging_mixin.py:188} INFO - [2024-07-17T03:45:05.952+0100] {dagbag.py:545} INFO - Filling up the DagBag from /mnt/c/Users/Victor/Desktop/Final_Semester/data-engineering-final-semester-portfolio/airflow/dags/first_dag.py
[2024-07-17T03:45:06.057+0100] {processor.py:840} INFO - DAG(s) 'dev-astronauts_in_space-v1.0' retrieved from /mnt/c/Users/Victor/Desktop/Final_Semester/data-engineering-final-semester-portfolio/airflow/dags/first_dag.py
[2024-07-17T03:45:06.176+0100] {logging_mixin.py:188} INFO - [2024-07-17T03:45:06.175+0100] {dag.py:3096} INFO - Sync 1 DAGs
[2024-07-17T03:45:06.309+0100] {logging_mixin.py:188} INFO - [2024-07-17T03:45:06.308+0100] {dag.py:3954} INFO - Setting next_dagrun for dev-astronauts_in_space-v1.0 to 2024-07-17 00:00:00+00:00, run_after=2024-07-18 00:00:00+00:00
[2024-07-17T03:45:06.711+0100] {processor.py:183} INFO - Processing /mnt/c/Users/Victor/Desktop/Final_Semester/data-engineering-final-semester-portfolio/airflow/dags/first_dag.py took 0.800 seconds
[2024-07-17T03:45:37.098+0100] {processor.py:161} INFO - Started process (PID=12179) to work on /mnt/c/Users/Victor/Desktop/Final_Semester/data-engineering-final-semester-portfolio/airflow/dags/first_dag.py
[2024-07-17T03:45:37.105+0100] {processor.py:830} INFO - Processing file /mnt/c/Users/Victor/Desktop/Final_Semester/data-engineering-final-semester-portfolio/airflow/dags/first_dag.py for tasks to queue
[2024-07-17T03:45:37.116+0100] {logging_mixin.py:188} INFO - [2024-07-17T03:45:37.112+0100] {dagbag.py:545} INFO - Filling up the DagBag from /mnt/c/Users/Victor/Desktop/Final_Semester/data-engineering-final-semester-portfolio/airflow/dags/first_dag.py
[2024-07-17T03:45:37.381+0100] {processor.py:840} INFO - DAG(s) 'dev-astronauts_in_space-v1.0' retrieved from /mnt/c/Users/Victor/Desktop/Final_Semester/data-engineering-final-semester-portfolio/airflow/dags/first_dag.py
[2024-07-17T03:45:37.551+0100] {logging_mixin.py:188} INFO - [2024-07-17T03:45:37.550+0100] {dag.py:3096} INFO - Sync 1 DAGs
[2024-07-17T03:45:37.713+0100] {logging_mixin.py:188} INFO - [2024-07-17T03:45:37.712+0100] {dag.py:3954} INFO - Setting next_dagrun for dev-astronauts_in_space-v1.0 to 2024-07-17 00:00:00+00:00, run_after=2024-07-18 00:00:00+00:00
[2024-07-17T03:45:38.042+0100] {processor.py:183} INFO - Processing /mnt/c/Users/Victor/Desktop/Final_Semester/data-engineering-final-semester-portfolio/airflow/dags/first_dag.py took 0.994 seconds
[2024-07-17T03:46:08.450+0100] {processor.py:161} INFO - Started process (PID=12321) to work on /mnt/c/Users/Victor/Desktop/Final_Semester/data-engineering-final-semester-portfolio/airflow/dags/first_dag.py
[2024-07-17T03:46:08.454+0100] {processor.py:830} INFO - Processing file /mnt/c/Users/Victor/Desktop/Final_Semester/data-engineering-final-semester-portfolio/airflow/dags/first_dag.py for tasks to queue
[2024-07-17T03:46:08.461+0100] {logging_mixin.py:188} INFO - [2024-07-17T03:46:08.459+0100] {dagbag.py:545} INFO - Filling up the DagBag from /mnt/c/Users/Victor/Desktop/Final_Semester/data-engineering-final-semester-portfolio/airflow/dags/first_dag.py
[2024-07-17T03:46:08.551+0100] {processor.py:840} INFO - DAG(s) 'dev-astronauts_in_space-v1.0' retrieved from /mnt/c/Users/Victor/Desktop/Final_Semester/data-engineering-final-semester-portfolio/airflow/dags/first_dag.py
[2024-07-17T03:46:08.662+0100] {logging_mixin.py:188} INFO - [2024-07-17T03:46:08.661+0100] {dag.py:3096} INFO - Sync 1 DAGs
[2024-07-17T03:46:08.777+0100] {logging_mixin.py:188} INFO - [2024-07-17T03:46:08.776+0100] {dag.py:3954} INFO - Setting next_dagrun for dev-astronauts_in_space-v1.0 to 2024-07-17 00:00:00+00:00, run_after=2024-07-18 00:00:00+00:00
[2024-07-17T03:46:09.131+0100] {processor.py:183} INFO - Processing /mnt/c/Users/Victor/Desktop/Final_Semester/data-engineering-final-semester-portfolio/airflow/dags/first_dag.py took 0.706 seconds
[2024-07-17T03:46:39.969+0100] {processor.py:161} INFO - Started process (PID=12518) to work on /mnt/c/Users/Victor/Desktop/Final_Semester/data-engineering-final-semester-portfolio/airflow/dags/first_dag.py
[2024-07-17T03:46:39.972+0100] {processor.py:830} INFO - Processing file /mnt/c/Users/Victor/Desktop/Final_Semester/data-engineering-final-semester-portfolio/airflow/dags/first_dag.py for tasks to queue
[2024-07-17T03:46:39.980+0100] {logging_mixin.py:188} INFO - [2024-07-17T03:46:39.978+0100] {dagbag.py:545} INFO - Filling up the DagBag from /mnt/c/Users/Victor/Desktop/Final_Semester/data-engineering-final-semester-portfolio/airflow/dags/first_dag.py
[2024-07-17T03:46:40.076+0100] {processor.py:840} INFO - DAG(s) 'dev-astronauts_in_space-v1.0' retrieved from /mnt/c/Users/Victor/Desktop/Final_Semester/data-engineering-final-semester-portfolio/airflow/dags/first_dag.py
[2024-07-17T03:46:40.180+0100] {logging_mixin.py:188} INFO - [2024-07-17T03:46:40.180+0100] {dag.py:3096} INFO - Sync 1 DAGs
[2024-07-17T03:46:40.289+0100] {logging_mixin.py:188} INFO - [2024-07-17T03:46:40.288+0100] {dag.py:3954} INFO - Setting next_dagrun for dev-astronauts_in_space-v1.0 to 2024-07-17 00:00:00+00:00, run_after=2024-07-18 00:00:00+00:00
[2024-07-17T03:46:40.574+0100] {processor.py:183} INFO - Processing /mnt/c/Users/Victor/Desktop/Final_Semester/data-engineering-final-semester-portfolio/airflow/dags/first_dag.py took 0.631 seconds
[2024-07-17T03:47:11.137+0100] {processor.py:161} INFO - Started process (PID=12692) to work on /mnt/c/Users/Victor/Desktop/Final_Semester/data-engineering-final-semester-portfolio/airflow/dags/first_dag.py
[2024-07-17T03:47:11.145+0100] {processor.py:830} INFO - Processing file /mnt/c/Users/Victor/Desktop/Final_Semester/data-engineering-final-semester-portfolio/airflow/dags/first_dag.py for tasks to queue
[2024-07-17T03:47:11.159+0100] {logging_mixin.py:188} INFO - [2024-07-17T03:47:11.156+0100] {dagbag.py:545} INFO - Filling up the DagBag from /mnt/c/Users/Victor/Desktop/Final_Semester/data-engineering-final-semester-portfolio/airflow/dags/first_dag.py
[2024-07-17T03:47:11.352+0100] {processor.py:840} INFO - DAG(s) 'dev-astronauts_in_space-v1.0' retrieved from /mnt/c/Users/Victor/Desktop/Final_Semester/data-engineering-final-semester-portfolio/airflow/dags/first_dag.py
[2024-07-17T03:47:11.602+0100] {logging_mixin.py:188} INFO - [2024-07-17T03:47:11.601+0100] {dag.py:3096} INFO - Sync 1 DAGs
[2024-07-17T03:47:12.162+0100] {logging_mixin.py:188} INFO - [2024-07-17T03:47:12.153+0100] {dag.py:3954} INFO - Setting next_dagrun for dev-astronauts_in_space-v1.0 to 2024-07-17 00:00:00+00:00, run_after=2024-07-18 00:00:00+00:00
[2024-07-17T03:47:12.946+0100] {processor.py:183} INFO - Processing /mnt/c/Users/Victor/Desktop/Final_Semester/data-engineering-final-semester-portfolio/airflow/dags/first_dag.py took 1.859 seconds
[2024-07-17T03:47:44.506+0100] {processor.py:161} INFO - Started process (PID=12965) to work on /mnt/c/Users/Victor/Desktop/Final_Semester/data-engineering-final-semester-portfolio/airflow/dags/first_dag.py
[2024-07-17T03:47:44.511+0100] {processor.py:830} INFO - Processing file /mnt/c/Users/Victor/Desktop/Final_Semester/data-engineering-final-semester-portfolio/airflow/dags/first_dag.py for tasks to queue
[2024-07-17T03:47:44.534+0100] {logging_mixin.py:188} INFO - [2024-07-17T03:47:44.519+0100] {dagbag.py:545} INFO - Filling up the DagBag from /mnt/c/Users/Victor/Desktop/Final_Semester/data-engineering-final-semester-portfolio/airflow/dags/first_dag.py
[2024-07-17T03:47:44.644+0100] {processor.py:840} INFO - DAG(s) 'dev-astronauts_in_space-v1.0' retrieved from /mnt/c/Users/Victor/Desktop/Final_Semester/data-engineering-final-semester-portfolio/airflow/dags/first_dag.py
[2024-07-17T03:47:44.772+0100] {logging_mixin.py:188} INFO - [2024-07-17T03:47:44.771+0100] {dag.py:3096} INFO - Sync 1 DAGs
[2024-07-17T03:47:44.905+0100] {logging_mixin.py:188} INFO - [2024-07-17T03:47:44.904+0100] {dag.py:3954} INFO - Setting next_dagrun for dev-astronauts_in_space-v1.0 to 2024-07-17 00:00:00+00:00, run_after=2024-07-18 00:00:00+00:00
[2024-07-17T03:47:45.320+0100] {processor.py:183} INFO - Processing /mnt/c/Users/Victor/Desktop/Final_Semester/data-engineering-final-semester-portfolio/airflow/dags/first_dag.py took 0.842 seconds
[2024-07-17T03:48:15.724+0100] {processor.py:161} INFO - Started process (PID=13187) to work on /mnt/c/Users/Victor/Desktop/Final_Semester/data-engineering-final-semester-portfolio/airflow/dags/first_dag.py
[2024-07-17T03:48:15.729+0100] {processor.py:830} INFO - Processing file /mnt/c/Users/Victor/Desktop/Final_Semester/data-engineering-final-semester-portfolio/airflow/dags/first_dag.py for tasks to queue
[2024-07-17T03:48:15.736+0100] {logging_mixin.py:188} INFO - [2024-07-17T03:48:15.735+0100] {dagbag.py:545} INFO - Filling up the DagBag from /mnt/c/Users/Victor/Desktop/Final_Semester/data-engineering-final-semester-portfolio/airflow/dags/first_dag.py
[2024-07-17T03:48:15.828+0100] {processor.py:840} INFO - DAG(s) 'dev-astronauts_in_space-v1.0' retrieved from /mnt/c/Users/Victor/Desktop/Final_Semester/data-engineering-final-semester-portfolio/airflow/dags/first_dag.py
[2024-07-17T03:48:15.960+0100] {logging_mixin.py:188} INFO - [2024-07-17T03:48:15.959+0100] {dag.py:3096} INFO - Sync 1 DAGs
[2024-07-17T03:48:16.079+0100] {logging_mixin.py:188} INFO - [2024-07-17T03:48:16.078+0100] {dag.py:3954} INFO - Setting next_dagrun for dev-astronauts_in_space-v1.0 to 2024-07-17 00:00:00+00:00, run_after=2024-07-18 00:00:00+00:00
[2024-07-17T03:48:16.356+0100] {processor.py:183} INFO - Processing /mnt/c/Users/Victor/Desktop/Final_Semester/data-engineering-final-semester-portfolio/airflow/dags/first_dag.py took 0.659 seconds
[2024-07-17T03:48:47.165+0100] {processor.py:161} INFO - Started process (PID=13371) to work on /mnt/c/Users/Victor/Desktop/Final_Semester/data-engineering-final-semester-portfolio/airflow/dags/first_dag.py
[2024-07-17T03:48:47.169+0100] {processor.py:830} INFO - Processing file /mnt/c/Users/Victor/Desktop/Final_Semester/data-engineering-final-semester-portfolio/airflow/dags/first_dag.py for tasks to queue
[2024-07-17T03:48:47.177+0100] {logging_mixin.py:188} INFO - [2024-07-17T03:48:47.175+0100] {dagbag.py:545} INFO - Filling up the DagBag from /mnt/c/Users/Victor/Desktop/Final_Semester/data-engineering-final-semester-portfolio/airflow/dags/first_dag.py
[2024-07-17T03:48:47.297+0100] {processor.py:840} INFO - DAG(s) 'dev-astronauts_in_space-v1.0' retrieved from /mnt/c/Users/Victor/Desktop/Final_Semester/data-engineering-final-semester-portfolio/airflow/dags/first_dag.py
[2024-07-17T03:48:47.436+0100] {logging_mixin.py:188} INFO - [2024-07-17T03:48:47.435+0100] {dag.py:3096} INFO - Sync 1 DAGs
[2024-07-17T03:48:47.566+0100] {logging_mixin.py:188} INFO - [2024-07-17T03:48:47.565+0100] {dag.py:3954} INFO - Setting next_dagrun for dev-astronauts_in_space-v1.0 to 2024-07-17 00:00:00+00:00, run_after=2024-07-18 00:00:00+00:00
[2024-07-17T03:48:47.936+0100] {processor.py:183} INFO - Processing /mnt/c/Users/Victor/Desktop/Final_Semester/data-engineering-final-semester-portfolio/airflow/dags/first_dag.py took 0.799 seconds
[2024-07-17T03:49:18.991+0100] {processor.py:161} INFO - Started process (PID=13530) to work on /mnt/c/Users/Victor/Desktop/Final_Semester/data-engineering-final-semester-portfolio/airflow/dags/first_dag.py
[2024-07-17T03:49:18.995+0100] {processor.py:830} INFO - Processing file /mnt/c/Users/Victor/Desktop/Final_Semester/data-engineering-final-semester-portfolio/airflow/dags/first_dag.py for tasks to queue
[2024-07-17T03:49:19.002+0100] {logging_mixin.py:188} INFO - [2024-07-17T03:49:19.001+0100] {dagbag.py:545} INFO - Filling up the DagBag from /mnt/c/Users/Victor/Desktop/Final_Semester/data-engineering-final-semester-portfolio/airflow/dags/first_dag.py
[2024-07-17T03:49:19.086+0100] {processor.py:840} INFO - DAG(s) 'dev-astronauts_in_space-v1.0' retrieved from /mnt/c/Users/Victor/Desktop/Final_Semester/data-engineering-final-semester-portfolio/airflow/dags/first_dag.py
[2024-07-17T03:49:19.207+0100] {logging_mixin.py:188} INFO - [2024-07-17T03:49:19.206+0100] {dag.py:3096} INFO - Sync 1 DAGs
[2024-07-17T03:49:19.312+0100] {logging_mixin.py:188} INFO - [2024-07-17T03:49:19.312+0100] {dag.py:3954} INFO - Setting next_dagrun for dev-astronauts_in_space-v1.0 to 2024-07-17 00:00:00+00:00, run_after=2024-07-18 00:00:00+00:00
[2024-07-17T03:49:19.607+0100] {processor.py:183} INFO - Processing /mnt/c/Users/Victor/Desktop/Final_Semester/data-engineering-final-semester-portfolio/airflow/dags/first_dag.py took 0.641 seconds
[2024-07-17T03:49:35.236+0100] {processor.py:161} INFO - Started process (PID=13600) to work on /mnt/c/Users/Victor/Desktop/Final_Semester/data-engineering-final-semester-portfolio/airflow/dags/first_dag.py
[2024-07-17T03:49:35.241+0100] {processor.py:830} INFO - Processing file /mnt/c/Users/Victor/Desktop/Final_Semester/data-engineering-final-semester-portfolio/airflow/dags/first_dag.py for tasks to queue
[2024-07-17T03:49:35.294+0100] {logging_mixin.py:188} INFO - [2024-07-17T03:49:35.292+0100] {dagbag.py:545} INFO - Filling up the DagBag from /mnt/c/Users/Victor/Desktop/Final_Semester/data-engineering-final-semester-portfolio/airflow/dags/first_dag.py
[2024-07-17T03:49:35.422+0100] {logging_mixin.py:188} INFO - [2024-07-17T03:49:35.419+0100] {dagbag.py:355} ERROR - Failed to import: /mnt/c/Users/Victor/Desktop/Final_Semester/data-engineering-final-semester-portfolio/airflow/dags/first_dag.py
Traceback (most recent call last):
  File "/home/victor/airflow_env/lib/python3.10/site-packages/airflow/models/dagbag.py", line 351, in parse
    loader.exec_module(new_module)
  File "<frozen importlib._bootstrap_external>", line 879, in exec_module
  File "<frozen importlib._bootstrap_external>", line 1017, in get_code
  File "<frozen importlib._bootstrap_external>", line 947, in source_to_code
  File "<frozen importlib._bootstrap>", line 241, in _call_with_frames_removed
  File "/mnt/c/Users/Victor/Desktop/Final_Semester/data-engineering-final-semester-portfolio/airflow/dags/first_dag.py", line 32
    http_conn_id
    ^^^^^^^^^^^^
SyntaxError: invalid syntax. Perhaps you forgot a comma?
[2024-07-17T03:49:35.454+0100] {processor.py:842} WARNING - No viable dags retrieved from /mnt/c/Users/Victor/Desktop/Final_Semester/data-engineering-final-semester-portfolio/airflow/dags/first_dag.py
[2024-07-17T03:49:35.875+0100] {processor.py:183} INFO - Processing /mnt/c/Users/Victor/Desktop/Final_Semester/data-engineering-final-semester-portfolio/airflow/dags/first_dag.py took 0.724 seconds
[2024-07-17T03:49:38.203+0100] {processor.py:161} INFO - Started process (PID=13612) to work on /mnt/c/Users/Victor/Desktop/Final_Semester/data-engineering-final-semester-portfolio/airflow/dags/first_dag.py
[2024-07-17T03:49:38.224+0100] {processor.py:830} INFO - Processing file /mnt/c/Users/Victor/Desktop/Final_Semester/data-engineering-final-semester-portfolio/airflow/dags/first_dag.py for tasks to queue
[2024-07-17T03:49:38.248+0100] {logging_mixin.py:188} INFO - [2024-07-17T03:49:38.247+0100] {dagbag.py:545} INFO - Filling up the DagBag from /mnt/c/Users/Victor/Desktop/Final_Semester/data-engineering-final-semester-portfolio/airflow/dags/first_dag.py
[2024-07-17T03:49:38.358+0100] {logging_mixin.py:188} INFO - [2024-07-17T03:49:38.356+0100] {dagbag.py:355} ERROR - Failed to import: /mnt/c/Users/Victor/Desktop/Final_Semester/data-engineering-final-semester-portfolio/airflow/dags/first_dag.py
Traceback (most recent call last):
  File "/home/victor/airflow_env/lib/python3.10/site-packages/airflow/models/dagbag.py", line 351, in parse
    loader.exec_module(new_module)
  File "<frozen importlib._bootstrap_external>", line 879, in exec_module
  File "<frozen importlib._bootstrap_external>", line 1017, in get_code
  File "<frozen importlib._bootstrap_external>", line 947, in source_to_code
  File "<frozen importlib._bootstrap>", line 241, in _call_with_frames_removed
  File "/mnt/c/Users/Victor/Desktop/Final_Semester/data-engineering-final-semester-portfolio/airflow/dags/first_dag.py", line 33
    log_response=True,
                ^
SyntaxError: invalid syntax
[2024-07-17T03:49:38.362+0100] {processor.py:842} WARNING - No viable dags retrieved from /mnt/c/Users/Victor/Desktop/Final_Semester/data-engineering-final-semester-portfolio/airflow/dags/first_dag.py
[2024-07-17T03:49:38.751+0100] {processor.py:183} INFO - Processing /mnt/c/Users/Victor/Desktop/Final_Semester/data-engineering-final-semester-portfolio/airflow/dags/first_dag.py took 0.617 seconds
[2024-07-17T03:50:09.651+0100] {processor.py:161} INFO - Started process (PID=13767) to work on /mnt/c/Users/Victor/Desktop/Final_Semester/data-engineering-final-semester-portfolio/airflow/dags/first_dag.py
[2024-07-17T03:50:09.655+0100] {processor.py:830} INFO - Processing file /mnt/c/Users/Victor/Desktop/Final_Semester/data-engineering-final-semester-portfolio/airflow/dags/first_dag.py for tasks to queue
[2024-07-17T03:50:09.663+0100] {logging_mixin.py:188} INFO - [2024-07-17T03:50:09.661+0100] {dagbag.py:545} INFO - Filling up the DagBag from /mnt/c/Users/Victor/Desktop/Final_Semester/data-engineering-final-semester-portfolio/airflow/dags/first_dag.py
[2024-07-17T03:50:09.753+0100] {logging_mixin.py:188} INFO - [2024-07-17T03:50:09.750+0100] {dagbag.py:355} ERROR - Failed to import: /mnt/c/Users/Victor/Desktop/Final_Semester/data-engineering-final-semester-portfolio/airflow/dags/first_dag.py
Traceback (most recent call last):
  File "/home/victor/airflow_env/lib/python3.10/site-packages/airflow/models/dagbag.py", line 351, in parse
    loader.exec_module(new_module)
  File "<frozen importlib._bootstrap_external>", line 879, in exec_module
  File "<frozen importlib._bootstrap_external>", line 1017, in get_code
  File "<frozen importlib._bootstrap_external>", line 947, in source_to_code
  File "<frozen importlib._bootstrap>", line 241, in _call_with_frames_removed
  File "/mnt/c/Users/Victor/Desktop/Final_Semester/data-engineering-final-semester-portfolio/airflow/dags/first_dag.py", line 33
    log_response=True,
                ^
SyntaxError: invalid syntax
[2024-07-17T03:50:09.756+0100] {processor.py:842} WARNING - No viable dags retrieved from /mnt/c/Users/Victor/Desktop/Final_Semester/data-engineering-final-semester-portfolio/airflow/dags/first_dag.py
[2024-07-17T03:50:09.995+0100] {processor.py:183} INFO - Processing /mnt/c/Users/Victor/Desktop/Final_Semester/data-engineering-final-semester-portfolio/airflow/dags/first_dag.py took 0.380 seconds
[2024-07-17T03:50:40.230+0100] {processor.py:161} INFO - Started process (PID=14031) to work on /mnt/c/Users/Victor/Desktop/Final_Semester/data-engineering-final-semester-portfolio/airflow/dags/first_dag.py
[2024-07-17T03:50:40.234+0100] {processor.py:830} INFO - Processing file /mnt/c/Users/Victor/Desktop/Final_Semester/data-engineering-final-semester-portfolio/airflow/dags/first_dag.py for tasks to queue
[2024-07-17T03:50:40.239+0100] {logging_mixin.py:188} INFO - [2024-07-17T03:50:40.237+0100] {dagbag.py:545} INFO - Filling up the DagBag from /mnt/c/Users/Victor/Desktop/Final_Semester/data-engineering-final-semester-portfolio/airflow/dags/first_dag.py
[2024-07-17T03:50:40.312+0100] {logging_mixin.py:188} INFO - [2024-07-17T03:50:40.310+0100] {dagbag.py:355} ERROR - Failed to import: /mnt/c/Users/Victor/Desktop/Final_Semester/data-engineering-final-semester-portfolio/airflow/dags/first_dag.py
Traceback (most recent call last):
  File "/home/victor/airflow_env/lib/python3.10/site-packages/airflow/models/dagbag.py", line 351, in parse
    loader.exec_module(new_module)
  File "<frozen importlib._bootstrap_external>", line 879, in exec_module
  File "<frozen importlib._bootstrap_external>", line 1017, in get_code
  File "<frozen importlib._bootstrap_external>", line 947, in source_to_code
  File "<frozen importlib._bootstrap>", line 241, in _call_with_frames_removed
  File "/mnt/c/Users/Victor/Desktop/Final_Semester/data-engineering-final-semester-portfolio/airflow/dags/first_dag.py", line 33
    log_response=True,
                ^
SyntaxError: invalid syntax
[2024-07-17T03:50:40.316+0100] {processor.py:842} WARNING - No viable dags retrieved from /mnt/c/Users/Victor/Desktop/Final_Semester/data-engineering-final-semester-portfolio/airflow/dags/first_dag.py
[2024-07-17T03:50:40.553+0100] {processor.py:183} INFO - Processing /mnt/c/Users/Victor/Desktop/Final_Semester/data-engineering-final-semester-portfolio/airflow/dags/first_dag.py took 0.355 seconds
[2024-07-17T03:51:11.587+0100] {processor.py:161} INFO - Started process (PID=14173) to work on /mnt/c/Users/Victor/Desktop/Final_Semester/data-engineering-final-semester-portfolio/airflow/dags/first_dag.py
[2024-07-17T03:51:11.591+0100] {processor.py:830} INFO - Processing file /mnt/c/Users/Victor/Desktop/Final_Semester/data-engineering-final-semester-portfolio/airflow/dags/first_dag.py for tasks to queue
[2024-07-17T03:51:11.596+0100] {logging_mixin.py:188} INFO - [2024-07-17T03:51:11.594+0100] {dagbag.py:545} INFO - Filling up the DagBag from /mnt/c/Users/Victor/Desktop/Final_Semester/data-engineering-final-semester-portfolio/airflow/dags/first_dag.py
[2024-07-17T03:51:11.676+0100] {logging_mixin.py:188} INFO - [2024-07-17T03:51:11.674+0100] {dagbag.py:355} ERROR - Failed to import: /mnt/c/Users/Victor/Desktop/Final_Semester/data-engineering-final-semester-portfolio/airflow/dags/first_dag.py
Traceback (most recent call last):
  File "/home/victor/airflow_env/lib/python3.10/site-packages/airflow/models/dagbag.py", line 351, in parse
    loader.exec_module(new_module)
  File "<frozen importlib._bootstrap_external>", line 879, in exec_module
  File "<frozen importlib._bootstrap_external>", line 1017, in get_code
  File "<frozen importlib._bootstrap_external>", line 947, in source_to_code
  File "<frozen importlib._bootstrap>", line 241, in _call_with_frames_removed
  File "/mnt/c/Users/Victor/Desktop/Final_Semester/data-engineering-final-semester-portfolio/airflow/dags/first_dag.py", line 33
    log_response=True,
                ^
SyntaxError: invalid syntax
[2024-07-17T03:51:11.678+0100] {processor.py:842} WARNING - No viable dags retrieved from /mnt/c/Users/Victor/Desktop/Final_Semester/data-engineering-final-semester-portfolio/airflow/dags/first_dag.py
[2024-07-17T03:51:11.964+0100] {processor.py:183} INFO - Processing /mnt/c/Users/Victor/Desktop/Final_Semester/data-engineering-final-semester-portfolio/airflow/dags/first_dag.py took 0.404 seconds
[2024-07-17T03:51:42.954+0100] {processor.py:161} INFO - Started process (PID=14314) to work on /mnt/c/Users/Victor/Desktop/Final_Semester/data-engineering-final-semester-portfolio/airflow/dags/first_dag.py
[2024-07-17T03:51:42.961+0100] {processor.py:830} INFO - Processing file /mnt/c/Users/Victor/Desktop/Final_Semester/data-engineering-final-semester-portfolio/airflow/dags/first_dag.py for tasks to queue
[2024-07-17T03:51:42.969+0100] {logging_mixin.py:188} INFO - [2024-07-17T03:51:42.966+0100] {dagbag.py:545} INFO - Filling up the DagBag from /mnt/c/Users/Victor/Desktop/Final_Semester/data-engineering-final-semester-portfolio/airflow/dags/first_dag.py
[2024-07-17T03:51:43.107+0100] {logging_mixin.py:188} INFO - [2024-07-17T03:51:43.104+0100] {dagbag.py:355} ERROR - Failed to import: /mnt/c/Users/Victor/Desktop/Final_Semester/data-engineering-final-semester-portfolio/airflow/dags/first_dag.py
Traceback (most recent call last):
  File "/home/victor/airflow_env/lib/python3.10/site-packages/airflow/models/dagbag.py", line 351, in parse
    loader.exec_module(new_module)
  File "<frozen importlib._bootstrap_external>", line 879, in exec_module
  File "<frozen importlib._bootstrap_external>", line 1017, in get_code
  File "<frozen importlib._bootstrap_external>", line 947, in source_to_code
  File "<frozen importlib._bootstrap>", line 241, in _call_with_frames_removed
  File "/mnt/c/Users/Victor/Desktop/Final_Semester/data-engineering-final-semester-portfolio/airflow/dags/first_dag.py", line 33
    log_response=True,
                ^
SyntaxError: invalid syntax
[2024-07-17T03:51:43.110+0100] {processor.py:842} WARNING - No viable dags retrieved from /mnt/c/Users/Victor/Desktop/Final_Semester/data-engineering-final-semester-portfolio/airflow/dags/first_dag.py
[2024-07-17T03:51:43.374+0100] {processor.py:183} INFO - Processing /mnt/c/Users/Victor/Desktop/Final_Semester/data-engineering-final-semester-portfolio/airflow/dags/first_dag.py took 0.463 seconds
[2024-07-17T03:52:14.410+0100] {processor.py:161} INFO - Started process (PID=14456) to work on /mnt/c/Users/Victor/Desktop/Final_Semester/data-engineering-final-semester-portfolio/airflow/dags/first_dag.py
[2024-07-17T03:52:14.415+0100] {processor.py:830} INFO - Processing file /mnt/c/Users/Victor/Desktop/Final_Semester/data-engineering-final-semester-portfolio/airflow/dags/first_dag.py for tasks to queue
[2024-07-17T03:52:14.420+0100] {logging_mixin.py:188} INFO - [2024-07-17T03:52:14.419+0100] {dagbag.py:545} INFO - Filling up the DagBag from /mnt/c/Users/Victor/Desktop/Final_Semester/data-engineering-final-semester-portfolio/airflow/dags/first_dag.py
[2024-07-17T03:52:14.496+0100] {logging_mixin.py:188} INFO - [2024-07-17T03:52:14.494+0100] {dagbag.py:355} ERROR - Failed to import: /mnt/c/Users/Victor/Desktop/Final_Semester/data-engineering-final-semester-portfolio/airflow/dags/first_dag.py
Traceback (most recent call last):
  File "/home/victor/airflow_env/lib/python3.10/site-packages/airflow/models/dagbag.py", line 351, in parse
    loader.exec_module(new_module)
  File "<frozen importlib._bootstrap_external>", line 879, in exec_module
  File "<frozen importlib._bootstrap_external>", line 1017, in get_code
  File "<frozen importlib._bootstrap_external>", line 947, in source_to_code
  File "<frozen importlib._bootstrap>", line 241, in _call_with_frames_removed
  File "/mnt/c/Users/Victor/Desktop/Final_Semester/data-engineering-final-semester-portfolio/airflow/dags/first_dag.py", line 33
    log_response=True,
                ^
SyntaxError: invalid syntax
[2024-07-17T03:52:14.499+0100] {processor.py:842} WARNING - No viable dags retrieved from /mnt/c/Users/Victor/Desktop/Final_Semester/data-engineering-final-semester-portfolio/airflow/dags/first_dag.py
[2024-07-17T03:52:14.747+0100] {processor.py:183} INFO - Processing /mnt/c/Users/Victor/Desktop/Final_Semester/data-engineering-final-semester-portfolio/airflow/dags/first_dag.py took 0.368 seconds
[2024-07-17T03:52:45.761+0100] {processor.py:161} INFO - Started process (PID=14594) to work on /mnt/c/Users/Victor/Desktop/Final_Semester/data-engineering-final-semester-portfolio/airflow/dags/first_dag.py
[2024-07-17T03:52:45.767+0100] {processor.py:830} INFO - Processing file /mnt/c/Users/Victor/Desktop/Final_Semester/data-engineering-final-semester-portfolio/airflow/dags/first_dag.py for tasks to queue
[2024-07-17T03:52:45.772+0100] {logging_mixin.py:188} INFO - [2024-07-17T03:52:45.771+0100] {dagbag.py:545} INFO - Filling up the DagBag from /mnt/c/Users/Victor/Desktop/Final_Semester/data-engineering-final-semester-portfolio/airflow/dags/first_dag.py
[2024-07-17T03:52:45.841+0100] {logging_mixin.py:188} INFO - [2024-07-17T03:52:45.839+0100] {dagbag.py:355} ERROR - Failed to import: /mnt/c/Users/Victor/Desktop/Final_Semester/data-engineering-final-semester-portfolio/airflow/dags/first_dag.py
Traceback (most recent call last):
  File "/home/victor/airflow_env/lib/python3.10/site-packages/airflow/models/dagbag.py", line 351, in parse
    loader.exec_module(new_module)
  File "<frozen importlib._bootstrap_external>", line 879, in exec_module
  File "<frozen importlib._bootstrap_external>", line 1017, in get_code
  File "<frozen importlib._bootstrap_external>", line 947, in source_to_code
  File "<frozen importlib._bootstrap>", line 241, in _call_with_frames_removed
  File "/mnt/c/Users/Victor/Desktop/Final_Semester/data-engineering-final-semester-portfolio/airflow/dags/first_dag.py", line 33
    log_response=True,
                ^
SyntaxError: invalid syntax
[2024-07-17T03:52:45.844+0100] {processor.py:842} WARNING - No viable dags retrieved from /mnt/c/Users/Victor/Desktop/Final_Semester/data-engineering-final-semester-portfolio/airflow/dags/first_dag.py
[2024-07-17T03:52:46.066+0100] {processor.py:183} INFO - Processing /mnt/c/Users/Victor/Desktop/Final_Semester/data-engineering-final-semester-portfolio/airflow/dags/first_dag.py took 0.347 seconds
[2024-07-17T03:53:16.509+0100] {processor.py:161} INFO - Started process (PID=14729) to work on /mnt/c/Users/Victor/Desktop/Final_Semester/data-engineering-final-semester-portfolio/airflow/dags/first_dag.py
[2024-07-17T03:53:16.515+0100] {processor.py:830} INFO - Processing file /mnt/c/Users/Victor/Desktop/Final_Semester/data-engineering-final-semester-portfolio/airflow/dags/first_dag.py for tasks to queue
[2024-07-17T03:53:16.527+0100] {logging_mixin.py:188} INFO - [2024-07-17T03:53:16.526+0100] {dagbag.py:545} INFO - Filling up the DagBag from /mnt/c/Users/Victor/Desktop/Final_Semester/data-engineering-final-semester-portfolio/airflow/dags/first_dag.py
[2024-07-17T03:53:16.646+0100] {logging_mixin.py:188} INFO - [2024-07-17T03:53:16.643+0100] {dagbag.py:355} ERROR - Failed to import: /mnt/c/Users/Victor/Desktop/Final_Semester/data-engineering-final-semester-portfolio/airflow/dags/first_dag.py
Traceback (most recent call last):
  File "/home/victor/airflow_env/lib/python3.10/site-packages/airflow/models/dagbag.py", line 351, in parse
    loader.exec_module(new_module)
  File "<frozen importlib._bootstrap_external>", line 879, in exec_module
  File "<frozen importlib._bootstrap_external>", line 1017, in get_code
  File "<frozen importlib._bootstrap_external>", line 947, in source_to_code
  File "<frozen importlib._bootstrap>", line 241, in _call_with_frames_removed
  File "/mnt/c/Users/Victor/Desktop/Final_Semester/data-engineering-final-semester-portfolio/airflow/dags/first_dag.py", line 33
    log_response=True,
                ^
SyntaxError: invalid syntax
[2024-07-17T03:53:16.648+0100] {processor.py:842} WARNING - No viable dags retrieved from /mnt/c/Users/Victor/Desktop/Final_Semester/data-engineering-final-semester-portfolio/airflow/dags/first_dag.py
[2024-07-17T03:53:16.959+0100] {processor.py:183} INFO - Processing /mnt/c/Users/Victor/Desktop/Final_Semester/data-engineering-final-semester-portfolio/airflow/dags/first_dag.py took 0.490 seconds
[2024-07-17T03:53:47.241+0100] {processor.py:161} INFO - Started process (PID=14926) to work on /mnt/c/Users/Victor/Desktop/Final_Semester/data-engineering-final-semester-portfolio/airflow/dags/first_dag.py
[2024-07-17T03:53:47.246+0100] {processor.py:830} INFO - Processing file /mnt/c/Users/Victor/Desktop/Final_Semester/data-engineering-final-semester-portfolio/airflow/dags/first_dag.py for tasks to queue
[2024-07-17T03:53:47.253+0100] {logging_mixin.py:188} INFO - [2024-07-17T03:53:47.251+0100] {dagbag.py:545} INFO - Filling up the DagBag from /mnt/c/Users/Victor/Desktop/Final_Semester/data-engineering-final-semester-portfolio/airflow/dags/first_dag.py
[2024-07-17T03:53:47.324+0100] {logging_mixin.py:188} INFO - [2024-07-17T03:53:47.320+0100] {dagbag.py:355} ERROR - Failed to import: /mnt/c/Users/Victor/Desktop/Final_Semester/data-engineering-final-semester-portfolio/airflow/dags/first_dag.py
Traceback (most recent call last):
  File "/home/victor/airflow_env/lib/python3.10/site-packages/airflow/models/dagbag.py", line 351, in parse
    loader.exec_module(new_module)
  File "<frozen importlib._bootstrap_external>", line 879, in exec_module
  File "<frozen importlib._bootstrap_external>", line 1017, in get_code
  File "<frozen importlib._bootstrap_external>", line 947, in source_to_code
  File "<frozen importlib._bootstrap>", line 241, in _call_with_frames_removed
  File "/mnt/c/Users/Victor/Desktop/Final_Semester/data-engineering-final-semester-portfolio/airflow/dags/first_dag.py", line 33
    log_response=True,
                ^
SyntaxError: invalid syntax
[2024-07-17T03:53:47.325+0100] {processor.py:842} WARNING - No viable dags retrieved from /mnt/c/Users/Victor/Desktop/Final_Semester/data-engineering-final-semester-portfolio/airflow/dags/first_dag.py
[2024-07-17T03:53:47.581+0100] {processor.py:183} INFO - Processing /mnt/c/Users/Victor/Desktop/Final_Semester/data-engineering-final-semester-portfolio/airflow/dags/first_dag.py took 0.372 seconds
[2024-07-17T03:54:18.259+0100] {processor.py:161} INFO - Started process (PID=15065) to work on /mnt/c/Users/Victor/Desktop/Final_Semester/data-engineering-final-semester-portfolio/airflow/dags/first_dag.py
[2024-07-17T03:54:18.263+0100] {processor.py:830} INFO - Processing file /mnt/c/Users/Victor/Desktop/Final_Semester/data-engineering-final-semester-portfolio/airflow/dags/first_dag.py for tasks to queue
[2024-07-17T03:54:18.268+0100] {logging_mixin.py:188} INFO - [2024-07-17T03:54:18.266+0100] {dagbag.py:545} INFO - Filling up the DagBag from /mnt/c/Users/Victor/Desktop/Final_Semester/data-engineering-final-semester-portfolio/airflow/dags/first_dag.py
[2024-07-17T03:54:18.360+0100] {logging_mixin.py:188} INFO - [2024-07-17T03:54:18.356+0100] {dagbag.py:355} ERROR - Failed to import: /mnt/c/Users/Victor/Desktop/Final_Semester/data-engineering-final-semester-portfolio/airflow/dags/first_dag.py
Traceback (most recent call last):
  File "/home/victor/airflow_env/lib/python3.10/site-packages/airflow/models/dagbag.py", line 351, in parse
    loader.exec_module(new_module)
  File "<frozen importlib._bootstrap_external>", line 879, in exec_module
  File "<frozen importlib._bootstrap_external>", line 1017, in get_code
  File "<frozen importlib._bootstrap_external>", line 947, in source_to_code
  File "<frozen importlib._bootstrap>", line 241, in _call_with_frames_removed
  File "/mnt/c/Users/Victor/Desktop/Final_Semester/data-engineering-final-semester-portfolio/airflow/dags/first_dag.py", line 33
    log_response=True,
                ^
SyntaxError: invalid syntax
[2024-07-17T03:54:18.362+0100] {processor.py:842} WARNING - No viable dags retrieved from /mnt/c/Users/Victor/Desktop/Final_Semester/data-engineering-final-semester-portfolio/airflow/dags/first_dag.py
[2024-07-17T03:54:18.590+0100] {processor.py:183} INFO - Processing /mnt/c/Users/Victor/Desktop/Final_Semester/data-engineering-final-semester-portfolio/airflow/dags/first_dag.py took 0.372 seconds
[2024-07-17T03:54:49.141+0100] {processor.py:161} INFO - Started process (PID=15238) to work on /mnt/c/Users/Victor/Desktop/Final_Semester/data-engineering-final-semester-portfolio/airflow/dags/first_dag.py
[2024-07-17T03:54:49.146+0100] {processor.py:830} INFO - Processing file /mnt/c/Users/Victor/Desktop/Final_Semester/data-engineering-final-semester-portfolio/airflow/dags/first_dag.py for tasks to queue
[2024-07-17T03:54:49.152+0100] {logging_mixin.py:188} INFO - [2024-07-17T03:54:49.150+0100] {dagbag.py:545} INFO - Filling up the DagBag from /mnt/c/Users/Victor/Desktop/Final_Semester/data-engineering-final-semester-portfolio/airflow/dags/first_dag.py
[2024-07-17T03:54:49.228+0100] {logging_mixin.py:188} INFO - [2024-07-17T03:54:49.226+0100] {dagbag.py:355} ERROR - Failed to import: /mnt/c/Users/Victor/Desktop/Final_Semester/data-engineering-final-semester-portfolio/airflow/dags/first_dag.py
Traceback (most recent call last):
  File "/home/victor/airflow_env/lib/python3.10/site-packages/airflow/models/dagbag.py", line 351, in parse
    loader.exec_module(new_module)
  File "<frozen importlib._bootstrap_external>", line 879, in exec_module
  File "<frozen importlib._bootstrap_external>", line 1017, in get_code
  File "<frozen importlib._bootstrap_external>", line 947, in source_to_code
  File "<frozen importlib._bootstrap>", line 241, in _call_with_frames_removed
  File "/mnt/c/Users/Victor/Desktop/Final_Semester/data-engineering-final-semester-portfolio/airflow/dags/first_dag.py", line 33
    log_response=True,
                ^
SyntaxError: invalid syntax
[2024-07-17T03:54:49.230+0100] {processor.py:842} WARNING - No viable dags retrieved from /mnt/c/Users/Victor/Desktop/Final_Semester/data-engineering-final-semester-portfolio/airflow/dags/first_dag.py
[2024-07-17T03:54:49.537+0100] {processor.py:183} INFO - Processing /mnt/c/Users/Victor/Desktop/Final_Semester/data-engineering-final-semester-portfolio/airflow/dags/first_dag.py took 0.432 seconds
[2024-07-17T03:55:20.682+0100] {processor.py:161} INFO - Started process (PID=15381) to work on /mnt/c/Users/Victor/Desktop/Final_Semester/data-engineering-final-semester-portfolio/airflow/dags/first_dag.py
[2024-07-17T03:55:20.686+0100] {processor.py:830} INFO - Processing file /mnt/c/Users/Victor/Desktop/Final_Semester/data-engineering-final-semester-portfolio/airflow/dags/first_dag.py for tasks to queue
[2024-07-17T03:55:20.694+0100] {logging_mixin.py:188} INFO - [2024-07-17T03:55:20.691+0100] {dagbag.py:545} INFO - Filling up the DagBag from /mnt/c/Users/Victor/Desktop/Final_Semester/data-engineering-final-semester-portfolio/airflow/dags/first_dag.py
[2024-07-17T03:55:20.781+0100] {logging_mixin.py:188} INFO - [2024-07-17T03:55:20.778+0100] {dagbag.py:355} ERROR - Failed to import: /mnt/c/Users/Victor/Desktop/Final_Semester/data-engineering-final-semester-portfolio/airflow/dags/first_dag.py
Traceback (most recent call last):
  File "/home/victor/airflow_env/lib/python3.10/site-packages/airflow/models/dagbag.py", line 351, in parse
    loader.exec_module(new_module)
  File "<frozen importlib._bootstrap_external>", line 879, in exec_module
  File "<frozen importlib._bootstrap_external>", line 1017, in get_code
  File "<frozen importlib._bootstrap_external>", line 947, in source_to_code
  File "<frozen importlib._bootstrap>", line 241, in _call_with_frames_removed
  File "/mnt/c/Users/Victor/Desktop/Final_Semester/data-engineering-final-semester-portfolio/airflow/dags/first_dag.py", line 33
    log_response=True,
                ^
SyntaxError: invalid syntax
[2024-07-17T03:55:20.783+0100] {processor.py:842} WARNING - No viable dags retrieved from /mnt/c/Users/Victor/Desktop/Final_Semester/data-engineering-final-semester-portfolio/airflow/dags/first_dag.py
[2024-07-17T03:55:20.997+0100] {processor.py:183} INFO - Processing /mnt/c/Users/Victor/Desktop/Final_Semester/data-engineering-final-semester-portfolio/airflow/dags/first_dag.py took 0.345 seconds
[2024-07-17T03:55:51.637+0100] {processor.py:161} INFO - Started process (PID=15520) to work on /mnt/c/Users/Victor/Desktop/Final_Semester/data-engineering-final-semester-portfolio/airflow/dags/first_dag.py
[2024-07-17T03:55:51.643+0100] {processor.py:830} INFO - Processing file /mnt/c/Users/Victor/Desktop/Final_Semester/data-engineering-final-semester-portfolio/airflow/dags/first_dag.py for tasks to queue
[2024-07-17T03:55:51.650+0100] {logging_mixin.py:188} INFO - [2024-07-17T03:55:51.648+0100] {dagbag.py:545} INFO - Filling up the DagBag from /mnt/c/Users/Victor/Desktop/Final_Semester/data-engineering-final-semester-portfolio/airflow/dags/first_dag.py
[2024-07-17T03:55:51.756+0100] {logging_mixin.py:188} INFO - [2024-07-17T03:55:51.754+0100] {dagbag.py:355} ERROR - Failed to import: /mnt/c/Users/Victor/Desktop/Final_Semester/data-engineering-final-semester-portfolio/airflow/dags/first_dag.py
Traceback (most recent call last):
  File "/home/victor/airflow_env/lib/python3.10/site-packages/airflow/models/dagbag.py", line 351, in parse
    loader.exec_module(new_module)
  File "<frozen importlib._bootstrap_external>", line 879, in exec_module
  File "<frozen importlib._bootstrap_external>", line 1017, in get_code
  File "<frozen importlib._bootstrap_external>", line 947, in source_to_code
  File "<frozen importlib._bootstrap>", line 241, in _call_with_frames_removed
  File "/mnt/c/Users/Victor/Desktop/Final_Semester/data-engineering-final-semester-portfolio/airflow/dags/first_dag.py", line 33
    log_response=True,
                ^
SyntaxError: invalid syntax
[2024-07-17T03:55:51.759+0100] {processor.py:842} WARNING - No viable dags retrieved from /mnt/c/Users/Victor/Desktop/Final_Semester/data-engineering-final-semester-portfolio/airflow/dags/first_dag.py
[2024-07-17T03:55:52.141+0100] {processor.py:183} INFO - Processing /mnt/c/Users/Victor/Desktop/Final_Semester/data-engineering-final-semester-portfolio/airflow/dags/first_dag.py took 0.542 seconds
[2024-07-17T03:56:23.649+0100] {processor.py:161} INFO - Started process (PID=15673) to work on /mnt/c/Users/Victor/Desktop/Final_Semester/data-engineering-final-semester-portfolio/airflow/dags/first_dag.py
[2024-07-17T03:56:23.653+0100] {processor.py:830} INFO - Processing file /mnt/c/Users/Victor/Desktop/Final_Semester/data-engineering-final-semester-portfolio/airflow/dags/first_dag.py for tasks to queue
[2024-07-17T03:56:23.659+0100] {logging_mixin.py:188} INFO - [2024-07-17T03:56:23.657+0100] {dagbag.py:545} INFO - Filling up the DagBag from /mnt/c/Users/Victor/Desktop/Final_Semester/data-engineering-final-semester-portfolio/airflow/dags/first_dag.py
[2024-07-17T03:56:23.746+0100] {logging_mixin.py:188} INFO - [2024-07-17T03:56:23.744+0100] {dagbag.py:355} ERROR - Failed to import: /mnt/c/Users/Victor/Desktop/Final_Semester/data-engineering-final-semester-portfolio/airflow/dags/first_dag.py
Traceback (most recent call last):
  File "/home/victor/airflow_env/lib/python3.10/site-packages/airflow/models/dagbag.py", line 351, in parse
    loader.exec_module(new_module)
  File "<frozen importlib._bootstrap_external>", line 879, in exec_module
  File "<frozen importlib._bootstrap_external>", line 1017, in get_code
  File "<frozen importlib._bootstrap_external>", line 947, in source_to_code
  File "<frozen importlib._bootstrap>", line 241, in _call_with_frames_removed
  File "/mnt/c/Users/Victor/Desktop/Final_Semester/data-engineering-final-semester-portfolio/airflow/dags/first_dag.py", line 33
    log_response=True,
                ^
SyntaxError: invalid syntax
[2024-07-17T03:56:23.748+0100] {processor.py:842} WARNING - No viable dags retrieved from /mnt/c/Users/Victor/Desktop/Final_Semester/data-engineering-final-semester-portfolio/airflow/dags/first_dag.py
[2024-07-17T03:56:24.052+0100] {processor.py:183} INFO - Processing /mnt/c/Users/Victor/Desktop/Final_Semester/data-engineering-final-semester-portfolio/airflow/dags/first_dag.py took 0.432 seconds
[2024-07-17T03:56:54.562+0100] {processor.py:161} INFO - Started process (PID=15812) to work on /mnt/c/Users/Victor/Desktop/Final_Semester/data-engineering-final-semester-portfolio/airflow/dags/first_dag.py
[2024-07-17T03:56:54.566+0100] {processor.py:830} INFO - Processing file /mnt/c/Users/Victor/Desktop/Final_Semester/data-engineering-final-semester-portfolio/airflow/dags/first_dag.py for tasks to queue
[2024-07-17T03:56:54.571+0100] {logging_mixin.py:188} INFO - [2024-07-17T03:56:54.569+0100] {dagbag.py:545} INFO - Filling up the DagBag from /mnt/c/Users/Victor/Desktop/Final_Semester/data-engineering-final-semester-portfolio/airflow/dags/first_dag.py
[2024-07-17T03:56:54.646+0100] {logging_mixin.py:188} INFO - [2024-07-17T03:56:54.644+0100] {dagbag.py:355} ERROR - Failed to import: /mnt/c/Users/Victor/Desktop/Final_Semester/data-engineering-final-semester-portfolio/airflow/dags/first_dag.py
Traceback (most recent call last):
  File "/home/victor/airflow_env/lib/python3.10/site-packages/airflow/models/dagbag.py", line 351, in parse
    loader.exec_module(new_module)
  File "<frozen importlib._bootstrap_external>", line 879, in exec_module
  File "<frozen importlib._bootstrap_external>", line 1017, in get_code
  File "<frozen importlib._bootstrap_external>", line 947, in source_to_code
  File "<frozen importlib._bootstrap>", line 241, in _call_with_frames_removed
  File "/mnt/c/Users/Victor/Desktop/Final_Semester/data-engineering-final-semester-portfolio/airflow/dags/first_dag.py", line 33
    log_response=True,
                ^
SyntaxError: invalid syntax
[2024-07-17T03:56:54.648+0100] {processor.py:842} WARNING - No viable dags retrieved from /mnt/c/Users/Victor/Desktop/Final_Semester/data-engineering-final-semester-portfolio/airflow/dags/first_dag.py
[2024-07-17T03:56:54.923+0100] {processor.py:183} INFO - Processing /mnt/c/Users/Victor/Desktop/Final_Semester/data-engineering-final-semester-portfolio/airflow/dags/first_dag.py took 0.387 seconds
[2024-07-17T03:57:25.841+0100] {processor.py:161} INFO - Started process (PID=15954) to work on /mnt/c/Users/Victor/Desktop/Final_Semester/data-engineering-final-semester-portfolio/airflow/dags/first_dag.py
[2024-07-17T03:57:25.893+0100] {processor.py:830} INFO - Processing file /mnt/c/Users/Victor/Desktop/Final_Semester/data-engineering-final-semester-portfolio/airflow/dags/first_dag.py for tasks to queue
[2024-07-17T03:57:25.901+0100] {logging_mixin.py:188} INFO - [2024-07-17T03:57:25.899+0100] {dagbag.py:545} INFO - Filling up the DagBag from /mnt/c/Users/Victor/Desktop/Final_Semester/data-engineering-final-semester-portfolio/airflow/dags/first_dag.py
[2024-07-17T03:57:26.032+0100] {logging_mixin.py:188} INFO - [2024-07-17T03:57:26.028+0100] {dagbag.py:355} ERROR - Failed to import: /mnt/c/Users/Victor/Desktop/Final_Semester/data-engineering-final-semester-portfolio/airflow/dags/first_dag.py
Traceback (most recent call last):
  File "/home/victor/airflow_env/lib/python3.10/site-packages/airflow/models/dagbag.py", line 351, in parse
    loader.exec_module(new_module)
  File "<frozen importlib._bootstrap_external>", line 879, in exec_module
  File "<frozen importlib._bootstrap_external>", line 1017, in get_code
  File "<frozen importlib._bootstrap_external>", line 947, in source_to_code
  File "<frozen importlib._bootstrap>", line 241, in _call_with_frames_removed
  File "/mnt/c/Users/Victor/Desktop/Final_Semester/data-engineering-final-semester-portfolio/airflow/dags/first_dag.py", line 33
    log_response=True,
                ^
SyntaxError: invalid syntax
[2024-07-17T03:57:26.036+0100] {processor.py:842} WARNING - No viable dags retrieved from /mnt/c/Users/Victor/Desktop/Final_Semester/data-engineering-final-semester-portfolio/airflow/dags/first_dag.py
[2024-07-17T03:57:26.891+0100] {processor.py:183} INFO - Processing /mnt/c/Users/Victor/Desktop/Final_Semester/data-engineering-final-semester-portfolio/airflow/dags/first_dag.py took 1.212 seconds
[2024-07-17T03:57:58.510+0100] {processor.py:161} INFO - Started process (PID=16161) to work on /mnt/c/Users/Victor/Desktop/Final_Semester/data-engineering-final-semester-portfolio/airflow/dags/first_dag.py
[2024-07-17T03:57:58.514+0100] {processor.py:830} INFO - Processing file /mnt/c/Users/Victor/Desktop/Final_Semester/data-engineering-final-semester-portfolio/airflow/dags/first_dag.py for tasks to queue
[2024-07-17T03:57:58.519+0100] {logging_mixin.py:188} INFO - [2024-07-17T03:57:58.517+0100] {dagbag.py:545} INFO - Filling up the DagBag from /mnt/c/Users/Victor/Desktop/Final_Semester/data-engineering-final-semester-portfolio/airflow/dags/first_dag.py
[2024-07-17T03:57:58.582+0100] {logging_mixin.py:188} INFO - [2024-07-17T03:57:58.579+0100] {dagbag.py:355} ERROR - Failed to import: /mnt/c/Users/Victor/Desktop/Final_Semester/data-engineering-final-semester-portfolio/airflow/dags/first_dag.py
Traceback (most recent call last):
  File "/home/victor/airflow_env/lib/python3.10/site-packages/airflow/models/dagbag.py", line 351, in parse
    loader.exec_module(new_module)
  File "<frozen importlib._bootstrap_external>", line 879, in exec_module
  File "<frozen importlib._bootstrap_external>", line 1017, in get_code
  File "<frozen importlib._bootstrap_external>", line 947, in source_to_code
  File "<frozen importlib._bootstrap>", line 241, in _call_with_frames_removed
  File "/mnt/c/Users/Victor/Desktop/Final_Semester/data-engineering-final-semester-portfolio/airflow/dags/first_dag.py", line 33
    log_response=True,
                ^
SyntaxError: invalid syntax
[2024-07-17T03:57:58.584+0100] {processor.py:842} WARNING - No viable dags retrieved from /mnt/c/Users/Victor/Desktop/Final_Semester/data-engineering-final-semester-portfolio/airflow/dags/first_dag.py
[2024-07-17T03:57:58.842+0100] {processor.py:183} INFO - Processing /mnt/c/Users/Victor/Desktop/Final_Semester/data-engineering-final-semester-portfolio/airflow/dags/first_dag.py took 0.359 seconds
[2024-07-17T03:58:30.232+0100] {processor.py:161} INFO - Started process (PID=16302) to work on /mnt/c/Users/Victor/Desktop/Final_Semester/data-engineering-final-semester-portfolio/airflow/dags/first_dag.py
[2024-07-17T03:58:30.237+0100] {processor.py:830} INFO - Processing file /mnt/c/Users/Victor/Desktop/Final_Semester/data-engineering-final-semester-portfolio/airflow/dags/first_dag.py for tasks to queue
[2024-07-17T03:58:30.241+0100] {logging_mixin.py:188} INFO - [2024-07-17T03:58:30.240+0100] {dagbag.py:545} INFO - Filling up the DagBag from /mnt/c/Users/Victor/Desktop/Final_Semester/data-engineering-final-semester-portfolio/airflow/dags/first_dag.py
[2024-07-17T03:58:30.346+0100] {logging_mixin.py:188} INFO - [2024-07-17T03:58:30.341+0100] {dagbag.py:355} ERROR - Failed to import: /mnt/c/Users/Victor/Desktop/Final_Semester/data-engineering-final-semester-portfolio/airflow/dags/first_dag.py
Traceback (most recent call last):
  File "/home/victor/airflow_env/lib/python3.10/site-packages/airflow/models/dagbag.py", line 351, in parse
    loader.exec_module(new_module)
  File "<frozen importlib._bootstrap_external>", line 879, in exec_module
  File "<frozen importlib._bootstrap_external>", line 1017, in get_code
  File "<frozen importlib._bootstrap_external>", line 947, in source_to_code
  File "<frozen importlib._bootstrap>", line 241, in _call_with_frames_removed
  File "/mnt/c/Users/Victor/Desktop/Final_Semester/data-engineering-final-semester-portfolio/airflow/dags/first_dag.py", line 33
    log_response=True,
                ^
SyntaxError: invalid syntax
[2024-07-17T03:58:30.350+0100] {processor.py:842} WARNING - No viable dags retrieved from /mnt/c/Users/Victor/Desktop/Final_Semester/data-engineering-final-semester-portfolio/airflow/dags/first_dag.py
[2024-07-17T03:58:30.683+0100] {processor.py:183} INFO - Processing /mnt/c/Users/Victor/Desktop/Final_Semester/data-engineering-final-semester-portfolio/airflow/dags/first_dag.py took 0.486 seconds
[2024-07-17T03:59:02.080+0100] {processor.py:161} INFO - Started process (PID=16533) to work on /mnt/c/Users/Victor/Desktop/Final_Semester/data-engineering-final-semester-portfolio/airflow/dags/first_dag.py
[2024-07-17T03:59:02.087+0100] {processor.py:830} INFO - Processing file /mnt/c/Users/Victor/Desktop/Final_Semester/data-engineering-final-semester-portfolio/airflow/dags/first_dag.py for tasks to queue
[2024-07-17T03:59:02.091+0100] {logging_mixin.py:188} INFO - [2024-07-17T03:59:02.090+0100] {dagbag.py:545} INFO - Filling up the DagBag from /mnt/c/Users/Victor/Desktop/Final_Semester/data-engineering-final-semester-portfolio/airflow/dags/first_dag.py
[2024-07-17T03:59:02.168+0100] {logging_mixin.py:188} INFO - [2024-07-17T03:59:02.166+0100] {dagbag.py:355} ERROR - Failed to import: /mnt/c/Users/Victor/Desktop/Final_Semester/data-engineering-final-semester-portfolio/airflow/dags/first_dag.py
Traceback (most recent call last):
  File "/home/victor/airflow_env/lib/python3.10/site-packages/airflow/models/dagbag.py", line 351, in parse
    loader.exec_module(new_module)
  File "<frozen importlib._bootstrap_external>", line 879, in exec_module
  File "<frozen importlib._bootstrap_external>", line 1017, in get_code
  File "<frozen importlib._bootstrap_external>", line 947, in source_to_code
  File "<frozen importlib._bootstrap>", line 241, in _call_with_frames_removed
  File "/mnt/c/Users/Victor/Desktop/Final_Semester/data-engineering-final-semester-portfolio/airflow/dags/first_dag.py", line 33
    log_response=True,
                ^
SyntaxError: invalid syntax
[2024-07-17T03:59:02.170+0100] {processor.py:842} WARNING - No viable dags retrieved from /mnt/c/Users/Victor/Desktop/Final_Semester/data-engineering-final-semester-portfolio/airflow/dags/first_dag.py
[2024-07-17T03:59:02.396+0100] {processor.py:183} INFO - Processing /mnt/c/Users/Victor/Desktop/Final_Semester/data-engineering-final-semester-portfolio/airflow/dags/first_dag.py took 0.345 seconds
[2024-07-17T03:59:16.301+0100] {processor.py:161} INFO - Started process (PID=16607) to work on /mnt/c/Users/Victor/Desktop/Final_Semester/data-engineering-final-semester-portfolio/airflow/dags/first_dag.py
[2024-07-17T03:59:16.316+0100] {processor.py:830} INFO - Processing file /mnt/c/Users/Victor/Desktop/Final_Semester/data-engineering-final-semester-portfolio/airflow/dags/first_dag.py for tasks to queue
[2024-07-17T03:59:16.331+0100] {logging_mixin.py:188} INFO - [2024-07-17T03:59:16.329+0100] {dagbag.py:545} INFO - Filling up the DagBag from /mnt/c/Users/Victor/Desktop/Final_Semester/data-engineering-final-semester-portfolio/airflow/dags/first_dag.py
[2024-07-17T03:59:16.784+0100] {processor.py:840} INFO - DAG(s) 'dev-astronauts_in_space-v1.0' retrieved from /mnt/c/Users/Victor/Desktop/Final_Semester/data-engineering-final-semester-portfolio/airflow/dags/first_dag.py
[2024-07-17T03:59:18.592+0100] {logging_mixin.py:188} INFO - [2024-07-17T03:59:18.591+0100] {dag.py:3096} INFO - Sync 1 DAGs
[2024-07-17T03:59:18.834+0100] {logging_mixin.py:188} INFO - [2024-07-17T03:59:18.817+0100] {dag.py:3954} INFO - Setting next_dagrun for dev-astronauts_in_space-v1.0 to 2024-07-17 00:00:00+00:00, run_after=2024-07-18 00:00:00+00:00
[2024-07-17T03:59:19.662+0100] {processor.py:183} INFO - Processing /mnt/c/Users/Victor/Desktop/Final_Semester/data-engineering-final-semester-portfolio/airflow/dags/first_dag.py took 3.412 seconds
[2024-07-17T03:59:51.167+0100] {processor.py:161} INFO - Started process (PID=16838) to work on /mnt/c/Users/Victor/Desktop/Final_Semester/data-engineering-final-semester-portfolio/airflow/dags/first_dag.py
[2024-07-17T03:59:51.171+0100] {processor.py:830} INFO - Processing file /mnt/c/Users/Victor/Desktop/Final_Semester/data-engineering-final-semester-portfolio/airflow/dags/first_dag.py for tasks to queue
[2024-07-17T03:59:51.176+0100] {logging_mixin.py:188} INFO - [2024-07-17T03:59:51.174+0100] {dagbag.py:545} INFO - Filling up the DagBag from /mnt/c/Users/Victor/Desktop/Final_Semester/data-engineering-final-semester-portfolio/airflow/dags/first_dag.py
[2024-07-17T03:59:51.314+0100] {processor.py:840} INFO - DAG(s) 'dev-astronauts_in_space-v1.0' retrieved from /mnt/c/Users/Victor/Desktop/Final_Semester/data-engineering-final-semester-portfolio/airflow/dags/first_dag.py
[2024-07-17T03:59:51.482+0100] {logging_mixin.py:188} INFO - [2024-07-17T03:59:51.481+0100] {dag.py:3096} INFO - Sync 1 DAGs
[2024-07-17T03:59:51.633+0100] {logging_mixin.py:188} INFO - [2024-07-17T03:59:51.632+0100] {dag.py:3954} INFO - Setting next_dagrun for dev-astronauts_in_space-v1.0 to 2024-07-17 00:00:00+00:00, run_after=2024-07-18 00:00:00+00:00
[2024-07-17T03:59:51.915+0100] {processor.py:183} INFO - Processing /mnt/c/Users/Victor/Desktop/Final_Semester/data-engineering-final-semester-portfolio/airflow/dags/first_dag.py took 0.776 seconds
[2024-07-17T04:00:22.931+0100] {processor.py:161} INFO - Started process (PID=17012) to work on /mnt/c/Users/Victor/Desktop/Final_Semester/data-engineering-final-semester-portfolio/airflow/dags/first_dag.py
[2024-07-17T04:00:22.936+0100] {processor.py:830} INFO - Processing file /mnt/c/Users/Victor/Desktop/Final_Semester/data-engineering-final-semester-portfolio/airflow/dags/first_dag.py for tasks to queue
[2024-07-17T04:00:22.955+0100] {logging_mixin.py:188} INFO - [2024-07-17T04:00:22.952+0100] {dagbag.py:545} INFO - Filling up the DagBag from /mnt/c/Users/Victor/Desktop/Final_Semester/data-engineering-final-semester-portfolio/airflow/dags/first_dag.py
[2024-07-17T04:00:23.206+0100] {processor.py:840} INFO - DAG(s) 'dev-astronauts_in_space-v1.0' retrieved from /mnt/c/Users/Victor/Desktop/Final_Semester/data-engineering-final-semester-portfolio/airflow/dags/first_dag.py
[2024-07-17T04:00:23.409+0100] {logging_mixin.py:188} INFO - [2024-07-17T04:00:23.408+0100] {dag.py:3096} INFO - Sync 1 DAGs
[2024-07-17T04:00:23.664+0100] {logging_mixin.py:188} INFO - [2024-07-17T04:00:23.663+0100] {dag.py:3954} INFO - Setting next_dagrun for dev-astronauts_in_space-v1.0 to 2024-07-17 00:00:00+00:00, run_after=2024-07-18 00:00:00+00:00
[2024-07-17T04:00:24.121+0100] {processor.py:183} INFO - Processing /mnt/c/Users/Victor/Desktop/Final_Semester/data-engineering-final-semester-portfolio/airflow/dags/first_dag.py took 1.245 seconds
[2024-07-17T04:00:37.985+0100] {processor.py:161} INFO - Started process (PID=17092) to work on /mnt/c/Users/Victor/Desktop/Final_Semester/data-engineering-final-semester-portfolio/airflow/dags/first_dag.py
[2024-07-17T04:00:37.989+0100] {processor.py:830} INFO - Processing file /mnt/c/Users/Victor/Desktop/Final_Semester/data-engineering-final-semester-portfolio/airflow/dags/first_dag.py for tasks to queue
[2024-07-17T04:00:37.994+0100] {logging_mixin.py:188} INFO - [2024-07-17T04:00:37.992+0100] {dagbag.py:545} INFO - Filling up the DagBag from /mnt/c/Users/Victor/Desktop/Final_Semester/data-engineering-final-semester-portfolio/airflow/dags/first_dag.py
[2024-07-17T04:00:38.266+0100] {processor.py:840} INFO - DAG(s) 'dev-astronauts_in_space-v1.0' retrieved from /mnt/c/Users/Victor/Desktop/Final_Semester/data-engineering-final-semester-portfolio/airflow/dags/first_dag.py
[2024-07-17T04:00:38.437+0100] {logging_mixin.py:188} INFO - [2024-07-17T04:00:38.436+0100] {dag.py:3096} INFO - Sync 1 DAGs
[2024-07-17T04:00:38.709+0100] {logging_mixin.py:188} INFO - [2024-07-17T04:00:38.709+0100] {dag.py:3954} INFO - Setting next_dagrun for dev-astronauts_in_space-v1.0 to 2024-07-17 00:00:00+00:00, run_after=2024-07-18 00:00:00+00:00
[2024-07-17T04:00:39.192+0100] {processor.py:183} INFO - Processing /mnt/c/Users/Victor/Desktop/Final_Semester/data-engineering-final-semester-portfolio/airflow/dags/first_dag.py took 1.238 seconds
[2024-07-17T04:01:09.904+0100] {processor.py:161} INFO - Started process (PID=17307) to work on /mnt/c/Users/Victor/Desktop/Final_Semester/data-engineering-final-semester-portfolio/airflow/dags/first_dag.py
[2024-07-17T04:01:09.916+0100] {processor.py:830} INFO - Processing file /mnt/c/Users/Victor/Desktop/Final_Semester/data-engineering-final-semester-portfolio/airflow/dags/first_dag.py for tasks to queue
[2024-07-17T04:01:09.921+0100] {logging_mixin.py:188} INFO - [2024-07-17T04:01:09.919+0100] {dagbag.py:545} INFO - Filling up the DagBag from /mnt/c/Users/Victor/Desktop/Final_Semester/data-engineering-final-semester-portfolio/airflow/dags/first_dag.py
[2024-07-17T04:01:10.089+0100] {processor.py:840} INFO - DAG(s) 'dev-astronauts_in_space-v1.0' retrieved from /mnt/c/Users/Victor/Desktop/Final_Semester/data-engineering-final-semester-portfolio/airflow/dags/first_dag.py
[2024-07-17T04:01:10.245+0100] {logging_mixin.py:188} INFO - [2024-07-17T04:01:10.244+0100] {dag.py:3096} INFO - Sync 1 DAGs
[2024-07-17T04:01:10.384+0100] {logging_mixin.py:188} INFO - [2024-07-17T04:01:10.383+0100] {dag.py:3954} INFO - Setting next_dagrun for dev-astronauts_in_space-v1.0 to 2024-07-17 00:00:00+00:00, run_after=2024-07-18 00:00:00+00:00
[2024-07-17T04:01:10.729+0100] {processor.py:183} INFO - Processing /mnt/c/Users/Victor/Desktop/Final_Semester/data-engineering-final-semester-portfolio/airflow/dags/first_dag.py took 0.865 seconds
[2024-07-17T04:01:41.482+0100] {processor.py:161} INFO - Started process (PID=17619) to work on /mnt/c/Users/Victor/Desktop/Final_Semester/data-engineering-final-semester-portfolio/airflow/dags/first_dag.py
[2024-07-17T04:01:41.486+0100] {processor.py:830} INFO - Processing file /mnt/c/Users/Victor/Desktop/Final_Semester/data-engineering-final-semester-portfolio/airflow/dags/first_dag.py for tasks to queue
[2024-07-17T04:01:41.492+0100] {logging_mixin.py:188} INFO - [2024-07-17T04:01:41.490+0100] {dagbag.py:545} INFO - Filling up the DagBag from /mnt/c/Users/Victor/Desktop/Final_Semester/data-engineering-final-semester-portfolio/airflow/dags/first_dag.py
[2024-07-17T04:01:41.635+0100] {processor.py:840} INFO - DAG(s) 'dev-astronauts_in_space-v1.0' retrieved from /mnt/c/Users/Victor/Desktop/Final_Semester/data-engineering-final-semester-portfolio/airflow/dags/first_dag.py
[2024-07-17T04:01:41.792+0100] {logging_mixin.py:188} INFO - [2024-07-17T04:01:41.791+0100] {dag.py:3096} INFO - Sync 1 DAGs
[2024-07-17T04:01:41.903+0100] {logging_mixin.py:188} INFO - [2024-07-17T04:01:41.902+0100] {dag.py:3954} INFO - Setting next_dagrun for dev-astronauts_in_space-v1.0 to 2024-07-17 00:00:00+00:00, run_after=2024-07-18 00:00:00+00:00
[2024-07-17T04:01:42.197+0100] {processor.py:183} INFO - Processing /mnt/c/Users/Victor/Desktop/Final_Semester/data-engineering-final-semester-portfolio/airflow/dags/first_dag.py took 0.741 seconds
[2024-07-17T04:02:12.651+0100] {processor.py:161} INFO - Started process (PID=17780) to work on /mnt/c/Users/Victor/Desktop/Final_Semester/data-engineering-final-semester-portfolio/airflow/dags/first_dag.py
[2024-07-17T04:02:12.656+0100] {processor.py:830} INFO - Processing file /mnt/c/Users/Victor/Desktop/Final_Semester/data-engineering-final-semester-portfolio/airflow/dags/first_dag.py for tasks to queue
[2024-07-17T04:02:12.661+0100] {logging_mixin.py:188} INFO - [2024-07-17T04:02:12.659+0100] {dagbag.py:545} INFO - Filling up the DagBag from /mnt/c/Users/Victor/Desktop/Final_Semester/data-engineering-final-semester-portfolio/airflow/dags/first_dag.py
[2024-07-17T04:02:12.771+0100] {processor.py:840} INFO - DAG(s) 'dev-astronauts_in_space-v1.0' retrieved from /mnt/c/Users/Victor/Desktop/Final_Semester/data-engineering-final-semester-portfolio/airflow/dags/first_dag.py
[2024-07-17T04:02:12.870+0100] {logging_mixin.py:188} INFO - [2024-07-17T04:02:12.870+0100] {dag.py:3096} INFO - Sync 1 DAGs
[2024-07-17T04:02:13.000+0100] {logging_mixin.py:188} INFO - [2024-07-17T04:02:12.999+0100] {dag.py:3954} INFO - Setting next_dagrun for dev-astronauts_in_space-v1.0 to 2024-07-17 00:00:00+00:00, run_after=2024-07-18 00:00:00+00:00
[2024-07-17T04:02:13.356+0100] {processor.py:183} INFO - Processing /mnt/c/Users/Victor/Desktop/Final_Semester/data-engineering-final-semester-portfolio/airflow/dags/first_dag.py took 0.736 seconds
[2024-07-17T04:02:43.814+0100] {processor.py:161} INFO - Started process (PID=17983) to work on /mnt/c/Users/Victor/Desktop/Final_Semester/data-engineering-final-semester-portfolio/airflow/dags/first_dag.py
[2024-07-17T04:02:43.821+0100] {processor.py:830} INFO - Processing file /mnt/c/Users/Victor/Desktop/Final_Semester/data-engineering-final-semester-portfolio/airflow/dags/first_dag.py for tasks to queue
[2024-07-17T04:02:43.826+0100] {logging_mixin.py:188} INFO - [2024-07-17T04:02:43.824+0100] {dagbag.py:545} INFO - Filling up the DagBag from /mnt/c/Users/Victor/Desktop/Final_Semester/data-engineering-final-semester-portfolio/airflow/dags/first_dag.py
[2024-07-17T04:02:43.950+0100] {processor.py:840} INFO - DAG(s) 'dev-astronauts_in_space-v1.0' retrieved from /mnt/c/Users/Victor/Desktop/Final_Semester/data-engineering-final-semester-portfolio/airflow/dags/first_dag.py
[2024-07-17T04:02:44.065+0100] {logging_mixin.py:188} INFO - [2024-07-17T04:02:44.064+0100] {dag.py:3096} INFO - Sync 1 DAGs
[2024-07-17T04:02:44.189+0100] {logging_mixin.py:188} INFO - [2024-07-17T04:02:44.187+0100] {dag.py:3954} INFO - Setting next_dagrun for dev-astronauts_in_space-v1.0 to 2024-07-17 00:00:00+00:00, run_after=2024-07-18 00:00:00+00:00
[2024-07-17T04:02:44.529+0100] {processor.py:183} INFO - Processing /mnt/c/Users/Victor/Desktop/Final_Semester/data-engineering-final-semester-portfolio/airflow/dags/first_dag.py took 0.743 seconds
[2024-07-17T04:03:14.813+0100] {processor.py:161} INFO - Started process (PID=18123) to work on /mnt/c/Users/Victor/Desktop/Final_Semester/data-engineering-final-semester-portfolio/airflow/dags/first_dag.py
[2024-07-17T04:03:14.820+0100] {processor.py:830} INFO - Processing file /mnt/c/Users/Victor/Desktop/Final_Semester/data-engineering-final-semester-portfolio/airflow/dags/first_dag.py for tasks to queue
[2024-07-17T04:03:14.826+0100] {logging_mixin.py:188} INFO - [2024-07-17T04:03:14.824+0100] {dagbag.py:545} INFO - Filling up the DagBag from /mnt/c/Users/Victor/Desktop/Final_Semester/data-engineering-final-semester-portfolio/airflow/dags/first_dag.py
[2024-07-17T04:03:14.964+0100] {processor.py:840} INFO - DAG(s) 'dev-astronauts_in_space-v1.0' retrieved from /mnt/c/Users/Victor/Desktop/Final_Semester/data-engineering-final-semester-portfolio/airflow/dags/first_dag.py
[2024-07-17T04:03:15.092+0100] {logging_mixin.py:188} INFO - [2024-07-17T04:03:15.091+0100] {dag.py:3096} INFO - Sync 1 DAGs
[2024-07-17T04:03:15.237+0100] {logging_mixin.py:188} INFO - [2024-07-17T04:03:15.236+0100] {dag.py:3954} INFO - Setting next_dagrun for dev-astronauts_in_space-v1.0 to 2024-07-17 00:00:00+00:00, run_after=2024-07-18 00:00:00+00:00
[2024-07-17T04:03:15.641+0100] {processor.py:183} INFO - Processing /mnt/c/Users/Victor/Desktop/Final_Semester/data-engineering-final-semester-portfolio/airflow/dags/first_dag.py took 0.858 seconds
[2024-07-17T04:03:46.654+0100] {processor.py:161} INFO - Started process (PID=18427) to work on /mnt/c/Users/Victor/Desktop/Final_Semester/data-engineering-final-semester-portfolio/airflow/dags/first_dag.py
[2024-07-17T04:03:46.660+0100] {processor.py:830} INFO - Processing file /mnt/c/Users/Victor/Desktop/Final_Semester/data-engineering-final-semester-portfolio/airflow/dags/first_dag.py for tasks to queue
[2024-07-17T04:03:46.686+0100] {logging_mixin.py:188} INFO - [2024-07-17T04:03:46.663+0100] {dagbag.py:545} INFO - Filling up the DagBag from /mnt/c/Users/Victor/Desktop/Final_Semester/data-engineering-final-semester-portfolio/airflow/dags/first_dag.py
[2024-07-17T04:03:46.828+0100] {processor.py:840} INFO - DAG(s) 'dev-astronauts_in_space-v1.0' retrieved from /mnt/c/Users/Victor/Desktop/Final_Semester/data-engineering-final-semester-portfolio/airflow/dags/first_dag.py
[2024-07-17T04:03:47.013+0100] {logging_mixin.py:188} INFO - [2024-07-17T04:03:47.012+0100] {dag.py:3096} INFO - Sync 1 DAGs
[2024-07-17T04:03:47.164+0100] {logging_mixin.py:188} INFO - [2024-07-17T04:03:47.162+0100] {dag.py:3954} INFO - Setting next_dagrun for dev-astronauts_in_space-v1.0 to 2024-07-17 00:00:00+00:00, run_after=2024-07-18 00:00:00+00:00
[2024-07-17T04:03:47.442+0100] {processor.py:183} INFO - Processing /mnt/c/Users/Victor/Desktop/Final_Semester/data-engineering-final-semester-portfolio/airflow/dags/first_dag.py took 0.829 seconds
[2024-07-17T04:04:18.221+0100] {processor.py:161} INFO - Started process (PID=18598) to work on /mnt/c/Users/Victor/Desktop/Final_Semester/data-engineering-final-semester-portfolio/airflow/dags/first_dag.py
[2024-07-17T04:04:18.226+0100] {processor.py:830} INFO - Processing file /mnt/c/Users/Victor/Desktop/Final_Semester/data-engineering-final-semester-portfolio/airflow/dags/first_dag.py for tasks to queue
[2024-07-17T04:04:18.231+0100] {logging_mixin.py:188} INFO - [2024-07-17T04:04:18.229+0100] {dagbag.py:545} INFO - Filling up the DagBag from /mnt/c/Users/Victor/Desktop/Final_Semester/data-engineering-final-semester-portfolio/airflow/dags/first_dag.py
[2024-07-17T04:04:18.351+0100] {processor.py:840} INFO - DAG(s) 'dev-astronauts_in_space-v1.0' retrieved from /mnt/c/Users/Victor/Desktop/Final_Semester/data-engineering-final-semester-portfolio/airflow/dags/first_dag.py
[2024-07-17T04:04:18.465+0100] {logging_mixin.py:188} INFO - [2024-07-17T04:04:18.464+0100] {dag.py:3096} INFO - Sync 1 DAGs
[2024-07-17T04:04:18.587+0100] {logging_mixin.py:188} INFO - [2024-07-17T04:04:18.586+0100] {dag.py:3954} INFO - Setting next_dagrun for dev-astronauts_in_space-v1.0 to 2024-07-17 00:00:00+00:00, run_after=2024-07-18 00:00:00+00:00
[2024-07-17T04:04:19.084+0100] {processor.py:183} INFO - Processing /mnt/c/Users/Victor/Desktop/Final_Semester/data-engineering-final-semester-portfolio/airflow/dags/first_dag.py took 0.892 seconds
[2024-07-17T04:05:17.569+0100] {processor.py:161} INFO - Started process (PID=19342) to work on /mnt/c/Users/Victor/Desktop/Final_Semester/data-engineering-final-semester-portfolio/airflow/dags/first_dag.py
[2024-07-17T04:05:17.575+0100] {processor.py:830} INFO - Processing file /mnt/c/Users/Victor/Desktop/Final_Semester/data-engineering-final-semester-portfolio/airflow/dags/first_dag.py for tasks to queue
[2024-07-17T04:05:17.582+0100] {logging_mixin.py:188} INFO - [2024-07-17T04:05:17.581+0100] {dagbag.py:545} INFO - Filling up the DagBag from /mnt/c/Users/Victor/Desktop/Final_Semester/data-engineering-final-semester-portfolio/airflow/dags/first_dag.py
[2024-07-17T04:05:17.752+0100] {processor.py:840} INFO - DAG(s) 'dev-astronauts_in_space-v1.0' retrieved from /mnt/c/Users/Victor/Desktop/Final_Semester/data-engineering-final-semester-portfolio/airflow/dags/first_dag.py
[2024-07-17T04:05:17.870+0100] {logging_mixin.py:188} INFO - [2024-07-17T04:05:17.869+0100] {dag.py:3096} INFO - Sync 1 DAGs
[2024-07-17T04:05:18.382+0100] {processor.py:183} INFO - Processing /mnt/c/Users/Victor/Desktop/Final_Semester/data-engineering-final-semester-portfolio/airflow/dags/first_dag.py took 0.861 seconds
[2024-07-17T04:05:48.649+0100] {processor.py:161} INFO - Started process (PID=19733) to work on /mnt/c/Users/Victor/Desktop/Final_Semester/data-engineering-final-semester-portfolio/airflow/dags/first_dag.py
[2024-07-17T04:05:48.658+0100] {processor.py:830} INFO - Processing file /mnt/c/Users/Victor/Desktop/Final_Semester/data-engineering-final-semester-portfolio/airflow/dags/first_dag.py for tasks to queue
[2024-07-17T04:05:48.665+0100] {logging_mixin.py:188} INFO - [2024-07-17T04:05:48.662+0100] {dagbag.py:545} INFO - Filling up the DagBag from /mnt/c/Users/Victor/Desktop/Final_Semester/data-engineering-final-semester-portfolio/airflow/dags/first_dag.py
[2024-07-17T04:05:48.839+0100] {processor.py:840} INFO - DAG(s) 'dev-astronauts_in_space-v1.0' retrieved from /mnt/c/Users/Victor/Desktop/Final_Semester/data-engineering-final-semester-portfolio/airflow/dags/first_dag.py
[2024-07-17T04:05:49.110+0100] {logging_mixin.py:188} INFO - [2024-07-17T04:05:49.109+0100] {dag.py:3096} INFO - Sync 1 DAGs
[2024-07-17T04:05:49.905+0100] {processor.py:183} INFO - Processing /mnt/c/Users/Victor/Desktop/Final_Semester/data-engineering-final-semester-portfolio/airflow/dags/first_dag.py took 1.309 seconds
[2024-07-17T04:06:20.573+0100] {processor.py:161} INFO - Started process (PID=19944) to work on /mnt/c/Users/Victor/Desktop/Final_Semester/data-engineering-final-semester-portfolio/airflow/dags/first_dag.py
[2024-07-17T04:06:20.580+0100] {processor.py:830} INFO - Processing file /mnt/c/Users/Victor/Desktop/Final_Semester/data-engineering-final-semester-portfolio/airflow/dags/first_dag.py for tasks to queue
[2024-07-17T04:06:20.591+0100] {logging_mixin.py:188} INFO - [2024-07-17T04:06:20.589+0100] {dagbag.py:545} INFO - Filling up the DagBag from /mnt/c/Users/Victor/Desktop/Final_Semester/data-engineering-final-semester-portfolio/airflow/dags/first_dag.py
[2024-07-17T04:06:20.742+0100] {processor.py:840} INFO - DAG(s) 'dev-astronauts_in_space-v1.0' retrieved from /mnt/c/Users/Victor/Desktop/Final_Semester/data-engineering-final-semester-portfolio/airflow/dags/first_dag.py
[2024-07-17T04:06:21.392+0100] {logging_mixin.py:188} INFO - [2024-07-17T04:06:21.391+0100] {dag.py:3096} INFO - Sync 1 DAGs
[2024-07-17T04:06:22.134+0100] {processor.py:183} INFO - Processing /mnt/c/Users/Victor/Desktop/Final_Semester/data-engineering-final-semester-portfolio/airflow/dags/first_dag.py took 1.615 seconds
[2024-07-17T04:06:52.663+0100] {processor.py:161} INFO - Started process (PID=20182) to work on /mnt/c/Users/Victor/Desktop/Final_Semester/data-engineering-final-semester-portfolio/airflow/dags/first_dag.py
[2024-07-17T04:06:52.668+0100] {processor.py:830} INFO - Processing file /mnt/c/Users/Victor/Desktop/Final_Semester/data-engineering-final-semester-portfolio/airflow/dags/first_dag.py for tasks to queue
[2024-07-17T04:06:52.674+0100] {logging_mixin.py:188} INFO - [2024-07-17T04:06:52.672+0100] {dagbag.py:545} INFO - Filling up the DagBag from /mnt/c/Users/Victor/Desktop/Final_Semester/data-engineering-final-semester-portfolio/airflow/dags/first_dag.py
[2024-07-17T04:06:52.832+0100] {processor.py:840} INFO - DAG(s) 'dev-astronauts_in_space-v1.0' retrieved from /mnt/c/Users/Victor/Desktop/Final_Semester/data-engineering-final-semester-portfolio/airflow/dags/first_dag.py
[2024-07-17T04:06:53.069+0100] {logging_mixin.py:188} INFO - [2024-07-17T04:06:53.068+0100] {dag.py:3096} INFO - Sync 1 DAGs
[2024-07-17T04:06:53.932+0100] {processor.py:183} INFO - Processing /mnt/c/Users/Victor/Desktop/Final_Semester/data-engineering-final-semester-portfolio/airflow/dags/first_dag.py took 1.300 seconds
[2024-07-17T04:07:24.672+0100] {processor.py:161} INFO - Started process (PID=20331) to work on /mnt/c/Users/Victor/Desktop/Final_Semester/data-engineering-final-semester-portfolio/airflow/dags/first_dag.py
[2024-07-17T04:07:24.676+0100] {processor.py:830} INFO - Processing file /mnt/c/Users/Victor/Desktop/Final_Semester/data-engineering-final-semester-portfolio/airflow/dags/first_dag.py for tasks to queue
[2024-07-17T04:07:24.680+0100] {logging_mixin.py:188} INFO - [2024-07-17T04:07:24.678+0100] {dagbag.py:545} INFO - Filling up the DagBag from /mnt/c/Users/Victor/Desktop/Final_Semester/data-engineering-final-semester-portfolio/airflow/dags/first_dag.py
[2024-07-17T04:07:24.768+0100] {processor.py:840} INFO - DAG(s) 'dev-astronauts_in_space-v1.0' retrieved from /mnt/c/Users/Victor/Desktop/Final_Semester/data-engineering-final-semester-portfolio/airflow/dags/first_dag.py
[2024-07-17T04:07:24.870+0100] {logging_mixin.py:188} INFO - [2024-07-17T04:07:24.869+0100] {dag.py:3096} INFO - Sync 1 DAGs
[2024-07-17T04:07:25.233+0100] {processor.py:183} INFO - Processing /mnt/c/Users/Victor/Desktop/Final_Semester/data-engineering-final-semester-portfolio/airflow/dags/first_dag.py took 0.588 seconds
[2024-07-17T04:07:56.445+0100] {processor.py:161} INFO - Started process (PID=20473) to work on /mnt/c/Users/Victor/Desktop/Final_Semester/data-engineering-final-semester-portfolio/airflow/dags/first_dag.py
[2024-07-17T04:07:56.449+0100] {processor.py:830} INFO - Processing file /mnt/c/Users/Victor/Desktop/Final_Semester/data-engineering-final-semester-portfolio/airflow/dags/first_dag.py for tasks to queue
[2024-07-17T04:07:56.453+0100] {logging_mixin.py:188} INFO - [2024-07-17T04:07:56.452+0100] {dagbag.py:545} INFO - Filling up the DagBag from /mnt/c/Users/Victor/Desktop/Final_Semester/data-engineering-final-semester-portfolio/airflow/dags/first_dag.py
[2024-07-17T04:07:56.592+0100] {processor.py:840} INFO - DAG(s) 'dev-astronauts_in_space-v1.0' retrieved from /mnt/c/Users/Victor/Desktop/Final_Semester/data-engineering-final-semester-portfolio/airflow/dags/first_dag.py
[2024-07-17T04:07:56.784+0100] {logging_mixin.py:188} INFO - [2024-07-17T04:07:56.777+0100] {dag.py:3096} INFO - Sync 1 DAGs
[2024-07-17T04:07:57.548+0100] {processor.py:183} INFO - Processing /mnt/c/Users/Victor/Desktop/Final_Semester/data-engineering-final-semester-portfolio/airflow/dags/first_dag.py took 1.138 seconds
[2024-07-17T04:08:27.944+0100] {processor.py:161} INFO - Started process (PID=20800) to work on /mnt/c/Users/Victor/Desktop/Final_Semester/data-engineering-final-semester-portfolio/airflow/dags/first_dag.py
[2024-07-17T04:08:27.959+0100] {processor.py:830} INFO - Processing file /mnt/c/Users/Victor/Desktop/Final_Semester/data-engineering-final-semester-portfolio/airflow/dags/first_dag.py for tasks to queue
[2024-07-17T04:08:27.964+0100] {logging_mixin.py:188} INFO - [2024-07-17T04:08:27.962+0100] {dagbag.py:545} INFO - Filling up the DagBag from /mnt/c/Users/Victor/Desktop/Final_Semester/data-engineering-final-semester-portfolio/airflow/dags/first_dag.py
[2024-07-17T04:08:28.059+0100] {processor.py:840} INFO - DAG(s) 'dev-astronauts_in_space-v1.0' retrieved from /mnt/c/Users/Victor/Desktop/Final_Semester/data-engineering-final-semester-portfolio/airflow/dags/first_dag.py
[2024-07-17T04:08:28.164+0100] {logging_mixin.py:188} INFO - [2024-07-17T04:08:28.163+0100] {dag.py:3096} INFO - Sync 1 DAGs
[2024-07-17T04:08:28.551+0100] {processor.py:183} INFO - Processing /mnt/c/Users/Victor/Desktop/Final_Semester/data-engineering-final-semester-portfolio/airflow/dags/first_dag.py took 0.655 seconds
[2024-07-17T04:09:00.813+0100] {processor.py:161} INFO - Started process (PID=21006) to work on /mnt/c/Users/Victor/Desktop/Final_Semester/data-engineering-final-semester-portfolio/airflow/dags/first_dag.py
[2024-07-17T04:09:00.819+0100] {processor.py:830} INFO - Processing file /mnt/c/Users/Victor/Desktop/Final_Semester/data-engineering-final-semester-portfolio/airflow/dags/first_dag.py for tasks to queue
[2024-07-17T04:09:00.832+0100] {logging_mixin.py:188} INFO - [2024-07-17T04:09:00.830+0100] {dagbag.py:545} INFO - Filling up the DagBag from /mnt/c/Users/Victor/Desktop/Final_Semester/data-engineering-final-semester-portfolio/airflow/dags/first_dag.py
[2024-07-17T04:09:01.107+0100] {processor.py:840} INFO - DAG(s) 'dev-astronauts_in_space-v1.0' retrieved from /mnt/c/Users/Victor/Desktop/Final_Semester/data-engineering-final-semester-portfolio/airflow/dags/first_dag.py
[2024-07-17T04:09:01.390+0100] {logging_mixin.py:188} INFO - [2024-07-17T04:09:01.389+0100] {dag.py:3096} INFO - Sync 1 DAGs
[2024-07-17T04:09:02.011+0100] {processor.py:183} INFO - Processing /mnt/c/Users/Victor/Desktop/Final_Semester/data-engineering-final-semester-portfolio/airflow/dags/first_dag.py took 1.291 seconds
[2024-07-17T04:09:32.707+0100] {processor.py:161} INFO - Started process (PID=21348) to work on /mnt/c/Users/Victor/Desktop/Final_Semester/data-engineering-final-semester-portfolio/airflow/dags/first_dag.py
[2024-07-17T04:09:32.712+0100] {processor.py:830} INFO - Processing file /mnt/c/Users/Victor/Desktop/Final_Semester/data-engineering-final-semester-portfolio/airflow/dags/first_dag.py for tasks to queue
[2024-07-17T04:09:32.716+0100] {logging_mixin.py:188} INFO - [2024-07-17T04:09:32.715+0100] {dagbag.py:545} INFO - Filling up the DagBag from /mnt/c/Users/Victor/Desktop/Final_Semester/data-engineering-final-semester-portfolio/airflow/dags/first_dag.py
[2024-07-17T04:09:32.844+0100] {processor.py:840} INFO - DAG(s) 'dev-astronauts_in_space-v1.0' retrieved from /mnt/c/Users/Victor/Desktop/Final_Semester/data-engineering-final-semester-portfolio/airflow/dags/first_dag.py
[2024-07-17T04:09:32.986+0100] {logging_mixin.py:188} INFO - [2024-07-17T04:09:32.985+0100] {dag.py:3096} INFO - Sync 1 DAGs
[2024-07-17T04:09:33.350+0100] {processor.py:183} INFO - Processing /mnt/c/Users/Victor/Desktop/Final_Semester/data-engineering-final-semester-portfolio/airflow/dags/first_dag.py took 0.672 seconds
[2024-07-17T04:10:04.105+0100] {processor.py:161} INFO - Started process (PID=21633) to work on /mnt/c/Users/Victor/Desktop/Final_Semester/data-engineering-final-semester-portfolio/airflow/dags/first_dag.py
[2024-07-17T04:10:04.109+0100] {processor.py:830} INFO - Processing file /mnt/c/Users/Victor/Desktop/Final_Semester/data-engineering-final-semester-portfolio/airflow/dags/first_dag.py for tasks to queue
[2024-07-17T04:10:04.116+0100] {logging_mixin.py:188} INFO - [2024-07-17T04:10:04.115+0100] {dagbag.py:545} INFO - Filling up the DagBag from /mnt/c/Users/Victor/Desktop/Final_Semester/data-engineering-final-semester-portfolio/airflow/dags/first_dag.py
[2024-07-17T04:10:04.235+0100] {processor.py:840} INFO - DAG(s) 'dev-astronauts_in_space-v1.0' retrieved from /mnt/c/Users/Victor/Desktop/Final_Semester/data-engineering-final-semester-portfolio/airflow/dags/first_dag.py
[2024-07-17T04:10:04.349+0100] {logging_mixin.py:188} INFO - [2024-07-17T04:10:04.348+0100] {dag.py:3096} INFO - Sync 1 DAGs
[2024-07-17T04:10:04.804+0100] {processor.py:183} INFO - Processing /mnt/c/Users/Victor/Desktop/Final_Semester/data-engineering-final-semester-portfolio/airflow/dags/first_dag.py took 0.735 seconds
[2024-07-17T04:10:35.563+0100] {processor.py:161} INFO - Started process (PID=21931) to work on /mnt/c/Users/Victor/Desktop/Final_Semester/data-engineering-final-semester-portfolio/airflow/dags/first_dag.py
[2024-07-17T04:10:35.567+0100] {processor.py:830} INFO - Processing file /mnt/c/Users/Victor/Desktop/Final_Semester/data-engineering-final-semester-portfolio/airflow/dags/first_dag.py for tasks to queue
[2024-07-17T04:10:35.572+0100] {logging_mixin.py:188} INFO - [2024-07-17T04:10:35.571+0100] {dagbag.py:545} INFO - Filling up the DagBag from /mnt/c/Users/Victor/Desktop/Final_Semester/data-engineering-final-semester-portfolio/airflow/dags/first_dag.py
[2024-07-17T04:10:35.671+0100] {processor.py:840} INFO - DAG(s) 'dev-astronauts_in_space-v1.0' retrieved from /mnt/c/Users/Victor/Desktop/Final_Semester/data-engineering-final-semester-portfolio/airflow/dags/first_dag.py
[2024-07-17T04:10:35.794+0100] {logging_mixin.py:188} INFO - [2024-07-17T04:10:35.793+0100] {dag.py:3096} INFO - Sync 1 DAGs
[2024-07-17T04:10:36.217+0100] {processor.py:183} INFO - Processing /mnt/c/Users/Victor/Desktop/Final_Semester/data-engineering-final-semester-portfolio/airflow/dags/first_dag.py took 0.688 seconds
[2024-07-17T04:11:07.221+0100] {processor.py:161} INFO - Started process (PID=22109) to work on /mnt/c/Users/Victor/Desktop/Final_Semester/data-engineering-final-semester-portfolio/airflow/dags/first_dag.py
[2024-07-17T04:11:07.227+0100] {processor.py:830} INFO - Processing file /mnt/c/Users/Victor/Desktop/Final_Semester/data-engineering-final-semester-portfolio/airflow/dags/first_dag.py for tasks to queue
[2024-07-17T04:11:07.232+0100] {logging_mixin.py:188} INFO - [2024-07-17T04:11:07.230+0100] {dagbag.py:545} INFO - Filling up the DagBag from /mnt/c/Users/Victor/Desktop/Final_Semester/data-engineering-final-semester-portfolio/airflow/dags/first_dag.py
[2024-07-17T04:11:07.335+0100] {processor.py:840} INFO - DAG(s) 'dev-astronauts_in_space-v1.0' retrieved from /mnt/c/Users/Victor/Desktop/Final_Semester/data-engineering-final-semester-portfolio/airflow/dags/first_dag.py
[2024-07-17T04:11:07.451+0100] {logging_mixin.py:188} INFO - [2024-07-17T04:11:07.450+0100] {dag.py:3096} INFO - Sync 1 DAGs
[2024-07-17T04:11:07.853+0100] {processor.py:183} INFO - Processing /mnt/c/Users/Victor/Desktop/Final_Semester/data-engineering-final-semester-portfolio/airflow/dags/first_dag.py took 0.663 seconds
[2024-07-17T04:11:45.506+0100] {processor.py:161} INFO - Started process (PID=22499) to work on /mnt/c/Users/Victor/Desktop/Final_Semester/data-engineering-final-semester-portfolio/airflow/dags/first_dag.py
[2024-07-17T04:11:45.510+0100] {processor.py:830} INFO - Processing file /mnt/c/Users/Victor/Desktop/Final_Semester/data-engineering-final-semester-portfolio/airflow/dags/first_dag.py for tasks to queue
[2024-07-17T04:11:45.515+0100] {logging_mixin.py:188} INFO - [2024-07-17T04:11:45.513+0100] {dagbag.py:545} INFO - Filling up the DagBag from /mnt/c/Users/Victor/Desktop/Final_Semester/data-engineering-final-semester-portfolio/airflow/dags/first_dag.py
[2024-07-17T04:11:45.618+0100] {processor.py:840} INFO - DAG(s) 'dev-astronauts_in_space-v1.0' retrieved from /mnt/c/Users/Victor/Desktop/Final_Semester/data-engineering-final-semester-portfolio/airflow/dags/first_dag.py
[2024-07-17T04:11:45.741+0100] {logging_mixin.py:188} INFO - [2024-07-17T04:11:45.740+0100] {dag.py:3096} INFO - Sync 1 DAGs
[2024-07-17T04:11:46.149+0100] {processor.py:183} INFO - Processing /mnt/c/Users/Victor/Desktop/Final_Semester/data-engineering-final-semester-portfolio/airflow/dags/first_dag.py took 0.671 seconds
[2024-07-17T04:12:17.100+0100] {processor.py:161} INFO - Started process (PID=22700) to work on /mnt/c/Users/Victor/Desktop/Final_Semester/data-engineering-final-semester-portfolio/airflow/dags/first_dag.py
[2024-07-17T04:12:17.105+0100] {processor.py:830} INFO - Processing file /mnt/c/Users/Victor/Desktop/Final_Semester/data-engineering-final-semester-portfolio/airflow/dags/first_dag.py for tasks to queue
[2024-07-17T04:12:17.111+0100] {logging_mixin.py:188} INFO - [2024-07-17T04:12:17.109+0100] {dagbag.py:545} INFO - Filling up the DagBag from /mnt/c/Users/Victor/Desktop/Final_Semester/data-engineering-final-semester-portfolio/airflow/dags/first_dag.py
[2024-07-17T04:12:17.237+0100] {processor.py:840} INFO - DAG(s) 'dev-astronauts_in_space-v1.0' retrieved from /mnt/c/Users/Victor/Desktop/Final_Semester/data-engineering-final-semester-portfolio/airflow/dags/first_dag.py
[2024-07-17T04:12:17.381+0100] {logging_mixin.py:188} INFO - [2024-07-17T04:12:17.380+0100] {dag.py:3096} INFO - Sync 1 DAGs
[2024-07-17T04:12:17.504+0100] {logging_mixin.py:188} INFO - [2024-07-17T04:12:17.502+0100] {dag.py:3954} INFO - Setting next_dagrun for dev-astronauts_in_space-v1.0 to 2024-07-17 00:00:00+00:00, run_after=2024-07-18 00:00:00+00:00
[2024-07-17T04:12:17.950+0100] {processor.py:183} INFO - Processing /mnt/c/Users/Victor/Desktop/Final_Semester/data-engineering-final-semester-portfolio/airflow/dags/first_dag.py took 0.880 seconds
[2024-07-17T04:12:49.274+0100] {processor.py:161} INFO - Started process (PID=22962) to work on /mnt/c/Users/Victor/Desktop/Final_Semester/data-engineering-final-semester-portfolio/airflow/dags/first_dag.py
[2024-07-17T04:12:49.278+0100] {processor.py:830} INFO - Processing file /mnt/c/Users/Victor/Desktop/Final_Semester/data-engineering-final-semester-portfolio/airflow/dags/first_dag.py for tasks to queue
[2024-07-17T04:12:49.282+0100] {logging_mixin.py:188} INFO - [2024-07-17T04:12:49.281+0100] {dagbag.py:545} INFO - Filling up the DagBag from /mnt/c/Users/Victor/Desktop/Final_Semester/data-engineering-final-semester-portfolio/airflow/dags/first_dag.py
[2024-07-17T04:12:49.380+0100] {processor.py:840} INFO - DAG(s) 'dev-astronauts_in_space-v1.0' retrieved from /mnt/c/Users/Victor/Desktop/Final_Semester/data-engineering-final-semester-portfolio/airflow/dags/first_dag.py
[2024-07-17T04:12:49.530+0100] {logging_mixin.py:188} INFO - [2024-07-17T04:12:49.529+0100] {dag.py:3096} INFO - Sync 1 DAGs
[2024-07-17T04:12:49.749+0100] {logging_mixin.py:188} INFO - [2024-07-17T04:12:49.748+0100] {dag.py:3954} INFO - Setting next_dagrun for dev-astronauts_in_space-v1.0 to 2024-07-17 00:00:00+00:00, run_after=2024-07-18 00:00:00+00:00
[2024-07-17T04:12:50.226+0100] {processor.py:183} INFO - Processing /mnt/c/Users/Victor/Desktop/Final_Semester/data-engineering-final-semester-portfolio/airflow/dags/first_dag.py took 0.977 seconds
[2024-07-17T04:13:20.443+0100] {processor.py:161} INFO - Started process (PID=23148) to work on /mnt/c/Users/Victor/Desktop/Final_Semester/data-engineering-final-semester-portfolio/airflow/dags/first_dag.py
[2024-07-17T04:13:20.447+0100] {processor.py:830} INFO - Processing file /mnt/c/Users/Victor/Desktop/Final_Semester/data-engineering-final-semester-portfolio/airflow/dags/first_dag.py for tasks to queue
[2024-07-17T04:13:20.451+0100] {logging_mixin.py:188} INFO - [2024-07-17T04:13:20.450+0100] {dagbag.py:545} INFO - Filling up the DagBag from /mnt/c/Users/Victor/Desktop/Final_Semester/data-engineering-final-semester-portfolio/airflow/dags/first_dag.py
[2024-07-17T04:13:20.541+0100] {processor.py:840} INFO - DAG(s) 'dev-astronauts_in_space-v1.0' retrieved from /mnt/c/Users/Victor/Desktop/Final_Semester/data-engineering-final-semester-portfolio/airflow/dags/first_dag.py
[2024-07-17T04:13:20.658+0100] {logging_mixin.py:188} INFO - [2024-07-17T04:13:20.657+0100] {dag.py:3096} INFO - Sync 1 DAGs
[2024-07-17T04:13:20.767+0100] {logging_mixin.py:188} INFO - [2024-07-17T04:13:20.766+0100] {dag.py:3954} INFO - Setting next_dagrun for dev-astronauts_in_space-v1.0 to 2024-07-17 00:00:00+00:00, run_after=2024-07-18 00:00:00+00:00
[2024-07-17T04:13:21.076+0100] {processor.py:183} INFO - Processing /mnt/c/Users/Victor/Desktop/Final_Semester/data-engineering-final-semester-portfolio/airflow/dags/first_dag.py took 0.661 seconds
[2024-07-17T04:13:51.808+0100] {processor.py:161} INFO - Started process (PID=23413) to work on /mnt/c/Users/Victor/Desktop/Final_Semester/data-engineering-final-semester-portfolio/airflow/dags/first_dag.py
[2024-07-17T04:13:51.813+0100] {processor.py:830} INFO - Processing file /mnt/c/Users/Victor/Desktop/Final_Semester/data-engineering-final-semester-portfolio/airflow/dags/first_dag.py for tasks to queue
[2024-07-17T04:13:51.818+0100] {logging_mixin.py:188} INFO - [2024-07-17T04:13:51.816+0100] {dagbag.py:545} INFO - Filling up the DagBag from /mnt/c/Users/Victor/Desktop/Final_Semester/data-engineering-final-semester-portfolio/airflow/dags/first_dag.py
[2024-07-17T04:13:51.925+0100] {processor.py:840} INFO - DAG(s) 'dev-astronauts_in_space-v1.0' retrieved from /mnt/c/Users/Victor/Desktop/Final_Semester/data-engineering-final-semester-portfolio/airflow/dags/first_dag.py
[2024-07-17T04:13:52.046+0100] {logging_mixin.py:188} INFO - [2024-07-17T04:13:52.045+0100] {dag.py:3096} INFO - Sync 1 DAGs
[2024-07-17T04:13:52.165+0100] {logging_mixin.py:188} INFO - [2024-07-17T04:13:52.164+0100] {dag.py:3954} INFO - Setting next_dagrun for dev-astronauts_in_space-v1.0 to 2024-07-17 00:00:00+00:00, run_after=2024-07-18 00:00:00+00:00
[2024-07-17T04:13:52.425+0100] {processor.py:183} INFO - Processing /mnt/c/Users/Victor/Desktop/Final_Semester/data-engineering-final-semester-portfolio/airflow/dags/first_dag.py took 0.644 seconds
[2024-07-17T04:14:23.608+0100] {processor.py:161} INFO - Started process (PID=23619) to work on /mnt/c/Users/Victor/Desktop/Final_Semester/data-engineering-final-semester-portfolio/airflow/dags/first_dag.py
[2024-07-17T04:14:23.612+0100] {processor.py:830} INFO - Processing file /mnt/c/Users/Victor/Desktop/Final_Semester/data-engineering-final-semester-portfolio/airflow/dags/first_dag.py for tasks to queue
[2024-07-17T04:14:23.616+0100] {logging_mixin.py:188} INFO - [2024-07-17T04:14:23.615+0100] {dagbag.py:545} INFO - Filling up the DagBag from /mnt/c/Users/Victor/Desktop/Final_Semester/data-engineering-final-semester-portfolio/airflow/dags/first_dag.py
[2024-07-17T04:14:23.708+0100] {processor.py:840} INFO - DAG(s) 'dev-astronauts_in_space-v1.0' retrieved from /mnt/c/Users/Victor/Desktop/Final_Semester/data-engineering-final-semester-portfolio/airflow/dags/first_dag.py
[2024-07-17T04:14:23.813+0100] {logging_mixin.py:188} INFO - [2024-07-17T04:14:23.812+0100] {dag.py:3096} INFO - Sync 1 DAGs
[2024-07-17T04:14:23.922+0100] {logging_mixin.py:188} INFO - [2024-07-17T04:14:23.921+0100] {dag.py:3954} INFO - Setting next_dagrun for dev-astronauts_in_space-v1.0 to 2024-07-17 00:00:00+00:00, run_after=2024-07-18 00:00:00+00:00
[2024-07-17T04:14:24.233+0100] {processor.py:183} INFO - Processing /mnt/c/Users/Victor/Desktop/Final_Semester/data-engineering-final-semester-portfolio/airflow/dags/first_dag.py took 0.650 seconds
[2024-07-17T04:14:54.594+0100] {processor.py:161} INFO - Started process (PID=23764) to work on /mnt/c/Users/Victor/Desktop/Final_Semester/data-engineering-final-semester-portfolio/airflow/dags/first_dag.py
[2024-07-17T04:14:54.611+0100] {processor.py:830} INFO - Processing file /mnt/c/Users/Victor/Desktop/Final_Semester/data-engineering-final-semester-portfolio/airflow/dags/first_dag.py for tasks to queue
[2024-07-17T04:14:54.618+0100] {logging_mixin.py:188} INFO - [2024-07-17T04:14:54.616+0100] {dagbag.py:545} INFO - Filling up the DagBag from /mnt/c/Users/Victor/Desktop/Final_Semester/data-engineering-final-semester-portfolio/airflow/dags/first_dag.py
[2024-07-17T04:14:54.806+0100] {processor.py:840} INFO - DAG(s) 'dev-astronauts_in_space-v1.0' retrieved from /mnt/c/Users/Victor/Desktop/Final_Semester/data-engineering-final-semester-portfolio/airflow/dags/first_dag.py
[2024-07-17T04:14:55.005+0100] {logging_mixin.py:188} INFO - [2024-07-17T04:14:55.004+0100] {dag.py:3096} INFO - Sync 1 DAGs
[2024-07-17T04:14:55.121+0100] {logging_mixin.py:188} INFO - [2024-07-17T04:14:55.120+0100] {dag.py:3954} INFO - Setting next_dagrun for dev-astronauts_in_space-v1.0 to 2024-07-17 00:00:00+00:00, run_after=2024-07-18 00:00:00+00:00
[2024-07-17T04:14:55.474+0100] {processor.py:183} INFO - Processing /mnt/c/Users/Victor/Desktop/Final_Semester/data-engineering-final-semester-portfolio/airflow/dags/first_dag.py took 0.943 seconds
[2024-07-17T04:15:25.789+0100] {processor.py:161} INFO - Started process (PID=23936) to work on /mnt/c/Users/Victor/Desktop/Final_Semester/data-engineering-final-semester-portfolio/airflow/dags/first_dag.py
[2024-07-17T04:15:25.797+0100] {processor.py:830} INFO - Processing file /mnt/c/Users/Victor/Desktop/Final_Semester/data-engineering-final-semester-portfolio/airflow/dags/first_dag.py for tasks to queue
[2024-07-17T04:15:25.802+0100] {logging_mixin.py:188} INFO - [2024-07-17T04:15:25.801+0100] {dagbag.py:545} INFO - Filling up the DagBag from /mnt/c/Users/Victor/Desktop/Final_Semester/data-engineering-final-semester-portfolio/airflow/dags/first_dag.py
[2024-07-17T04:15:25.984+0100] {processor.py:840} INFO - DAG(s) 'dev-astronauts_in_space-v1.0' retrieved from /mnt/c/Users/Victor/Desktop/Final_Semester/data-engineering-final-semester-portfolio/airflow/dags/first_dag.py
[2024-07-17T04:15:26.165+0100] {logging_mixin.py:188} INFO - [2024-07-17T04:15:26.164+0100] {dag.py:3096} INFO - Sync 1 DAGs
[2024-07-17T04:15:26.324+0100] {logging_mixin.py:188} INFO - [2024-07-17T04:15:26.323+0100] {dag.py:3954} INFO - Setting next_dagrun for dev-astronauts_in_space-v1.0 to 2024-07-17 00:00:00+00:00, run_after=2024-07-18 00:00:00+00:00
[2024-07-17T04:15:26.668+0100] {processor.py:183} INFO - Processing /mnt/c/Users/Victor/Desktop/Final_Semester/data-engineering-final-semester-portfolio/airflow/dags/first_dag.py took 0.916 seconds
[2024-07-17T04:15:58.076+0100] {processor.py:161} INFO - Started process (PID=24185) to work on /mnt/c/Users/Victor/Desktop/Final_Semester/data-engineering-final-semester-portfolio/airflow/dags/first_dag.py
[2024-07-17T04:15:58.081+0100] {processor.py:830} INFO - Processing file /mnt/c/Users/Victor/Desktop/Final_Semester/data-engineering-final-semester-portfolio/airflow/dags/first_dag.py for tasks to queue
[2024-07-17T04:15:58.086+0100] {logging_mixin.py:188} INFO - [2024-07-17T04:15:58.084+0100] {dagbag.py:545} INFO - Filling up the DagBag from /mnt/c/Users/Victor/Desktop/Final_Semester/data-engineering-final-semester-portfolio/airflow/dags/first_dag.py
[2024-07-17T04:15:58.275+0100] {processor.py:840} INFO - DAG(s) 'dev-astronauts_in_space-v1.0' retrieved from /mnt/c/Users/Victor/Desktop/Final_Semester/data-engineering-final-semester-portfolio/airflow/dags/first_dag.py
[2024-07-17T04:15:58.612+0100] {logging_mixin.py:188} INFO - [2024-07-17T04:15:58.610+0100] {dag.py:3096} INFO - Sync 1 DAGs
[2024-07-17T04:15:58.805+0100] {logging_mixin.py:188} INFO - [2024-07-17T04:15:58.803+0100] {dag.py:3954} INFO - Setting next_dagrun for dev-astronauts_in_space-v1.0 to 2024-07-17 00:00:00+00:00, run_after=2024-07-18 00:00:00+00:00
[2024-07-17T04:15:59.243+0100] {processor.py:183} INFO - Processing /mnt/c/Users/Victor/Desktop/Final_Semester/data-engineering-final-semester-portfolio/airflow/dags/first_dag.py took 1.203 seconds
[2024-07-17T04:16:30.103+0100] {processor.py:161} INFO - Started process (PID=24352) to work on /mnt/c/Users/Victor/Desktop/Final_Semester/data-engineering-final-semester-portfolio/airflow/dags/first_dag.py
[2024-07-17T04:16:30.108+0100] {processor.py:830} INFO - Processing file /mnt/c/Users/Victor/Desktop/Final_Semester/data-engineering-final-semester-portfolio/airflow/dags/first_dag.py for tasks to queue
[2024-07-17T04:16:30.114+0100] {logging_mixin.py:188} INFO - [2024-07-17T04:16:30.112+0100] {dagbag.py:545} INFO - Filling up the DagBag from /mnt/c/Users/Victor/Desktop/Final_Semester/data-engineering-final-semester-portfolio/airflow/dags/first_dag.py
[2024-07-17T04:16:30.266+0100] {processor.py:840} INFO - DAG(s) 'dev-astronauts_in_space-v1.0' retrieved from /mnt/c/Users/Victor/Desktop/Final_Semester/data-engineering-final-semester-portfolio/airflow/dags/first_dag.py
[2024-07-17T04:16:30.414+0100] {logging_mixin.py:188} INFO - [2024-07-17T04:16:30.414+0100] {dag.py:3096} INFO - Sync 1 DAGs
[2024-07-17T04:16:30.542+0100] {logging_mixin.py:188} INFO - [2024-07-17T04:16:30.541+0100] {dag.py:3954} INFO - Setting next_dagrun for dev-astronauts_in_space-v1.0 to 2024-07-17 00:00:00+00:00, run_after=2024-07-18 00:00:00+00:00
[2024-07-17T04:16:31.045+0100] {processor.py:183} INFO - Processing /mnt/c/Users/Victor/Desktop/Final_Semester/data-engineering-final-semester-portfolio/airflow/dags/first_dag.py took 0.971 seconds
[2024-07-17T04:17:01.791+0100] {processor.py:161} INFO - Started process (PID=24500) to work on /mnt/c/Users/Victor/Desktop/Final_Semester/data-engineering-final-semester-portfolio/airflow/dags/first_dag.py
[2024-07-17T04:17:01.796+0100] {processor.py:830} INFO - Processing file /mnt/c/Users/Victor/Desktop/Final_Semester/data-engineering-final-semester-portfolio/airflow/dags/first_dag.py for tasks to queue
[2024-07-17T04:17:01.802+0100] {logging_mixin.py:188} INFO - [2024-07-17T04:17:01.800+0100] {dagbag.py:545} INFO - Filling up the DagBag from /mnt/c/Users/Victor/Desktop/Final_Semester/data-engineering-final-semester-portfolio/airflow/dags/first_dag.py
[2024-07-17T04:17:01.934+0100] {processor.py:840} INFO - DAG(s) 'dev-astronauts_in_space-v1.0' retrieved from /mnt/c/Users/Victor/Desktop/Final_Semester/data-engineering-final-semester-portfolio/airflow/dags/first_dag.py
[2024-07-17T04:17:02.052+0100] {logging_mixin.py:188} INFO - [2024-07-17T04:17:02.051+0100] {dag.py:3096} INFO - Sync 1 DAGs
[2024-07-17T04:17:02.166+0100] {logging_mixin.py:188} INFO - [2024-07-17T04:17:02.166+0100] {dag.py:3954} INFO - Setting next_dagrun for dev-astronauts_in_space-v1.0 to 2024-07-17 00:00:00+00:00, run_after=2024-07-18 00:00:00+00:00
[2024-07-17T04:17:02.516+0100] {processor.py:183} INFO - Processing /mnt/c/Users/Victor/Desktop/Final_Semester/data-engineering-final-semester-portfolio/airflow/dags/first_dag.py took 0.770 seconds
[2024-07-17T04:17:33.870+0100] {processor.py:161} INFO - Started process (PID=24647) to work on /mnt/c/Users/Victor/Desktop/Final_Semester/data-engineering-final-semester-portfolio/airflow/dags/first_dag.py
[2024-07-17T04:17:33.874+0100] {processor.py:830} INFO - Processing file /mnt/c/Users/Victor/Desktop/Final_Semester/data-engineering-final-semester-portfolio/airflow/dags/first_dag.py for tasks to queue
[2024-07-17T04:17:33.879+0100] {logging_mixin.py:188} INFO - [2024-07-17T04:17:33.877+0100] {dagbag.py:545} INFO - Filling up the DagBag from /mnt/c/Users/Victor/Desktop/Final_Semester/data-engineering-final-semester-portfolio/airflow/dags/first_dag.py
[2024-07-17T04:17:34.005+0100] {processor.py:840} INFO - DAG(s) 'dev-astronauts_in_space-v1.0' retrieved from /mnt/c/Users/Victor/Desktop/Final_Semester/data-engineering-final-semester-portfolio/airflow/dags/first_dag.py
[2024-07-17T04:17:34.132+0100] {logging_mixin.py:188} INFO - [2024-07-17T04:17:34.131+0100] {dag.py:3096} INFO - Sync 1 DAGs
[2024-07-17T04:17:34.246+0100] {logging_mixin.py:188} INFO - [2024-07-17T04:17:34.245+0100] {dag.py:3954} INFO - Setting next_dagrun for dev-astronauts_in_space-v1.0 to 2024-07-17 00:00:00+00:00, run_after=2024-07-18 00:00:00+00:00
[2024-07-17T04:17:34.548+0100] {processor.py:183} INFO - Processing /mnt/c/Users/Victor/Desktop/Final_Semester/data-engineering-final-semester-portfolio/airflow/dags/first_dag.py took 0.708 seconds
[2024-07-17T04:18:04.853+0100] {processor.py:161} INFO - Started process (PID=24793) to work on /mnt/c/Users/Victor/Desktop/Final_Semester/data-engineering-final-semester-portfolio/airflow/dags/first_dag.py
[2024-07-17T04:18:04.857+0100] {processor.py:830} INFO - Processing file /mnt/c/Users/Victor/Desktop/Final_Semester/data-engineering-final-semester-portfolio/airflow/dags/first_dag.py for tasks to queue
[2024-07-17T04:18:04.862+0100] {logging_mixin.py:188} INFO - [2024-07-17T04:18:04.860+0100] {dagbag.py:545} INFO - Filling up the DagBag from /mnt/c/Users/Victor/Desktop/Final_Semester/data-engineering-final-semester-portfolio/airflow/dags/first_dag.py
[2024-07-17T04:18:04.971+0100] {processor.py:840} INFO - DAG(s) 'dev-astronauts_in_space-v1.0' retrieved from /mnt/c/Users/Victor/Desktop/Final_Semester/data-engineering-final-semester-portfolio/airflow/dags/first_dag.py
[2024-07-17T04:18:05.113+0100] {logging_mixin.py:188} INFO - [2024-07-17T04:18:05.112+0100] {dag.py:3096} INFO - Sync 1 DAGs
[2024-07-17T04:18:05.241+0100] {logging_mixin.py:188} INFO - [2024-07-17T04:18:05.240+0100] {dag.py:3954} INFO - Setting next_dagrun for dev-astronauts_in_space-v1.0 to 2024-07-17 00:00:00+00:00, run_after=2024-07-18 00:00:00+00:00
[2024-07-17T04:18:05.603+0100] {processor.py:183} INFO - Processing /mnt/c/Users/Victor/Desktop/Final_Semester/data-engineering-final-semester-portfolio/airflow/dags/first_dag.py took 0.790 seconds
[2024-07-17T04:18:36.313+0100] {processor.py:161} INFO - Started process (PID=24939) to work on /mnt/c/Users/Victor/Desktop/Final_Semester/data-engineering-final-semester-portfolio/airflow/dags/first_dag.py
[2024-07-17T04:18:36.317+0100] {processor.py:830} INFO - Processing file /mnt/c/Users/Victor/Desktop/Final_Semester/data-engineering-final-semester-portfolio/airflow/dags/first_dag.py for tasks to queue
[2024-07-17T04:18:36.321+0100] {logging_mixin.py:188} INFO - [2024-07-17T04:18:36.319+0100] {dagbag.py:545} INFO - Filling up the DagBag from /mnt/c/Users/Victor/Desktop/Final_Semester/data-engineering-final-semester-portfolio/airflow/dags/first_dag.py
[2024-07-17T04:18:36.414+0100] {processor.py:840} INFO - DAG(s) 'dev-astronauts_in_space-v1.0' retrieved from /mnt/c/Users/Victor/Desktop/Final_Semester/data-engineering-final-semester-portfolio/airflow/dags/first_dag.py
[2024-07-17T04:18:36.548+0100] {logging_mixin.py:188} INFO - [2024-07-17T04:18:36.547+0100] {dag.py:3096} INFO - Sync 1 DAGs
[2024-07-17T04:18:36.665+0100] {logging_mixin.py:188} INFO - [2024-07-17T04:18:36.664+0100] {dag.py:3954} INFO - Setting next_dagrun for dev-astronauts_in_space-v1.0 to 2024-07-17 00:00:00+00:00, run_after=2024-07-18 00:00:00+00:00
[2024-07-17T04:18:36.947+0100] {processor.py:183} INFO - Processing /mnt/c/Users/Victor/Desktop/Final_Semester/data-engineering-final-semester-portfolio/airflow/dags/first_dag.py took 0.661 seconds
[2024-07-17T04:19:08.078+0100] {processor.py:161} INFO - Started process (PID=25110) to work on /mnt/c/Users/Victor/Desktop/Final_Semester/data-engineering-final-semester-portfolio/airflow/dags/first_dag.py
[2024-07-17T04:19:08.082+0100] {processor.py:830} INFO - Processing file /mnt/c/Users/Victor/Desktop/Final_Semester/data-engineering-final-semester-portfolio/airflow/dags/first_dag.py for tasks to queue
[2024-07-17T04:19:08.086+0100] {logging_mixin.py:188} INFO - [2024-07-17T04:19:08.085+0100] {dagbag.py:545} INFO - Filling up the DagBag from /mnt/c/Users/Victor/Desktop/Final_Semester/data-engineering-final-semester-portfolio/airflow/dags/first_dag.py
[2024-07-17T04:19:08.199+0100] {processor.py:840} INFO - DAG(s) 'dev-astronauts_in_space-v1.0' retrieved from /mnt/c/Users/Victor/Desktop/Final_Semester/data-engineering-final-semester-portfolio/airflow/dags/first_dag.py
[2024-07-17T04:19:08.308+0100] {logging_mixin.py:188} INFO - [2024-07-17T04:19:08.307+0100] {dag.py:3096} INFO - Sync 1 DAGs
[2024-07-17T04:19:08.420+0100] {logging_mixin.py:188} INFO - [2024-07-17T04:19:08.419+0100] {dag.py:3954} INFO - Setting next_dagrun for dev-astronauts_in_space-v1.0 to 2024-07-17 00:00:00+00:00, run_after=2024-07-18 00:00:00+00:00
[2024-07-17T04:19:08.708+0100] {processor.py:183} INFO - Processing /mnt/c/Users/Victor/Desktop/Final_Semester/data-engineering-final-semester-portfolio/airflow/dags/first_dag.py took 0.660 seconds
[2024-07-17T04:19:39.507+0100] {processor.py:161} INFO - Started process (PID=25318) to work on /mnt/c/Users/Victor/Desktop/Final_Semester/data-engineering-final-semester-portfolio/airflow/dags/first_dag.py
[2024-07-17T04:19:39.511+0100] {processor.py:830} INFO - Processing file /mnt/c/Users/Victor/Desktop/Final_Semester/data-engineering-final-semester-portfolio/airflow/dags/first_dag.py for tasks to queue
[2024-07-17T04:19:39.516+0100] {logging_mixin.py:188} INFO - [2024-07-17T04:19:39.514+0100] {dagbag.py:545} INFO - Filling up the DagBag from /mnt/c/Users/Victor/Desktop/Final_Semester/data-engineering-final-semester-portfolio/airflow/dags/first_dag.py
[2024-07-17T04:19:39.611+0100] {processor.py:840} INFO - DAG(s) 'dev-astronauts_in_space-v1.0' retrieved from /mnt/c/Users/Victor/Desktop/Final_Semester/data-engineering-final-semester-portfolio/airflow/dags/first_dag.py
[2024-07-17T04:19:39.718+0100] {logging_mixin.py:188} INFO - [2024-07-17T04:19:39.718+0100] {dag.py:3096} INFO - Sync 1 DAGs
[2024-07-17T04:19:39.839+0100] {logging_mixin.py:188} INFO - [2024-07-17T04:19:39.832+0100] {dag.py:3954} INFO - Setting next_dagrun for dev-astronauts_in_space-v1.0 to 2024-07-17 00:00:00+00:00, run_after=2024-07-18 00:00:00+00:00
[2024-07-17T04:19:40.116+0100] {processor.py:183} INFO - Processing /mnt/c/Users/Victor/Desktop/Final_Semester/data-engineering-final-semester-portfolio/airflow/dags/first_dag.py took 0.635 seconds
[2024-07-17T04:20:11.373+0100] {processor.py:161} INFO - Started process (PID=25500) to work on /mnt/c/Users/Victor/Desktop/Final_Semester/data-engineering-final-semester-portfolio/airflow/dags/first_dag.py
[2024-07-17T04:20:11.377+0100] {processor.py:830} INFO - Processing file /mnt/c/Users/Victor/Desktop/Final_Semester/data-engineering-final-semester-portfolio/airflow/dags/first_dag.py for tasks to queue
[2024-07-17T04:20:11.381+0100] {logging_mixin.py:188} INFO - [2024-07-17T04:20:11.379+0100] {dagbag.py:545} INFO - Filling up the DagBag from /mnt/c/Users/Victor/Desktop/Final_Semester/data-engineering-final-semester-portfolio/airflow/dags/first_dag.py
[2024-07-17T04:20:11.490+0100] {processor.py:840} INFO - DAG(s) 'dev-astronauts_in_space-v1.0' retrieved from /mnt/c/Users/Victor/Desktop/Final_Semester/data-engineering-final-semester-portfolio/airflow/dags/first_dag.py
[2024-07-17T04:20:11.608+0100] {logging_mixin.py:188} INFO - [2024-07-17T04:20:11.607+0100] {dag.py:3096} INFO - Sync 1 DAGs
[2024-07-17T04:20:11.732+0100] {logging_mixin.py:188} INFO - [2024-07-17T04:20:11.731+0100] {dag.py:3954} INFO - Setting next_dagrun for dev-astronauts_in_space-v1.0 to 2024-07-17 00:00:00+00:00, run_after=2024-07-18 00:00:00+00:00
[2024-07-17T04:20:12.093+0100] {processor.py:183} INFO - Processing /mnt/c/Users/Victor/Desktop/Final_Semester/data-engineering-final-semester-portfolio/airflow/dags/first_dag.py took 0.753 seconds
[2024-07-17T04:20:43.156+0100] {processor.py:161} INFO - Started process (PID=25648) to work on /mnt/c/Users/Victor/Desktop/Final_Semester/data-engineering-final-semester-portfolio/airflow/dags/first_dag.py
[2024-07-17T04:20:43.164+0100] {processor.py:830} INFO - Processing file /mnt/c/Users/Victor/Desktop/Final_Semester/data-engineering-final-semester-portfolio/airflow/dags/first_dag.py for tasks to queue
[2024-07-17T04:20:43.174+0100] {logging_mixin.py:188} INFO - [2024-07-17T04:20:43.173+0100] {dagbag.py:545} INFO - Filling up the DagBag from /mnt/c/Users/Victor/Desktop/Final_Semester/data-engineering-final-semester-portfolio/airflow/dags/first_dag.py
[2024-07-17T04:20:43.279+0100] {processor.py:840} INFO - DAG(s) 'dev-astronauts_in_space-v1.0' retrieved from /mnt/c/Users/Victor/Desktop/Final_Semester/data-engineering-final-semester-portfolio/airflow/dags/first_dag.py
[2024-07-17T04:20:43.440+0100] {logging_mixin.py:188} INFO - [2024-07-17T04:20:43.425+0100] {dag.py:3096} INFO - Sync 1 DAGs
[2024-07-17T04:20:43.802+0100] {logging_mixin.py:188} INFO - [2024-07-17T04:20:43.801+0100] {dag.py:3954} INFO - Setting next_dagrun for dev-astronauts_in_space-v1.0 to 2024-07-17 00:00:00+00:00, run_after=2024-07-18 00:00:00+00:00
[2024-07-17T04:20:44.258+0100] {processor.py:183} INFO - Processing /mnt/c/Users/Victor/Desktop/Final_Semester/data-engineering-final-semester-portfolio/airflow/dags/first_dag.py took 1.130 seconds
[2024-07-17T04:21:14.893+0100] {processor.py:161} INFO - Started process (PID=25793) to work on /mnt/c/Users/Victor/Desktop/Final_Semester/data-engineering-final-semester-portfolio/airflow/dags/first_dag.py
[2024-07-17T04:21:14.898+0100] {processor.py:830} INFO - Processing file /mnt/c/Users/Victor/Desktop/Final_Semester/data-engineering-final-semester-portfolio/airflow/dags/first_dag.py for tasks to queue
[2024-07-17T04:21:14.903+0100] {logging_mixin.py:188} INFO - [2024-07-17T04:21:14.902+0100] {dagbag.py:545} INFO - Filling up the DagBag from /mnt/c/Users/Victor/Desktop/Final_Semester/data-engineering-final-semester-portfolio/airflow/dags/first_dag.py
[2024-07-17T04:21:15.025+0100] {processor.py:840} INFO - DAG(s) 'dev-astronauts_in_space-v1.0' retrieved from /mnt/c/Users/Victor/Desktop/Final_Semester/data-engineering-final-semester-portfolio/airflow/dags/first_dag.py
[2024-07-17T04:21:15.163+0100] {logging_mixin.py:188} INFO - [2024-07-17T04:21:15.162+0100] {dag.py:3096} INFO - Sync 1 DAGs
[2024-07-17T04:21:15.642+0100] {logging_mixin.py:188} INFO - [2024-07-17T04:21:15.630+0100] {dag.py:3954} INFO - Setting next_dagrun for dev-astronauts_in_space-v1.0 to 2024-07-17 00:00:00+00:00, run_after=2024-07-18 00:00:00+00:00
[2024-07-17T04:21:16.183+0100] {processor.py:183} INFO - Processing /mnt/c/Users/Victor/Desktop/Final_Semester/data-engineering-final-semester-portfolio/airflow/dags/first_dag.py took 1.319 seconds
[2024-07-17T04:21:47.124+0100] {processor.py:161} INFO - Started process (PID=26035) to work on /mnt/c/Users/Victor/Desktop/Final_Semester/data-engineering-final-semester-portfolio/airflow/dags/first_dag.py
[2024-07-17T04:21:47.128+0100] {processor.py:830} INFO - Processing file /mnt/c/Users/Victor/Desktop/Final_Semester/data-engineering-final-semester-portfolio/airflow/dags/first_dag.py for tasks to queue
[2024-07-17T04:21:47.132+0100] {logging_mixin.py:188} INFO - [2024-07-17T04:21:47.130+0100] {dagbag.py:545} INFO - Filling up the DagBag from /mnt/c/Users/Victor/Desktop/Final_Semester/data-engineering-final-semester-portfolio/airflow/dags/first_dag.py
[2024-07-17T04:21:47.240+0100] {processor.py:840} INFO - DAG(s) 'dev-astronauts_in_space-v1.0' retrieved from /mnt/c/Users/Victor/Desktop/Final_Semester/data-engineering-final-semester-portfolio/airflow/dags/first_dag.py
[2024-07-17T04:21:47.361+0100] {logging_mixin.py:188} INFO - [2024-07-17T04:21:47.361+0100] {dag.py:3096} INFO - Sync 1 DAGs
[2024-07-17T04:21:47.470+0100] {logging_mixin.py:188} INFO - [2024-07-17T04:21:47.469+0100] {dag.py:3954} INFO - Setting next_dagrun for dev-astronauts_in_space-v1.0 to 2024-07-17 00:00:00+00:00, run_after=2024-07-18 00:00:00+00:00
[2024-07-17T04:21:47.822+0100] {processor.py:183} INFO - Processing /mnt/c/Users/Victor/Desktop/Final_Semester/data-engineering-final-semester-portfolio/airflow/dags/first_dag.py took 0.723 seconds
[2024-07-17T04:22:18.257+0100] {processor.py:161} INFO - Started process (PID=26337) to work on /mnt/c/Users/Victor/Desktop/Final_Semester/data-engineering-final-semester-portfolio/airflow/dags/first_dag.py
[2024-07-17T04:22:18.261+0100] {processor.py:830} INFO - Processing file /mnt/c/Users/Victor/Desktop/Final_Semester/data-engineering-final-semester-portfolio/airflow/dags/first_dag.py for tasks to queue
[2024-07-17T04:22:18.266+0100] {logging_mixin.py:188} INFO - [2024-07-17T04:22:18.264+0100] {dagbag.py:545} INFO - Filling up the DagBag from /mnt/c/Users/Victor/Desktop/Final_Semester/data-engineering-final-semester-portfolio/airflow/dags/first_dag.py
[2024-07-17T04:22:18.386+0100] {processor.py:840} INFO - DAG(s) 'dev-astronauts_in_space-v1.0' retrieved from /mnt/c/Users/Victor/Desktop/Final_Semester/data-engineering-final-semester-portfolio/airflow/dags/first_dag.py
[2024-07-17T04:22:18.487+0100] {logging_mixin.py:188} INFO - [2024-07-17T04:22:18.486+0100] {dag.py:3096} INFO - Sync 1 DAGs
[2024-07-17T04:22:18.603+0100] {logging_mixin.py:188} INFO - [2024-07-17T04:22:18.600+0100] {dag.py:3954} INFO - Setting next_dagrun for dev-astronauts_in_space-v1.0 to 2024-07-17 00:00:00+00:00, run_after=2024-07-18 00:00:00+00:00
[2024-07-17T04:22:18.919+0100] {processor.py:183} INFO - Processing /mnt/c/Users/Victor/Desktop/Final_Semester/data-engineering-final-semester-portfolio/airflow/dags/first_dag.py took 0.705 seconds
[2024-07-17T04:22:49.875+0100] {processor.py:161} INFO - Started process (PID=26655) to work on /mnt/c/Users/Victor/Desktop/Final_Semester/data-engineering-final-semester-portfolio/airflow/dags/first_dag.py
[2024-07-17T04:22:49.880+0100] {processor.py:830} INFO - Processing file /mnt/c/Users/Victor/Desktop/Final_Semester/data-engineering-final-semester-portfolio/airflow/dags/first_dag.py for tasks to queue
[2024-07-17T04:22:49.885+0100] {logging_mixin.py:188} INFO - [2024-07-17T04:22:49.883+0100] {dagbag.py:545} INFO - Filling up the DagBag from /mnt/c/Users/Victor/Desktop/Final_Semester/data-engineering-final-semester-portfolio/airflow/dags/first_dag.py
[2024-07-17T04:22:50.066+0100] {processor.py:840} INFO - DAG(s) 'dev-astronauts_in_space-v1.0' retrieved from /mnt/c/Users/Victor/Desktop/Final_Semester/data-engineering-final-semester-portfolio/airflow/dags/first_dag.py
[2024-07-17T04:22:50.354+0100] {logging_mixin.py:188} INFO - [2024-07-17T04:22:50.353+0100] {dag.py:3096} INFO - Sync 1 DAGs
[2024-07-17T04:22:50.568+0100] {logging_mixin.py:188} INFO - [2024-07-17T04:22:50.565+0100] {dag.py:3954} INFO - Setting next_dagrun for dev-astronauts_in_space-v1.0 to 2024-07-17 00:00:00+00:00, run_after=2024-07-18 00:00:00+00:00
[2024-07-17T04:22:51.339+0100] {processor.py:183} INFO - Processing /mnt/c/Users/Victor/Desktop/Final_Semester/data-engineering-final-semester-portfolio/airflow/dags/first_dag.py took 1.502 seconds
[2024-07-17T04:23:22.621+0100] {processor.py:161} INFO - Started process (PID=26882) to work on /mnt/c/Users/Victor/Desktop/Final_Semester/data-engineering-final-semester-portfolio/airflow/dags/first_dag.py
[2024-07-17T04:23:22.625+0100] {processor.py:830} INFO - Processing file /mnt/c/Users/Victor/Desktop/Final_Semester/data-engineering-final-semester-portfolio/airflow/dags/first_dag.py for tasks to queue
[2024-07-17T04:23:22.629+0100] {logging_mixin.py:188} INFO - [2024-07-17T04:23:22.627+0100] {dagbag.py:545} INFO - Filling up the DagBag from /mnt/c/Users/Victor/Desktop/Final_Semester/data-engineering-final-semester-portfolio/airflow/dags/first_dag.py
[2024-07-17T04:23:22.716+0100] {processor.py:840} INFO - DAG(s) 'dev-astronauts_in_space-v1.0' retrieved from /mnt/c/Users/Victor/Desktop/Final_Semester/data-engineering-final-semester-portfolio/airflow/dags/first_dag.py
[2024-07-17T04:23:22.840+0100] {logging_mixin.py:188} INFO - [2024-07-17T04:23:22.839+0100] {dag.py:3096} INFO - Sync 1 DAGs
[2024-07-17T04:23:22.957+0100] {logging_mixin.py:188} INFO - [2024-07-17T04:23:22.956+0100] {dag.py:3954} INFO - Setting next_dagrun for dev-astronauts_in_space-v1.0 to 2024-07-17 00:00:00+00:00, run_after=2024-07-18 00:00:00+00:00
[2024-07-17T04:23:23.271+0100] {processor.py:183} INFO - Processing /mnt/c/Users/Victor/Desktop/Final_Semester/data-engineering-final-semester-portfolio/airflow/dags/first_dag.py took 0.677 seconds
[2024-07-17T04:23:54.038+0100] {processor.py:161} INFO - Started process (PID=27142) to work on /mnt/c/Users/Victor/Desktop/Final_Semester/data-engineering-final-semester-portfolio/airflow/dags/first_dag.py
[2024-07-17T04:23:54.043+0100] {processor.py:830} INFO - Processing file /mnt/c/Users/Victor/Desktop/Final_Semester/data-engineering-final-semester-portfolio/airflow/dags/first_dag.py for tasks to queue
[2024-07-17T04:23:54.047+0100] {logging_mixin.py:188} INFO - [2024-07-17T04:23:54.046+0100] {dagbag.py:545} INFO - Filling up the DagBag from /mnt/c/Users/Victor/Desktop/Final_Semester/data-engineering-final-semester-portfolio/airflow/dags/first_dag.py
[2024-07-17T04:23:54.163+0100] {processor.py:840} INFO - DAG(s) 'dev-astronauts_in_space-v1.0' retrieved from /mnt/c/Users/Victor/Desktop/Final_Semester/data-engineering-final-semester-portfolio/airflow/dags/first_dag.py
[2024-07-17T04:23:54.322+0100] {logging_mixin.py:188} INFO - [2024-07-17T04:23:54.318+0100] {dag.py:3096} INFO - Sync 1 DAGs
[2024-07-17T04:23:54.543+0100] {logging_mixin.py:188} INFO - [2024-07-17T04:23:54.542+0100] {dag.py:3954} INFO - Setting next_dagrun for dev-astronauts_in_space-v1.0 to 2024-07-17 00:00:00+00:00, run_after=2024-07-18 00:00:00+00:00
[2024-07-17T04:23:54.850+0100] {processor.py:183} INFO - Processing /mnt/c/Users/Victor/Desktop/Final_Semester/data-engineering-final-semester-portfolio/airflow/dags/first_dag.py took 0.850 seconds
[2024-07-17T04:24:26.239+0100] {processor.py:161} INFO - Started process (PID=27323) to work on /mnt/c/Users/Victor/Desktop/Final_Semester/data-engineering-final-semester-portfolio/airflow/dags/first_dag.py
[2024-07-17T04:24:26.246+0100] {processor.py:830} INFO - Processing file /mnt/c/Users/Victor/Desktop/Final_Semester/data-engineering-final-semester-portfolio/airflow/dags/first_dag.py for tasks to queue
[2024-07-17T04:24:26.254+0100] {logging_mixin.py:188} INFO - [2024-07-17T04:24:26.252+0100] {dagbag.py:545} INFO - Filling up the DagBag from /mnt/c/Users/Victor/Desktop/Final_Semester/data-engineering-final-semester-portfolio/airflow/dags/first_dag.py
[2024-07-17T04:24:26.480+0100] {processor.py:840} INFO - DAG(s) 'dev-astronauts_in_space-v1.0' retrieved from /mnt/c/Users/Victor/Desktop/Final_Semester/data-engineering-final-semester-portfolio/airflow/dags/first_dag.py
[2024-07-17T04:24:26.700+0100] {logging_mixin.py:188} INFO - [2024-07-17T04:24:26.699+0100] {dag.py:3096} INFO - Sync 1 DAGs
[2024-07-17T04:24:26.866+0100] {logging_mixin.py:188} INFO - [2024-07-17T04:24:26.864+0100] {dag.py:3954} INFO - Setting next_dagrun for dev-astronauts_in_space-v1.0 to 2024-07-17 00:00:00+00:00, run_after=2024-07-18 00:00:00+00:00
[2024-07-17T04:24:27.582+0100] {processor.py:183} INFO - Processing /mnt/c/Users/Victor/Desktop/Final_Semester/data-engineering-final-semester-portfolio/airflow/dags/first_dag.py took 1.400 seconds
[2024-07-17T04:25:14.532+0100] {processor.py:161} INFO - Started process (PID=27978) to work on /mnt/c/Users/Victor/Desktop/Final_Semester/data-engineering-final-semester-portfolio/airflow/dags/first_dag.py
[2024-07-17T04:25:14.538+0100] {processor.py:830} INFO - Processing file /mnt/c/Users/Victor/Desktop/Final_Semester/data-engineering-final-semester-portfolio/airflow/dags/first_dag.py for tasks to queue
[2024-07-17T04:25:14.552+0100] {logging_mixin.py:188} INFO - [2024-07-17T04:25:14.549+0100] {dagbag.py:545} INFO - Filling up the DagBag from /mnt/c/Users/Victor/Desktop/Final_Semester/data-engineering-final-semester-portfolio/airflow/dags/first_dag.py
[2024-07-17T04:25:14.883+0100] {processor.py:840} INFO - DAG(s) 'dev-astronauts_in_space-v1.0' retrieved from /mnt/c/Users/Victor/Desktop/Final_Semester/data-engineering-final-semester-portfolio/airflow/dags/first_dag.py
[2024-07-17T04:25:15.210+0100] {logging_mixin.py:188} INFO - [2024-07-17T04:25:15.209+0100] {dag.py:3096} INFO - Sync 1 DAGs
[2024-07-17T04:25:15.683+0100] {processor.py:183} INFO - Processing /mnt/c/Users/Victor/Desktop/Final_Semester/data-engineering-final-semester-portfolio/airflow/dags/first_dag.py took 1.180 seconds
[2024-07-17T04:25:55.451+0100] {processor.py:161} INFO - Started process (PID=28475) to work on /mnt/c/Users/Victor/Desktop/Final_Semester/data-engineering-final-semester-portfolio/airflow/dags/first_dag.py
[2024-07-17T04:25:55.462+0100] {processor.py:830} INFO - Processing file /mnt/c/Users/Victor/Desktop/Final_Semester/data-engineering-final-semester-portfolio/airflow/dags/first_dag.py for tasks to queue
[2024-07-17T04:25:55.467+0100] {logging_mixin.py:188} INFO - [2024-07-17T04:25:55.465+0100] {dagbag.py:545} INFO - Filling up the DagBag from /mnt/c/Users/Victor/Desktop/Final_Semester/data-engineering-final-semester-portfolio/airflow/dags/first_dag.py
[2024-07-17T04:25:55.703+0100] {processor.py:840} INFO - DAG(s) 'dev-astronauts_in_space-v1.0' retrieved from /mnt/c/Users/Victor/Desktop/Final_Semester/data-engineering-final-semester-portfolio/airflow/dags/first_dag.py
[2024-07-17T04:25:55.998+0100] {logging_mixin.py:188} INFO - [2024-07-17T04:25:55.997+0100] {dag.py:3096} INFO - Sync 1 DAGs
[2024-07-17T04:25:56.687+0100] {processor.py:183} INFO - Processing /mnt/c/Users/Victor/Desktop/Final_Semester/data-engineering-final-semester-portfolio/airflow/dags/first_dag.py took 1.281 seconds
[2024-07-17T04:26:54.135+0100] {processor.py:161} INFO - Started process (PID=29284) to work on /mnt/c/Users/Victor/Desktop/Final_Semester/data-engineering-final-semester-portfolio/airflow/dags/first_dag.py
[2024-07-17T04:26:54.140+0100] {processor.py:830} INFO - Processing file /mnt/c/Users/Victor/Desktop/Final_Semester/data-engineering-final-semester-portfolio/airflow/dags/first_dag.py for tasks to queue
[2024-07-17T04:26:54.146+0100] {logging_mixin.py:188} INFO - [2024-07-17T04:26:54.144+0100] {dagbag.py:545} INFO - Filling up the DagBag from /mnt/c/Users/Victor/Desktop/Final_Semester/data-engineering-final-semester-portfolio/airflow/dags/first_dag.py
[2024-07-17T04:26:54.285+0100] {processor.py:840} INFO - DAG(s) 'dev-astronauts_in_space-v1.0' retrieved from /mnt/c/Users/Victor/Desktop/Final_Semester/data-engineering-final-semester-portfolio/airflow/dags/first_dag.py
[2024-07-17T04:26:54.421+0100] {logging_mixin.py:188} INFO - [2024-07-17T04:26:54.420+0100] {dag.py:3096} INFO - Sync 1 DAGs
[2024-07-17T04:26:55.223+0100] {processor.py:183} INFO - Processing /mnt/c/Users/Victor/Desktop/Final_Semester/data-engineering-final-semester-portfolio/airflow/dags/first_dag.py took 1.120 seconds
[2024-07-17T04:27:25.758+0100] {processor.py:161} INFO - Started process (PID=29518) to work on /mnt/c/Users/Victor/Desktop/Final_Semester/data-engineering-final-semester-portfolio/airflow/dags/first_dag.py
[2024-07-17T04:27:25.767+0100] {processor.py:830} INFO - Processing file /mnt/c/Users/Victor/Desktop/Final_Semester/data-engineering-final-semester-portfolio/airflow/dags/first_dag.py for tasks to queue
[2024-07-17T04:27:25.773+0100] {logging_mixin.py:188} INFO - [2024-07-17T04:27:25.771+0100] {dagbag.py:545} INFO - Filling up the DagBag from /mnt/c/Users/Victor/Desktop/Final_Semester/data-engineering-final-semester-portfolio/airflow/dags/first_dag.py
[2024-07-17T04:27:25.981+0100] {processor.py:840} INFO - DAG(s) 'dev-astronauts_in_space-v1.0' retrieved from /mnt/c/Users/Victor/Desktop/Final_Semester/data-engineering-final-semester-portfolio/airflow/dags/first_dag.py
[2024-07-17T04:27:26.168+0100] {logging_mixin.py:188} INFO - [2024-07-17T04:27:26.167+0100] {dag.py:3096} INFO - Sync 1 DAGs
[2024-07-17T04:27:26.327+0100] {logging_mixin.py:188} INFO - [2024-07-17T04:27:26.323+0100] {dag.py:3954} INFO - Setting next_dagrun for dev-astronauts_in_space-v1.0 to 2024-07-17 00:00:00+00:00, run_after=2024-07-18 00:00:00+00:00
[2024-07-17T04:27:26.756+0100] {processor.py:183} INFO - Processing /mnt/c/Users/Victor/Desktop/Final_Semester/data-engineering-final-semester-portfolio/airflow/dags/first_dag.py took 1.038 seconds
[2024-07-17T04:27:57.597+0100] {processor.py:161} INFO - Started process (PID=29665) to work on /mnt/c/Users/Victor/Desktop/Final_Semester/data-engineering-final-semester-portfolio/airflow/dags/first_dag.py
[2024-07-17T04:27:57.601+0100] {processor.py:830} INFO - Processing file /mnt/c/Users/Victor/Desktop/Final_Semester/data-engineering-final-semester-portfolio/airflow/dags/first_dag.py for tasks to queue
[2024-07-17T04:27:57.605+0100] {logging_mixin.py:188} INFO - [2024-07-17T04:27:57.604+0100] {dagbag.py:545} INFO - Filling up the DagBag from /mnt/c/Users/Victor/Desktop/Final_Semester/data-engineering-final-semester-portfolio/airflow/dags/first_dag.py
[2024-07-17T04:27:57.708+0100] {processor.py:840} INFO - DAG(s) 'dev-astronauts_in_space-v1.0' retrieved from /mnt/c/Users/Victor/Desktop/Final_Semester/data-engineering-final-semester-portfolio/airflow/dags/first_dag.py
[2024-07-17T04:27:57.863+0100] {logging_mixin.py:188} INFO - [2024-07-17T04:27:57.862+0100] {dag.py:3096} INFO - Sync 1 DAGs
[2024-07-17T04:27:57.989+0100] {logging_mixin.py:188} INFO - [2024-07-17T04:27:57.988+0100] {dag.py:3954} INFO - Setting next_dagrun for dev-astronauts_in_space-v1.0 to 2024-07-17 00:00:00+00:00, run_after=2024-07-18 00:00:00+00:00
[2024-07-17T04:27:58.306+0100] {processor.py:183} INFO - Processing /mnt/c/Users/Victor/Desktop/Final_Semester/data-engineering-final-semester-portfolio/airflow/dags/first_dag.py took 0.744 seconds
[2024-07-17T04:28:28.579+0100] {processor.py:161} INFO - Started process (PID=29812) to work on /mnt/c/Users/Victor/Desktop/Final_Semester/data-engineering-final-semester-portfolio/airflow/dags/first_dag.py
[2024-07-17T04:28:28.585+0100] {processor.py:830} INFO - Processing file /mnt/c/Users/Victor/Desktop/Final_Semester/data-engineering-final-semester-portfolio/airflow/dags/first_dag.py for tasks to queue
[2024-07-17T04:28:28.591+0100] {logging_mixin.py:188} INFO - [2024-07-17T04:28:28.589+0100] {dagbag.py:545} INFO - Filling up the DagBag from /mnt/c/Users/Victor/Desktop/Final_Semester/data-engineering-final-semester-portfolio/airflow/dags/first_dag.py
[2024-07-17T04:28:28.730+0100] {processor.py:840} INFO - DAG(s) 'dev-astronauts_in_space-v1.0' retrieved from /mnt/c/Users/Victor/Desktop/Final_Semester/data-engineering-final-semester-portfolio/airflow/dags/first_dag.py
[2024-07-17T04:28:28.877+0100] {logging_mixin.py:188} INFO - [2024-07-17T04:28:28.876+0100] {dag.py:3096} INFO - Sync 1 DAGs
[2024-07-17T04:28:29.052+0100] {logging_mixin.py:188} INFO - [2024-07-17T04:28:29.051+0100] {dag.py:3954} INFO - Setting next_dagrun for dev-astronauts_in_space-v1.0 to 2024-07-17 00:00:00+00:00, run_after=2024-07-18 00:00:00+00:00
[2024-07-17T04:28:29.387+0100] {processor.py:183} INFO - Processing /mnt/c/Users/Victor/Desktop/Final_Semester/data-engineering-final-semester-portfolio/airflow/dags/first_dag.py took 0.835 seconds
[2024-07-17T04:29:01.311+0100] {processor.py:161} INFO - Started process (PID=29983) to work on /mnt/c/Users/Victor/Desktop/Final_Semester/data-engineering-final-semester-portfolio/airflow/dags/first_dag.py
[2024-07-17T04:29:01.376+0100] {processor.py:830} INFO - Processing file /mnt/c/Users/Victor/Desktop/Final_Semester/data-engineering-final-semester-portfolio/airflow/dags/first_dag.py for tasks to queue
[2024-07-17T04:29:01.395+0100] {logging_mixin.py:188} INFO - [2024-07-17T04:29:01.393+0100] {dagbag.py:545} INFO - Filling up the DagBag from /mnt/c/Users/Victor/Desktop/Final_Semester/data-engineering-final-semester-portfolio/airflow/dags/first_dag.py
[2024-07-17T04:29:01.833+0100] {processor.py:840} INFO - DAG(s) 'dev-astronauts_in_space-v1.0' retrieved from /mnt/c/Users/Victor/Desktop/Final_Semester/data-engineering-final-semester-portfolio/airflow/dags/first_dag.py
[2024-07-17T04:29:01.988+0100] {logging_mixin.py:188} INFO - [2024-07-17T04:29:01.986+0100] {dag.py:3096} INFO - Sync 1 DAGs
[2024-07-17T04:29:02.127+0100] {logging_mixin.py:188} INFO - [2024-07-17T04:29:02.126+0100] {dag.py:3954} INFO - Setting next_dagrun for dev-astronauts_in_space-v1.0 to 2024-07-17 00:00:00+00:00, run_after=2024-07-18 00:00:00+00:00
[2024-07-17T04:29:02.585+0100] {processor.py:183} INFO - Processing /mnt/c/Users/Victor/Desktop/Final_Semester/data-engineering-final-semester-portfolio/airflow/dags/first_dag.py took 1.382 seconds
[2024-07-17T04:29:33.389+0100] {processor.py:161} INFO - Started process (PID=30229) to work on /mnt/c/Users/Victor/Desktop/Final_Semester/data-engineering-final-semester-portfolio/airflow/dags/first_dag.py
[2024-07-17T04:29:33.393+0100] {processor.py:830} INFO - Processing file /mnt/c/Users/Victor/Desktop/Final_Semester/data-engineering-final-semester-portfolio/airflow/dags/first_dag.py for tasks to queue
[2024-07-17T04:29:33.399+0100] {logging_mixin.py:188} INFO - [2024-07-17T04:29:33.397+0100] {dagbag.py:545} INFO - Filling up the DagBag from /mnt/c/Users/Victor/Desktop/Final_Semester/data-engineering-final-semester-portfolio/airflow/dags/first_dag.py
[2024-07-17T04:29:33.511+0100] {processor.py:840} INFO - DAG(s) 'dev-astronauts_in_space-v1.0' retrieved from /mnt/c/Users/Victor/Desktop/Final_Semester/data-engineering-final-semester-portfolio/airflow/dags/first_dag.py
[2024-07-17T04:29:33.635+0100] {logging_mixin.py:188} INFO - [2024-07-17T04:29:33.634+0100] {dag.py:3096} INFO - Sync 1 DAGs
[2024-07-17T04:29:33.762+0100] {logging_mixin.py:188} INFO - [2024-07-17T04:29:33.761+0100] {dag.py:3954} INFO - Setting next_dagrun for dev-astronauts_in_space-v1.0 to 2024-07-17 00:00:00+00:00, run_after=2024-07-18 00:00:00+00:00
[2024-07-17T04:29:34.283+0100] {processor.py:183} INFO - Processing /mnt/c/Users/Victor/Desktop/Final_Semester/data-engineering-final-semester-portfolio/airflow/dags/first_dag.py took 0.919 seconds
[2024-07-17T04:30:05.200+0100] {processor.py:161} INFO - Started process (PID=30499) to work on /mnt/c/Users/Victor/Desktop/Final_Semester/data-engineering-final-semester-portfolio/airflow/dags/first_dag.py
[2024-07-17T04:30:05.234+0100] {processor.py:830} INFO - Processing file /mnt/c/Users/Victor/Desktop/Final_Semester/data-engineering-final-semester-portfolio/airflow/dags/first_dag.py for tasks to queue
[2024-07-17T04:30:05.250+0100] {logging_mixin.py:188} INFO - [2024-07-17T04:30:05.247+0100] {dagbag.py:545} INFO - Filling up the DagBag from /mnt/c/Users/Victor/Desktop/Final_Semester/data-engineering-final-semester-portfolio/airflow/dags/first_dag.py
[2024-07-17T04:30:05.526+0100] {processor.py:840} INFO - DAG(s) 'dev-astronauts_in_space-v1.0' retrieved from /mnt/c/Users/Victor/Desktop/Final_Semester/data-engineering-final-semester-portfolio/airflow/dags/first_dag.py
[2024-07-17T04:30:05.654+0100] {logging_mixin.py:188} INFO - [2024-07-17T04:30:05.654+0100] {dag.py:3096} INFO - Sync 1 DAGs
[2024-07-17T04:30:05.838+0100] {logging_mixin.py:188} INFO - [2024-07-17T04:30:05.836+0100] {dag.py:3954} INFO - Setting next_dagrun for dev-astronauts_in_space-v1.0 to 2024-07-17 00:00:00+00:00, run_after=2024-07-18 00:00:00+00:00
[2024-07-17T04:30:06.813+0100] {processor.py:183} INFO - Processing /mnt/c/Users/Victor/Desktop/Final_Semester/data-engineering-final-semester-portfolio/airflow/dags/first_dag.py took 1.705 seconds
[2024-07-17T04:31:42.703+0100] {processor.py:161} INFO - Started process (PID=31524) to work on /mnt/c/Users/Victor/Desktop/Final_Semester/data-engineering-final-semester-portfolio/airflow/dags/first_dag.py
[2024-07-17T04:31:42.710+0100] {processor.py:830} INFO - Processing file /mnt/c/Users/Victor/Desktop/Final_Semester/data-engineering-final-semester-portfolio/airflow/dags/first_dag.py for tasks to queue
[2024-07-17T04:31:42.716+0100] {logging_mixin.py:188} INFO - [2024-07-17T04:31:42.715+0100] {dagbag.py:545} INFO - Filling up the DagBag from /mnt/c/Users/Victor/Desktop/Final_Semester/data-engineering-final-semester-portfolio/airflow/dags/first_dag.py
[2024-07-17T04:31:42.844+0100] {processor.py:840} INFO - DAG(s) 'dev-astronauts_in_space-v1.0' retrieved from /mnt/c/Users/Victor/Desktop/Final_Semester/data-engineering-final-semester-portfolio/airflow/dags/first_dag.py
[2024-07-17T04:31:42.994+0100] {logging_mixin.py:188} INFO - [2024-07-17T04:31:42.993+0100] {dag.py:3096} INFO - Sync 1 DAGs
[2024-07-17T04:31:43.445+0100] {processor.py:183} INFO - Processing /mnt/c/Users/Victor/Desktop/Final_Semester/data-engineering-final-semester-portfolio/airflow/dags/first_dag.py took 0.809 seconds
[2024-07-17T04:32:14.628+0100] {processor.py:161} INFO - Started process (PID=31927) to work on /mnt/c/Users/Victor/Desktop/Final_Semester/data-engineering-final-semester-portfolio/airflow/dags/first_dag.py
[2024-07-17T04:32:14.632+0100] {processor.py:830} INFO - Processing file /mnt/c/Users/Victor/Desktop/Final_Semester/data-engineering-final-semester-portfolio/airflow/dags/first_dag.py for tasks to queue
[2024-07-17T04:32:14.637+0100] {logging_mixin.py:188} INFO - [2024-07-17T04:32:14.635+0100] {dagbag.py:545} INFO - Filling up the DagBag from /mnt/c/Users/Victor/Desktop/Final_Semester/data-engineering-final-semester-portfolio/airflow/dags/first_dag.py
[2024-07-17T04:32:14.712+0100] {processor.py:840} INFO - DAG(s) 'dev-astronauts_in_space-v1.0' retrieved from /mnt/c/Users/Victor/Desktop/Final_Semester/data-engineering-final-semester-portfolio/airflow/dags/first_dag.py
[2024-07-17T04:32:14.849+0100] {logging_mixin.py:188} INFO - [2024-07-17T04:32:14.848+0100] {dag.py:3096} INFO - Sync 1 DAGs
[2024-07-17T04:32:15.194+0100] {processor.py:183} INFO - Processing /mnt/c/Users/Victor/Desktop/Final_Semester/data-engineering-final-semester-portfolio/airflow/dags/first_dag.py took 0.593 seconds
[2024-07-17T04:33:17.924+0100] {processor.py:161} INFO - Started process (PID=32787) to work on /mnt/c/Users/Victor/Desktop/Final_Semester/data-engineering-final-semester-portfolio/airflow/dags/first_dag.py
[2024-07-17T04:33:17.928+0100] {processor.py:830} INFO - Processing file /mnt/c/Users/Victor/Desktop/Final_Semester/data-engineering-final-semester-portfolio/airflow/dags/first_dag.py for tasks to queue
[2024-07-17T04:33:17.935+0100] {logging_mixin.py:188} INFO - [2024-07-17T04:33:17.934+0100] {dagbag.py:545} INFO - Filling up the DagBag from /mnt/c/Users/Victor/Desktop/Final_Semester/data-engineering-final-semester-portfolio/airflow/dags/first_dag.py
[2024-07-17T04:33:18.032+0100] {processor.py:840} INFO - DAG(s) 'dev-astronauts_in_space-v1.0' retrieved from /mnt/c/Users/Victor/Desktop/Final_Semester/data-engineering-final-semester-portfolio/airflow/dags/first_dag.py
[2024-07-17T04:33:18.181+0100] {logging_mixin.py:188} INFO - [2024-07-17T04:33:18.180+0100] {dag.py:3096} INFO - Sync 1 DAGs
[2024-07-17T04:33:18.623+0100] {processor.py:183} INFO - Processing /mnt/c/Users/Victor/Desktop/Final_Semester/data-engineering-final-semester-portfolio/airflow/dags/first_dag.py took 0.727 seconds
[2024-07-17T04:33:50.240+0100] {processor.py:161} INFO - Started process (PID=33163) to work on /mnt/c/Users/Victor/Desktop/Final_Semester/data-engineering-final-semester-portfolio/airflow/dags/first_dag.py
[2024-07-17T04:33:50.245+0100] {processor.py:830} INFO - Processing file /mnt/c/Users/Victor/Desktop/Final_Semester/data-engineering-final-semester-portfolio/airflow/dags/first_dag.py for tasks to queue
[2024-07-17T04:33:50.251+0100] {logging_mixin.py:188} INFO - [2024-07-17T04:33:50.249+0100] {dagbag.py:545} INFO - Filling up the DagBag from /mnt/c/Users/Victor/Desktop/Final_Semester/data-engineering-final-semester-portfolio/airflow/dags/first_dag.py
[2024-07-17T04:33:50.364+0100] {processor.py:840} INFO - DAG(s) 'dev-astronauts_in_space-v1.0' retrieved from /mnt/c/Users/Victor/Desktop/Final_Semester/data-engineering-final-semester-portfolio/airflow/dags/first_dag.py
[2024-07-17T04:33:50.487+0100] {logging_mixin.py:188} INFO - [2024-07-17T04:33:50.486+0100] {dag.py:3096} INFO - Sync 1 DAGs
[2024-07-17T04:33:50.890+0100] {processor.py:183} INFO - Processing /mnt/c/Users/Victor/Desktop/Final_Semester/data-engineering-final-semester-portfolio/airflow/dags/first_dag.py took 0.686 seconds
[2024-07-17T04:34:21.941+0100] {processor.py:161} INFO - Started process (PID=33495) to work on /mnt/c/Users/Victor/Desktop/Final_Semester/data-engineering-final-semester-portfolio/airflow/dags/first_dag.py
[2024-07-17T04:34:21.945+0100] {processor.py:830} INFO - Processing file /mnt/c/Users/Victor/Desktop/Final_Semester/data-engineering-final-semester-portfolio/airflow/dags/first_dag.py for tasks to queue
[2024-07-17T04:34:21.950+0100] {logging_mixin.py:188} INFO - [2024-07-17T04:34:21.948+0100] {dagbag.py:545} INFO - Filling up the DagBag from /mnt/c/Users/Victor/Desktop/Final_Semester/data-engineering-final-semester-portfolio/airflow/dags/first_dag.py
[2024-07-17T04:34:22.030+0100] {processor.py:840} INFO - DAG(s) 'dev-astronauts_in_space-v1.0' retrieved from /mnt/c/Users/Victor/Desktop/Final_Semester/data-engineering-final-semester-portfolio/airflow/dags/first_dag.py
[2024-07-17T04:34:22.142+0100] {logging_mixin.py:188} INFO - [2024-07-17T04:34:22.141+0100] {dag.py:3096} INFO - Sync 1 DAGs
[2024-07-17T04:34:22.620+0100] {processor.py:183} INFO - Processing /mnt/c/Users/Victor/Desktop/Final_Semester/data-engineering-final-semester-portfolio/airflow/dags/first_dag.py took 0.709 seconds
[2024-07-17T04:34:53.840+0100] {processor.py:161} INFO - Started process (PID=33701) to work on /mnt/c/Users/Victor/Desktop/Final_Semester/data-engineering-final-semester-portfolio/airflow/dags/first_dag.py
[2024-07-17T04:34:53.846+0100] {processor.py:830} INFO - Processing file /mnt/c/Users/Victor/Desktop/Final_Semester/data-engineering-final-semester-portfolio/airflow/dags/first_dag.py for tasks to queue
[2024-07-17T04:34:53.852+0100] {logging_mixin.py:188} INFO - [2024-07-17T04:34:53.850+0100] {dagbag.py:545} INFO - Filling up the DagBag from /mnt/c/Users/Victor/Desktop/Final_Semester/data-engineering-final-semester-portfolio/airflow/dags/first_dag.py
[2024-07-17T04:34:53.938+0100] {processor.py:840} INFO - DAG(s) 'dev-astronauts_in_space-v1.0' retrieved from /mnt/c/Users/Victor/Desktop/Final_Semester/data-engineering-final-semester-portfolio/airflow/dags/first_dag.py
[2024-07-17T04:34:54.057+0100] {logging_mixin.py:188} INFO - [2024-07-17T04:34:54.056+0100] {dag.py:3096} INFO - Sync 1 DAGs
[2024-07-17T04:34:54.453+0100] {processor.py:183} INFO - Processing /mnt/c/Users/Victor/Desktop/Final_Semester/data-engineering-final-semester-portfolio/airflow/dags/first_dag.py took 0.646 seconds
[2024-07-17T04:35:25.495+0100] {processor.py:161} INFO - Started process (PID=33850) to work on /mnt/c/Users/Victor/Desktop/Final_Semester/data-engineering-final-semester-portfolio/airflow/dags/first_dag.py
[2024-07-17T04:35:25.500+0100] {processor.py:830} INFO - Processing file /mnt/c/Users/Victor/Desktop/Final_Semester/data-engineering-final-semester-portfolio/airflow/dags/first_dag.py for tasks to queue
[2024-07-17T04:35:25.507+0100] {logging_mixin.py:188} INFO - [2024-07-17T04:35:25.504+0100] {dagbag.py:545} INFO - Filling up the DagBag from /mnt/c/Users/Victor/Desktop/Final_Semester/data-engineering-final-semester-portfolio/airflow/dags/first_dag.py
[2024-07-17T04:35:25.652+0100] {processor.py:840} INFO - DAG(s) 'dev-astronauts_in_space-v1.0' retrieved from /mnt/c/Users/Victor/Desktop/Final_Semester/data-engineering-final-semester-portfolio/airflow/dags/first_dag.py
[2024-07-17T04:35:25.804+0100] {logging_mixin.py:188} INFO - [2024-07-17T04:35:25.802+0100] {dag.py:3096} INFO - Sync 1 DAGs
[2024-07-17T04:35:26.320+0100] {processor.py:183} INFO - Processing /mnt/c/Users/Victor/Desktop/Final_Semester/data-engineering-final-semester-portfolio/airflow/dags/first_dag.py took 0.864 seconds
[2024-07-17T04:35:56.880+0100] {processor.py:161} INFO - Started process (PID=33996) to work on /mnt/c/Users/Victor/Desktop/Final_Semester/data-engineering-final-semester-portfolio/airflow/dags/first_dag.py
[2024-07-17T04:35:56.885+0100] {processor.py:830} INFO - Processing file /mnt/c/Users/Victor/Desktop/Final_Semester/data-engineering-final-semester-portfolio/airflow/dags/first_dag.py for tasks to queue
[2024-07-17T04:35:56.892+0100] {logging_mixin.py:188} INFO - [2024-07-17T04:35:56.890+0100] {dagbag.py:545} INFO - Filling up the DagBag from /mnt/c/Users/Victor/Desktop/Final_Semester/data-engineering-final-semester-portfolio/airflow/dags/first_dag.py
[2024-07-17T04:35:56.991+0100] {processor.py:840} INFO - DAG(s) 'dev-astronauts_in_space-v1.0' retrieved from /mnt/c/Users/Victor/Desktop/Final_Semester/data-engineering-final-semester-portfolio/airflow/dags/first_dag.py
[2024-07-17T04:35:57.226+0100] {logging_mixin.py:188} INFO - [2024-07-17T04:35:57.224+0100] {dag.py:3096} INFO - Sync 1 DAGs
[2024-07-17T04:35:57.979+0100] {processor.py:183} INFO - Processing /mnt/c/Users/Victor/Desktop/Final_Semester/data-engineering-final-semester-portfolio/airflow/dags/first_dag.py took 1.142 seconds
[2024-07-17T04:36:28.936+0100] {processor.py:161} INFO - Started process (PID=34145) to work on /mnt/c/Users/Victor/Desktop/Final_Semester/data-engineering-final-semester-portfolio/airflow/dags/first_dag.py
[2024-07-17T04:36:28.942+0100] {processor.py:830} INFO - Processing file /mnt/c/Users/Victor/Desktop/Final_Semester/data-engineering-final-semester-portfolio/airflow/dags/first_dag.py for tasks to queue
[2024-07-17T04:36:28.950+0100] {logging_mixin.py:188} INFO - [2024-07-17T04:36:28.948+0100] {dagbag.py:545} INFO - Filling up the DagBag from /mnt/c/Users/Victor/Desktop/Final_Semester/data-engineering-final-semester-portfolio/airflow/dags/first_dag.py
[2024-07-17T04:36:29.088+0100] {processor.py:840} INFO - DAG(s) 'dev-astronauts_in_space-v1.0' retrieved from /mnt/c/Users/Victor/Desktop/Final_Semester/data-engineering-final-semester-portfolio/airflow/dags/first_dag.py
[2024-07-17T04:36:29.297+0100] {logging_mixin.py:188} INFO - [2024-07-17T04:36:29.291+0100] {dag.py:3096} INFO - Sync 1 DAGs
[2024-07-17T04:36:29.787+0100] {processor.py:183} INFO - Processing /mnt/c/Users/Victor/Desktop/Final_Semester/data-engineering-final-semester-portfolio/airflow/dags/first_dag.py took 0.890 seconds
[2024-07-17T04:36:59.959+0100] {processor.py:161} INFO - Started process (PID=34296) to work on /mnt/c/Users/Victor/Desktop/Final_Semester/data-engineering-final-semester-portfolio/airflow/dags/first_dag.py
[2024-07-17T04:36:59.963+0100] {processor.py:830} INFO - Processing file /mnt/c/Users/Victor/Desktop/Final_Semester/data-engineering-final-semester-portfolio/airflow/dags/first_dag.py for tasks to queue
[2024-07-17T04:36:59.967+0100] {logging_mixin.py:188} INFO - [2024-07-17T04:36:59.966+0100] {dagbag.py:545} INFO - Filling up the DagBag from /mnt/c/Users/Victor/Desktop/Final_Semester/data-engineering-final-semester-portfolio/airflow/dags/first_dag.py
[2024-07-17T04:37:00.078+0100] {processor.py:840} INFO - DAG(s) 'dev-astronauts_in_space-v1.0' retrieved from /mnt/c/Users/Victor/Desktop/Final_Semester/data-engineering-final-semester-portfolio/airflow/dags/first_dag.py
[2024-07-17T04:37:00.224+0100] {logging_mixin.py:188} INFO - [2024-07-17T04:37:00.223+0100] {dag.py:3096} INFO - Sync 1 DAGs
[2024-07-17T04:37:00.667+0100] {processor.py:183} INFO - Processing /mnt/c/Users/Victor/Desktop/Final_Semester/data-engineering-final-semester-portfolio/airflow/dags/first_dag.py took 0.735 seconds
[2024-07-17T04:37:32.165+0100] {processor.py:161} INFO - Started process (PID=34444) to work on /mnt/c/Users/Victor/Desktop/Final_Semester/data-engineering-final-semester-portfolio/airflow/dags/first_dag.py
[2024-07-17T04:37:32.169+0100] {processor.py:830} INFO - Processing file /mnt/c/Users/Victor/Desktop/Final_Semester/data-engineering-final-semester-portfolio/airflow/dags/first_dag.py for tasks to queue
[2024-07-17T04:37:32.174+0100] {logging_mixin.py:188} INFO - [2024-07-17T04:37:32.172+0100] {dagbag.py:545} INFO - Filling up the DagBag from /mnt/c/Users/Victor/Desktop/Final_Semester/data-engineering-final-semester-portfolio/airflow/dags/first_dag.py
[2024-07-17T04:37:32.244+0100] {processor.py:840} INFO - DAG(s) 'dev-astronauts_in_space-v1.0' retrieved from /mnt/c/Users/Victor/Desktop/Final_Semester/data-engineering-final-semester-portfolio/airflow/dags/first_dag.py
[2024-07-17T04:37:32.357+0100] {logging_mixin.py:188} INFO - [2024-07-17T04:37:32.356+0100] {dag.py:3096} INFO - Sync 1 DAGs
[2024-07-17T04:37:32.687+0100] {processor.py:183} INFO - Processing /mnt/c/Users/Victor/Desktop/Final_Semester/data-engineering-final-semester-portfolio/airflow/dags/first_dag.py took 0.548 seconds
[2024-07-17T04:38:03.279+0100] {processor.py:161} INFO - Started process (PID=34581) to work on /mnt/c/Users/Victor/Desktop/Final_Semester/data-engineering-final-semester-portfolio/airflow/dags/first_dag.py
[2024-07-17T04:38:03.283+0100] {processor.py:830} INFO - Processing file /mnt/c/Users/Victor/Desktop/Final_Semester/data-engineering-final-semester-portfolio/airflow/dags/first_dag.py for tasks to queue
[2024-07-17T04:38:03.288+0100] {logging_mixin.py:188} INFO - [2024-07-17T04:38:03.286+0100] {dagbag.py:545} INFO - Filling up the DagBag from /mnt/c/Users/Victor/Desktop/Final_Semester/data-engineering-final-semester-portfolio/airflow/dags/first_dag.py
[2024-07-17T04:38:03.358+0100] {processor.py:840} INFO - DAG(s) 'dev-astronauts_in_space-v1.0' retrieved from /mnt/c/Users/Victor/Desktop/Final_Semester/data-engineering-final-semester-portfolio/airflow/dags/first_dag.py
[2024-07-17T04:38:03.466+0100] {logging_mixin.py:188} INFO - [2024-07-17T04:38:03.465+0100] {dag.py:3096} INFO - Sync 1 DAGs
[2024-07-17T04:38:03.806+0100] {processor.py:183} INFO - Processing /mnt/c/Users/Victor/Desktop/Final_Semester/data-engineering-final-semester-portfolio/airflow/dags/first_dag.py took 0.555 seconds
[2024-07-17T04:38:34.114+0100] {processor.py:161} INFO - Started process (PID=34724) to work on /mnt/c/Users/Victor/Desktop/Final_Semester/data-engineering-final-semester-portfolio/airflow/dags/first_dag.py
[2024-07-17T04:38:34.118+0100] {processor.py:830} INFO - Processing file /mnt/c/Users/Victor/Desktop/Final_Semester/data-engineering-final-semester-portfolio/airflow/dags/first_dag.py for tasks to queue
[2024-07-17T04:38:34.123+0100] {logging_mixin.py:188} INFO - [2024-07-17T04:38:34.121+0100] {dagbag.py:545} INFO - Filling up the DagBag from /mnt/c/Users/Victor/Desktop/Final_Semester/data-engineering-final-semester-portfolio/airflow/dags/first_dag.py
[2024-07-17T04:38:34.190+0100] {processor.py:840} INFO - DAG(s) 'dev-astronauts_in_space-v1.0' retrieved from /mnt/c/Users/Victor/Desktop/Final_Semester/data-engineering-final-semester-portfolio/airflow/dags/first_dag.py
[2024-07-17T04:38:34.293+0100] {logging_mixin.py:188} INFO - [2024-07-17T04:38:34.292+0100] {dag.py:3096} INFO - Sync 1 DAGs
[2024-07-17T04:38:34.668+0100] {processor.py:183} INFO - Processing /mnt/c/Users/Victor/Desktop/Final_Semester/data-engineering-final-semester-portfolio/airflow/dags/first_dag.py took 0.580 seconds
[2024-07-17T04:39:05.442+0100] {processor.py:161} INFO - Started process (PID=34897) to work on /mnt/c/Users/Victor/Desktop/Final_Semester/data-engineering-final-semester-portfolio/airflow/dags/first_dag.py
[2024-07-17T04:39:05.449+0100] {processor.py:830} INFO - Processing file /mnt/c/Users/Victor/Desktop/Final_Semester/data-engineering-final-semester-portfolio/airflow/dags/first_dag.py for tasks to queue
[2024-07-17T04:39:05.454+0100] {logging_mixin.py:188} INFO - [2024-07-17T04:39:05.452+0100] {dagbag.py:545} INFO - Filling up the DagBag from /mnt/c/Users/Victor/Desktop/Final_Semester/data-engineering-final-semester-portfolio/airflow/dags/first_dag.py
[2024-07-17T04:39:05.589+0100] {processor.py:840} INFO - DAG(s) 'dev-astronauts_in_space-v1.0' retrieved from /mnt/c/Users/Victor/Desktop/Final_Semester/data-engineering-final-semester-portfolio/airflow/dags/first_dag.py
[2024-07-17T04:39:05.731+0100] {logging_mixin.py:188} INFO - [2024-07-17T04:39:05.730+0100] {dag.py:3096} INFO - Sync 1 DAGs
[2024-07-17T04:39:06.276+0100] {processor.py:183} INFO - Processing /mnt/c/Users/Victor/Desktop/Final_Semester/data-engineering-final-semester-portfolio/airflow/dags/first_dag.py took 0.878 seconds
[2024-07-17T04:39:36.539+0100] {processor.py:161} INFO - Started process (PID=35044) to work on /mnt/c/Users/Victor/Desktop/Final_Semester/data-engineering-final-semester-portfolio/airflow/dags/first_dag.py
[2024-07-17T04:39:36.544+0100] {processor.py:830} INFO - Processing file /mnt/c/Users/Victor/Desktop/Final_Semester/data-engineering-final-semester-portfolio/airflow/dags/first_dag.py for tasks to queue
[2024-07-17T04:39:36.550+0100] {logging_mixin.py:188} INFO - [2024-07-17T04:39:36.548+0100] {dagbag.py:545} INFO - Filling up the DagBag from /mnt/c/Users/Victor/Desktop/Final_Semester/data-engineering-final-semester-portfolio/airflow/dags/first_dag.py
[2024-07-17T04:39:36.658+0100] {processor.py:840} INFO - DAG(s) 'dev-astronauts_in_space-v1.0' retrieved from /mnt/c/Users/Victor/Desktop/Final_Semester/data-engineering-final-semester-portfolio/airflow/dags/first_dag.py
[2024-07-17T04:39:36.811+0100] {logging_mixin.py:188} INFO - [2024-07-17T04:39:36.810+0100] {dag.py:3096} INFO - Sync 1 DAGs
[2024-07-17T04:39:39.901+0100] {processor.py:183} INFO - Processing /mnt/c/Users/Victor/Desktop/Final_Semester/data-engineering-final-semester-portfolio/airflow/dags/first_dag.py took 3.396 seconds
[2024-07-17T04:40:10.843+0100] {processor.py:161} INFO - Started process (PID=35200) to work on /mnt/c/Users/Victor/Desktop/Final_Semester/data-engineering-final-semester-portfolio/airflow/dags/first_dag.py
[2024-07-17T04:40:10.862+0100] {processor.py:830} INFO - Processing file /mnt/c/Users/Victor/Desktop/Final_Semester/data-engineering-final-semester-portfolio/airflow/dags/first_dag.py for tasks to queue
[2024-07-17T04:40:10.874+0100] {logging_mixin.py:188} INFO - [2024-07-17T04:40:10.872+0100] {dagbag.py:545} INFO - Filling up the DagBag from /mnt/c/Users/Victor/Desktop/Final_Semester/data-engineering-final-semester-portfolio/airflow/dags/first_dag.py
[2024-07-17T04:40:11.040+0100] {processor.py:840} INFO - DAG(s) 'dev-astronauts_in_space-v1.0' retrieved from /mnt/c/Users/Victor/Desktop/Final_Semester/data-engineering-final-semester-portfolio/airflow/dags/first_dag.py
[2024-07-17T04:40:11.192+0100] {logging_mixin.py:188} INFO - [2024-07-17T04:40:11.191+0100] {dag.py:3096} INFO - Sync 1 DAGs
[2024-07-17T04:40:11.926+0100] {processor.py:183} INFO - Processing /mnt/c/Users/Victor/Desktop/Final_Semester/data-engineering-final-semester-portfolio/airflow/dags/first_dag.py took 1.168 seconds
[2024-07-17T04:40:43.512+0100] {processor.py:161} INFO - Started process (PID=35382) to work on /mnt/c/Users/Victor/Desktop/Final_Semester/data-engineering-final-semester-portfolio/airflow/dags/first_dag.py
[2024-07-17T04:40:43.517+0100] {processor.py:830} INFO - Processing file /mnt/c/Users/Victor/Desktop/Final_Semester/data-engineering-final-semester-portfolio/airflow/dags/first_dag.py for tasks to queue
[2024-07-17T04:40:43.537+0100] {logging_mixin.py:188} INFO - [2024-07-17T04:40:43.535+0100] {dagbag.py:545} INFO - Filling up the DagBag from /mnt/c/Users/Victor/Desktop/Final_Semester/data-engineering-final-semester-portfolio/airflow/dags/first_dag.py
[2024-07-17T04:40:43.681+0100] {processor.py:840} INFO - DAG(s) 'dev-astronauts_in_space-v1.0' retrieved from /mnt/c/Users/Victor/Desktop/Final_Semester/data-engineering-final-semester-portfolio/airflow/dags/first_dag.py
[2024-07-17T04:40:43.879+0100] {logging_mixin.py:188} INFO - [2024-07-17T04:40:43.878+0100] {dag.py:3096} INFO - Sync 1 DAGs
[2024-07-17T04:40:44.652+0100] {processor.py:183} INFO - Processing /mnt/c/Users/Victor/Desktop/Final_Semester/data-engineering-final-semester-portfolio/airflow/dags/first_dag.py took 1.192 seconds
[2024-07-17T04:41:15.537+0100] {processor.py:161} INFO - Started process (PID=35531) to work on /mnt/c/Users/Victor/Desktop/Final_Semester/data-engineering-final-semester-portfolio/airflow/dags/first_dag.py
[2024-07-17T04:41:15.542+0100] {processor.py:830} INFO - Processing file /mnt/c/Users/Victor/Desktop/Final_Semester/data-engineering-final-semester-portfolio/airflow/dags/first_dag.py for tasks to queue
[2024-07-17T04:41:15.551+0100] {logging_mixin.py:188} INFO - [2024-07-17T04:41:15.547+0100] {dagbag.py:545} INFO - Filling up the DagBag from /mnt/c/Users/Victor/Desktop/Final_Semester/data-engineering-final-semester-portfolio/airflow/dags/first_dag.py
[2024-07-17T04:41:15.672+0100] {processor.py:840} INFO - DAG(s) 'dev-astronauts_in_space-v1.0' retrieved from /mnt/c/Users/Victor/Desktop/Final_Semester/data-engineering-final-semester-portfolio/airflow/dags/first_dag.py
[2024-07-17T04:41:15.895+0100] {logging_mixin.py:188} INFO - [2024-07-17T04:41:15.894+0100] {dag.py:3096} INFO - Sync 1 DAGs
[2024-07-17T04:41:17.454+0100] {processor.py:183} INFO - Processing /mnt/c/Users/Victor/Desktop/Final_Semester/data-engineering-final-semester-portfolio/airflow/dags/first_dag.py took 1.956 seconds
[2024-07-17T04:41:47.782+0100] {processor.py:161} INFO - Started process (PID=35675) to work on /mnt/c/Users/Victor/Desktop/Final_Semester/data-engineering-final-semester-portfolio/airflow/dags/first_dag.py
[2024-07-17T04:41:47.787+0100] {processor.py:830} INFO - Processing file /mnt/c/Users/Victor/Desktop/Final_Semester/data-engineering-final-semester-portfolio/airflow/dags/first_dag.py for tasks to queue
[2024-07-17T04:41:47.792+0100] {logging_mixin.py:188} INFO - [2024-07-17T04:41:47.790+0100] {dagbag.py:545} INFO - Filling up the DagBag from /mnt/c/Users/Victor/Desktop/Final_Semester/data-engineering-final-semester-portfolio/airflow/dags/first_dag.py
[2024-07-17T04:41:47.894+0100] {processor.py:840} INFO - DAG(s) 'dev-astronauts_in_space-v1.0' retrieved from /mnt/c/Users/Victor/Desktop/Final_Semester/data-engineering-final-semester-portfolio/airflow/dags/first_dag.py
[2024-07-17T04:41:48.048+0100] {logging_mixin.py:188} INFO - [2024-07-17T04:41:48.046+0100] {dag.py:3096} INFO - Sync 1 DAGs
[2024-07-17T04:41:48.694+0100] {processor.py:183} INFO - Processing /mnt/c/Users/Victor/Desktop/Final_Semester/data-engineering-final-semester-portfolio/airflow/dags/first_dag.py took 0.945 seconds
[2024-07-17T04:42:19.900+0100] {processor.py:161} INFO - Started process (PID=35824) to work on /mnt/c/Users/Victor/Desktop/Final_Semester/data-engineering-final-semester-portfolio/airflow/dags/first_dag.py
[2024-07-17T04:42:19.905+0100] {processor.py:830} INFO - Processing file /mnt/c/Users/Victor/Desktop/Final_Semester/data-engineering-final-semester-portfolio/airflow/dags/first_dag.py for tasks to queue
[2024-07-17T04:42:19.910+0100] {logging_mixin.py:188} INFO - [2024-07-17T04:42:19.908+0100] {dagbag.py:545} INFO - Filling up the DagBag from /mnt/c/Users/Victor/Desktop/Final_Semester/data-engineering-final-semester-portfolio/airflow/dags/first_dag.py
[2024-07-17T04:42:19.979+0100] {processor.py:840} INFO - DAG(s) 'dev-astronauts_in_space-v1.0' retrieved from /mnt/c/Users/Victor/Desktop/Final_Semester/data-engineering-final-semester-portfolio/airflow/dags/first_dag.py
[2024-07-17T04:42:20.094+0100] {logging_mixin.py:188} INFO - [2024-07-17T04:42:20.094+0100] {dag.py:3096} INFO - Sync 1 DAGs
[2024-07-17T04:42:20.520+0100] {processor.py:183} INFO - Processing /mnt/c/Users/Victor/Desktop/Final_Semester/data-engineering-final-semester-portfolio/airflow/dags/first_dag.py took 0.653 seconds
[2024-07-17T04:42:51.099+0100] {processor.py:161} INFO - Started process (PID=35969) to work on /mnt/c/Users/Victor/Desktop/Final_Semester/data-engineering-final-semester-portfolio/airflow/dags/first_dag.py
[2024-07-17T04:42:51.104+0100] {processor.py:830} INFO - Processing file /mnt/c/Users/Victor/Desktop/Final_Semester/data-engineering-final-semester-portfolio/airflow/dags/first_dag.py for tasks to queue
[2024-07-17T04:42:51.108+0100] {logging_mixin.py:188} INFO - [2024-07-17T04:42:51.107+0100] {dagbag.py:545} INFO - Filling up the DagBag from /mnt/c/Users/Victor/Desktop/Final_Semester/data-engineering-final-semester-portfolio/airflow/dags/first_dag.py
[2024-07-17T04:42:51.190+0100] {processor.py:840} INFO - DAG(s) 'dev-astronauts_in_space-v1.0' retrieved from /mnt/c/Users/Victor/Desktop/Final_Semester/data-engineering-final-semester-portfolio/airflow/dags/first_dag.py
[2024-07-17T04:42:51.345+0100] {logging_mixin.py:188} INFO - [2024-07-17T04:42:51.344+0100] {dag.py:3096} INFO - Sync 1 DAGs
[2024-07-17T04:42:51.716+0100] {processor.py:183} INFO - Processing /mnt/c/Users/Victor/Desktop/Final_Semester/data-engineering-final-semester-portfolio/airflow/dags/first_dag.py took 0.656 seconds
[2024-07-17T04:43:23.270+0100] {processor.py:161} INFO - Started process (PID=36118) to work on /mnt/c/Users/Victor/Desktop/Final_Semester/data-engineering-final-semester-portfolio/airflow/dags/first_dag.py
[2024-07-17T04:43:23.277+0100] {processor.py:830} INFO - Processing file /mnt/c/Users/Victor/Desktop/Final_Semester/data-engineering-final-semester-portfolio/airflow/dags/first_dag.py for tasks to queue
[2024-07-17T04:43:23.291+0100] {logging_mixin.py:188} INFO - [2024-07-17T04:43:23.289+0100] {dagbag.py:545} INFO - Filling up the DagBag from /mnt/c/Users/Victor/Desktop/Final_Semester/data-engineering-final-semester-portfolio/airflow/dags/first_dag.py
[2024-07-17T04:43:23.427+0100] {processor.py:840} INFO - DAG(s) 'dev-astronauts_in_space-v1.0' retrieved from /mnt/c/Users/Victor/Desktop/Final_Semester/data-engineering-final-semester-portfolio/airflow/dags/first_dag.py
[2024-07-17T04:43:23.580+0100] {logging_mixin.py:188} INFO - [2024-07-17T04:43:23.579+0100] {dag.py:3096} INFO - Sync 1 DAGs
[2024-07-17T04:43:24.309+0100] {processor.py:183} INFO - Processing /mnt/c/Users/Victor/Desktop/Final_Semester/data-engineering-final-semester-portfolio/airflow/dags/first_dag.py took 1.087 seconds
[2024-07-17T04:43:54.967+0100] {processor.py:161} INFO - Started process (PID=36293) to work on /mnt/c/Users/Victor/Desktop/Final_Semester/data-engineering-final-semester-portfolio/airflow/dags/first_dag.py
[2024-07-17T04:43:54.974+0100] {processor.py:830} INFO - Processing file /mnt/c/Users/Victor/Desktop/Final_Semester/data-engineering-final-semester-portfolio/airflow/dags/first_dag.py for tasks to queue
[2024-07-17T04:43:54.980+0100] {logging_mixin.py:188} INFO - [2024-07-17T04:43:54.979+0100] {dagbag.py:545} INFO - Filling up the DagBag from /mnt/c/Users/Victor/Desktop/Final_Semester/data-engineering-final-semester-portfolio/airflow/dags/first_dag.py
[2024-07-17T04:43:55.060+0100] {processor.py:840} INFO - DAG(s) 'dev-astronauts_in_space-v1.0' retrieved from /mnt/c/Users/Victor/Desktop/Final_Semester/data-engineering-final-semester-portfolio/airflow/dags/first_dag.py
[2024-07-17T04:43:55.204+0100] {logging_mixin.py:188} INFO - [2024-07-17T04:43:55.203+0100] {dag.py:3096} INFO - Sync 1 DAGs
[2024-07-17T04:43:55.800+0100] {processor.py:183} INFO - Processing /mnt/c/Users/Victor/Desktop/Final_Semester/data-engineering-final-semester-portfolio/airflow/dags/first_dag.py took 0.866 seconds
[2024-07-17T04:44:26.727+0100] {processor.py:161} INFO - Started process (PID=36442) to work on /mnt/c/Users/Victor/Desktop/Final_Semester/data-engineering-final-semester-portfolio/airflow/dags/first_dag.py
[2024-07-17T04:44:26.731+0100] {processor.py:830} INFO - Processing file /mnt/c/Users/Victor/Desktop/Final_Semester/data-engineering-final-semester-portfolio/airflow/dags/first_dag.py for tasks to queue
[2024-07-17T04:44:26.735+0100] {logging_mixin.py:188} INFO - [2024-07-17T04:44:26.734+0100] {dagbag.py:545} INFO - Filling up the DagBag from /mnt/c/Users/Victor/Desktop/Final_Semester/data-engineering-final-semester-portfolio/airflow/dags/first_dag.py
[2024-07-17T04:44:26.811+0100] {processor.py:840} INFO - DAG(s) 'dev-astronauts_in_space-v1.0' retrieved from /mnt/c/Users/Victor/Desktop/Final_Semester/data-engineering-final-semester-portfolio/airflow/dags/first_dag.py
[2024-07-17T04:44:26.928+0100] {logging_mixin.py:188} INFO - [2024-07-17T04:44:26.928+0100] {dag.py:3096} INFO - Sync 1 DAGs
[2024-07-17T04:44:27.343+0100] {processor.py:183} INFO - Processing /mnt/c/Users/Victor/Desktop/Final_Semester/data-engineering-final-semester-portfolio/airflow/dags/first_dag.py took 0.648 seconds
[2024-07-17T04:44:57.841+0100] {processor.py:161} INFO - Started process (PID=36588) to work on /mnt/c/Users/Victor/Desktop/Final_Semester/data-engineering-final-semester-portfolio/airflow/dags/first_dag.py
[2024-07-17T04:44:57.846+0100] {processor.py:830} INFO - Processing file /mnt/c/Users/Victor/Desktop/Final_Semester/data-engineering-final-semester-portfolio/airflow/dags/first_dag.py for tasks to queue
[2024-07-17T04:44:57.850+0100] {logging_mixin.py:188} INFO - [2024-07-17T04:44:57.848+0100] {dagbag.py:545} INFO - Filling up the DagBag from /mnt/c/Users/Victor/Desktop/Final_Semester/data-engineering-final-semester-portfolio/airflow/dags/first_dag.py
[2024-07-17T04:44:57.922+0100] {processor.py:840} INFO - DAG(s) 'dev-astronauts_in_space-v1.0' retrieved from /mnt/c/Users/Victor/Desktop/Final_Semester/data-engineering-final-semester-portfolio/airflow/dags/first_dag.py
[2024-07-17T04:44:58.038+0100] {logging_mixin.py:188} INFO - [2024-07-17T04:44:58.037+0100] {dag.py:3096} INFO - Sync 1 DAGs
[2024-07-17T04:44:58.452+0100] {processor.py:183} INFO - Processing /mnt/c/Users/Victor/Desktop/Final_Semester/data-engineering-final-semester-portfolio/airflow/dags/first_dag.py took 0.639 seconds
[2024-07-17T04:45:29.256+0100] {processor.py:161} INFO - Started process (PID=36735) to work on /mnt/c/Users/Victor/Desktop/Final_Semester/data-engineering-final-semester-portfolio/airflow/dags/first_dag.py
[2024-07-17T04:45:29.262+0100] {processor.py:830} INFO - Processing file /mnt/c/Users/Victor/Desktop/Final_Semester/data-engineering-final-semester-portfolio/airflow/dags/first_dag.py for tasks to queue
[2024-07-17T04:45:29.268+0100] {logging_mixin.py:188} INFO - [2024-07-17T04:45:29.266+0100] {dagbag.py:545} INFO - Filling up the DagBag from /mnt/c/Users/Victor/Desktop/Final_Semester/data-engineering-final-semester-portfolio/airflow/dags/first_dag.py
[2024-07-17T04:45:29.349+0100] {processor.py:840} INFO - DAG(s) 'dev-astronauts_in_space-v1.0' retrieved from /mnt/c/Users/Victor/Desktop/Final_Semester/data-engineering-final-semester-portfolio/airflow/dags/first_dag.py
[2024-07-17T04:45:29.485+0100] {logging_mixin.py:188} INFO - [2024-07-17T04:45:29.484+0100] {dag.py:3096} INFO - Sync 1 DAGs
[2024-07-17T04:45:29.910+0100] {processor.py:183} INFO - Processing /mnt/c/Users/Victor/Desktop/Final_Semester/data-engineering-final-semester-portfolio/airflow/dags/first_dag.py took 0.692 seconds
[2024-07-17T04:46:01.799+0100] {processor.py:161} INFO - Started process (PID=36878) to work on /mnt/c/Users/Victor/Desktop/Final_Semester/data-engineering-final-semester-portfolio/airflow/dags/first_dag.py
[2024-07-17T04:46:01.814+0100] {processor.py:830} INFO - Processing file /mnt/c/Users/Victor/Desktop/Final_Semester/data-engineering-final-semester-portfolio/airflow/dags/first_dag.py for tasks to queue
[2024-07-17T04:46:01.837+0100] {logging_mixin.py:188} INFO - [2024-07-17T04:46:01.833+0100] {dagbag.py:545} INFO - Filling up the DagBag from /mnt/c/Users/Victor/Desktop/Final_Semester/data-engineering-final-semester-portfolio/airflow/dags/first_dag.py
[2024-07-17T04:46:01.922+0100] {processor.py:840} INFO - DAG(s) 'dev-astronauts_in_space-v1.0' retrieved from /mnt/c/Users/Victor/Desktop/Final_Semester/data-engineering-final-semester-portfolio/airflow/dags/first_dag.py
[2024-07-17T04:46:02.058+0100] {logging_mixin.py:188} INFO - [2024-07-17T04:46:02.057+0100] {dag.py:3096} INFO - Sync 1 DAGs
[2024-07-17T04:46:03.303+0100] {processor.py:183} INFO - Processing /mnt/c/Users/Victor/Desktop/Final_Semester/data-engineering-final-semester-portfolio/airflow/dags/first_dag.py took 1.580 seconds
[2024-07-17T04:46:34.115+0100] {processor.py:161} INFO - Started process (PID=37031) to work on /mnt/c/Users/Victor/Desktop/Final_Semester/data-engineering-final-semester-portfolio/airflow/dags/first_dag.py
[2024-07-17T04:46:34.133+0100] {processor.py:830} INFO - Processing file /mnt/c/Users/Victor/Desktop/Final_Semester/data-engineering-final-semester-portfolio/airflow/dags/first_dag.py for tasks to queue
[2024-07-17T04:46:34.150+0100] {logging_mixin.py:188} INFO - [2024-07-17T04:46:34.148+0100] {dagbag.py:545} INFO - Filling up the DagBag from /mnt/c/Users/Victor/Desktop/Final_Semester/data-engineering-final-semester-portfolio/airflow/dags/first_dag.py
[2024-07-17T04:46:34.306+0100] {processor.py:840} INFO - DAG(s) 'dev-astronauts_in_space-v1.0' retrieved from /mnt/c/Users/Victor/Desktop/Final_Semester/data-engineering-final-semester-portfolio/airflow/dags/first_dag.py
[2024-07-17T04:46:34.447+0100] {logging_mixin.py:188} INFO - [2024-07-17T04:46:34.446+0100] {dag.py:3096} INFO - Sync 1 DAGs
[2024-07-17T04:46:34.851+0100] {processor.py:183} INFO - Processing /mnt/c/Users/Victor/Desktop/Final_Semester/data-engineering-final-semester-portfolio/airflow/dags/first_dag.py took 0.839 seconds
[2024-07-17T04:47:05.986+0100] {processor.py:161} INFO - Started process (PID=37179) to work on /mnt/c/Users/Victor/Desktop/Final_Semester/data-engineering-final-semester-portfolio/airflow/dags/first_dag.py
[2024-07-17T04:47:05.998+0100] {processor.py:830} INFO - Processing file /mnt/c/Users/Victor/Desktop/Final_Semester/data-engineering-final-semester-portfolio/airflow/dags/first_dag.py for tasks to queue
[2024-07-17T04:47:06.004+0100] {logging_mixin.py:188} INFO - [2024-07-17T04:47:06.002+0100] {dagbag.py:545} INFO - Filling up the DagBag from /mnt/c/Users/Victor/Desktop/Final_Semester/data-engineering-final-semester-portfolio/airflow/dags/first_dag.py
[2024-07-17T04:47:06.145+0100] {processor.py:840} INFO - DAG(s) 'dev-astronauts_in_space-v1.0' retrieved from /mnt/c/Users/Victor/Desktop/Final_Semester/data-engineering-final-semester-portfolio/airflow/dags/first_dag.py
[2024-07-17T04:47:06.284+0100] {logging_mixin.py:188} INFO - [2024-07-17T04:47:06.283+0100] {dag.py:3096} INFO - Sync 1 DAGs
[2024-07-17T04:47:06.950+0100] {processor.py:183} INFO - Processing /mnt/c/Users/Victor/Desktop/Final_Semester/data-engineering-final-semester-portfolio/airflow/dags/first_dag.py took 1.011 seconds
[2024-07-17T04:47:37.522+0100] {processor.py:161} INFO - Started process (PID=37327) to work on /mnt/c/Users/Victor/Desktop/Final_Semester/data-engineering-final-semester-portfolio/airflow/dags/first_dag.py
[2024-07-17T04:47:37.527+0100] {processor.py:830} INFO - Processing file /mnt/c/Users/Victor/Desktop/Final_Semester/data-engineering-final-semester-portfolio/airflow/dags/first_dag.py for tasks to queue
[2024-07-17T04:47:37.532+0100] {logging_mixin.py:188} INFO - [2024-07-17T04:47:37.531+0100] {dagbag.py:545} INFO - Filling up the DagBag from /mnt/c/Users/Victor/Desktop/Final_Semester/data-engineering-final-semester-portfolio/airflow/dags/first_dag.py
[2024-07-17T04:47:37.622+0100] {processor.py:840} INFO - DAG(s) 'dev-astronauts_in_space-v1.0' retrieved from /mnt/c/Users/Victor/Desktop/Final_Semester/data-engineering-final-semester-portfolio/airflow/dags/first_dag.py
[2024-07-17T04:47:37.753+0100] {logging_mixin.py:188} INFO - [2024-07-17T04:47:37.752+0100] {dag.py:3096} INFO - Sync 1 DAGs
[2024-07-17T04:47:38.205+0100] {processor.py:183} INFO - Processing /mnt/c/Users/Victor/Desktop/Final_Semester/data-engineering-final-semester-portfolio/airflow/dags/first_dag.py took 0.713 seconds
[2024-07-17T04:48:09.156+0100] {processor.py:161} INFO - Started process (PID=37476) to work on /mnt/c/Users/Victor/Desktop/Final_Semester/data-engineering-final-semester-portfolio/airflow/dags/first_dag.py
[2024-07-17T04:48:09.161+0100] {processor.py:830} INFO - Processing file /mnt/c/Users/Victor/Desktop/Final_Semester/data-engineering-final-semester-portfolio/airflow/dags/first_dag.py for tasks to queue
[2024-07-17T04:48:09.167+0100] {logging_mixin.py:188} INFO - [2024-07-17T04:48:09.166+0100] {dagbag.py:545} INFO - Filling up the DagBag from /mnt/c/Users/Victor/Desktop/Final_Semester/data-engineering-final-semester-portfolio/airflow/dags/first_dag.py
[2024-07-17T04:48:09.241+0100] {processor.py:840} INFO - DAG(s) 'dev-astronauts_in_space-v1.0' retrieved from /mnt/c/Users/Victor/Desktop/Final_Semester/data-engineering-final-semester-portfolio/airflow/dags/first_dag.py
[2024-07-17T04:48:09.363+0100] {logging_mixin.py:188} INFO - [2024-07-17T04:48:09.362+0100] {dag.py:3096} INFO - Sync 1 DAGs
[2024-07-17T04:48:09.861+0100] {processor.py:183} INFO - Processing /mnt/c/Users/Victor/Desktop/Final_Semester/data-engineering-final-semester-portfolio/airflow/dags/first_dag.py took 0.734 seconds
[2024-07-17T04:48:42.171+0100] {processor.py:161} INFO - Started process (PID=37633) to work on /mnt/c/Users/Victor/Desktop/Final_Semester/data-engineering-final-semester-portfolio/airflow/dags/first_dag.py
[2024-07-17T04:48:42.176+0100] {processor.py:830} INFO - Processing file /mnt/c/Users/Victor/Desktop/Final_Semester/data-engineering-final-semester-portfolio/airflow/dags/first_dag.py for tasks to queue
[2024-07-17T04:48:42.182+0100] {logging_mixin.py:188} INFO - [2024-07-17T04:48:42.180+0100] {dagbag.py:545} INFO - Filling up the DagBag from /mnt/c/Users/Victor/Desktop/Final_Semester/data-engineering-final-semester-portfolio/airflow/dags/first_dag.py
[2024-07-17T04:48:42.292+0100] {processor.py:840} INFO - DAG(s) 'dev-astronauts_in_space-v1.0' retrieved from /mnt/c/Users/Victor/Desktop/Final_Semester/data-engineering-final-semester-portfolio/airflow/dags/first_dag.py
[2024-07-17T04:48:42.451+0100] {logging_mixin.py:188} INFO - [2024-07-17T04:48:42.450+0100] {dag.py:3096} INFO - Sync 1 DAGs
[2024-07-17T04:48:43.622+0100] {processor.py:183} INFO - Processing /mnt/c/Users/Victor/Desktop/Final_Semester/data-engineering-final-semester-portfolio/airflow/dags/first_dag.py took 1.492 seconds
[2024-07-17T04:49:14.030+0100] {processor.py:161} INFO - Started process (PID=37838) to work on /mnt/c/Users/Victor/Desktop/Final_Semester/data-engineering-final-semester-portfolio/airflow/dags/first_dag.py
[2024-07-17T04:49:14.035+0100] {processor.py:830} INFO - Processing file /mnt/c/Users/Victor/Desktop/Final_Semester/data-engineering-final-semester-portfolio/airflow/dags/first_dag.py for tasks to queue
[2024-07-17T04:49:14.041+0100] {logging_mixin.py:188} INFO - [2024-07-17T04:49:14.040+0100] {dagbag.py:545} INFO - Filling up the DagBag from /mnt/c/Users/Victor/Desktop/Final_Semester/data-engineering-final-semester-portfolio/airflow/dags/first_dag.py
[2024-07-17T04:49:14.121+0100] {processor.py:840} INFO - DAG(s) 'dev-astronauts_in_space-v1.0' retrieved from /mnt/c/Users/Victor/Desktop/Final_Semester/data-engineering-final-semester-portfolio/airflow/dags/first_dag.py
[2024-07-17T04:49:14.243+0100] {logging_mixin.py:188} INFO - [2024-07-17T04:49:14.242+0100] {dag.py:3096} INFO - Sync 1 DAGs
[2024-07-17T04:49:14.836+0100] {processor.py:183} INFO - Processing /mnt/c/Users/Victor/Desktop/Final_Semester/data-engineering-final-semester-portfolio/airflow/dags/first_dag.py took 0.848 seconds
[2024-07-17T04:49:45.308+0100] {processor.py:161} INFO - Started process (PID=37990) to work on /mnt/c/Users/Victor/Desktop/Final_Semester/data-engineering-final-semester-portfolio/airflow/dags/first_dag.py
[2024-07-17T04:49:45.312+0100] {processor.py:830} INFO - Processing file /mnt/c/Users/Victor/Desktop/Final_Semester/data-engineering-final-semester-portfolio/airflow/dags/first_dag.py for tasks to queue
[2024-07-17T04:49:45.321+0100] {logging_mixin.py:188} INFO - [2024-07-17T04:49:45.319+0100] {dagbag.py:545} INFO - Filling up the DagBag from /mnt/c/Users/Victor/Desktop/Final_Semester/data-engineering-final-semester-portfolio/airflow/dags/first_dag.py
[2024-07-17T04:49:45.415+0100] {processor.py:840} INFO - DAG(s) 'dev-astronauts_in_space-v1.0' retrieved from /mnt/c/Users/Victor/Desktop/Final_Semester/data-engineering-final-semester-portfolio/airflow/dags/first_dag.py
[2024-07-17T04:49:45.551+0100] {logging_mixin.py:188} INFO - [2024-07-17T04:49:45.550+0100] {dag.py:3096} INFO - Sync 1 DAGs
[2024-07-17T04:49:46.086+0100] {processor.py:183} INFO - Processing /mnt/c/Users/Victor/Desktop/Final_Semester/data-engineering-final-semester-portfolio/airflow/dags/first_dag.py took 0.812 seconds
[2024-07-17T04:50:16.842+0100] {processor.py:161} INFO - Started process (PID=38138) to work on /mnt/c/Users/Victor/Desktop/Final_Semester/data-engineering-final-semester-portfolio/airflow/dags/first_dag.py
[2024-07-17T04:50:16.847+0100] {processor.py:830} INFO - Processing file /mnt/c/Users/Victor/Desktop/Final_Semester/data-engineering-final-semester-portfolio/airflow/dags/first_dag.py for tasks to queue
[2024-07-17T04:50:16.855+0100] {logging_mixin.py:188} INFO - [2024-07-17T04:50:16.852+0100] {dagbag.py:545} INFO - Filling up the DagBag from /mnt/c/Users/Victor/Desktop/Final_Semester/data-engineering-final-semester-portfolio/airflow/dags/first_dag.py
[2024-07-17T04:50:16.934+0100] {processor.py:840} INFO - DAG(s) 'dev-astronauts_in_space-v1.0' retrieved from /mnt/c/Users/Victor/Desktop/Final_Semester/data-engineering-final-semester-portfolio/airflow/dags/first_dag.py
[2024-07-17T04:50:17.072+0100] {logging_mixin.py:188} INFO - [2024-07-17T04:50:17.071+0100] {dag.py:3096} INFO - Sync 1 DAGs
[2024-07-17T04:50:17.625+0100] {processor.py:183} INFO - Processing /mnt/c/Users/Victor/Desktop/Final_Semester/data-engineering-final-semester-portfolio/airflow/dags/first_dag.py took 0.815 seconds
[2024-07-17T04:50:48.852+0100] {processor.py:161} INFO - Started process (PID=38289) to work on /mnt/c/Users/Victor/Desktop/Final_Semester/data-engineering-final-semester-portfolio/airflow/dags/first_dag.py
[2024-07-17T04:50:48.856+0100] {processor.py:830} INFO - Processing file /mnt/c/Users/Victor/Desktop/Final_Semester/data-engineering-final-semester-portfolio/airflow/dags/first_dag.py for tasks to queue
[2024-07-17T04:50:48.861+0100] {logging_mixin.py:188} INFO - [2024-07-17T04:50:48.859+0100] {dagbag.py:545} INFO - Filling up the DagBag from /mnt/c/Users/Victor/Desktop/Final_Semester/data-engineering-final-semester-portfolio/airflow/dags/first_dag.py
[2024-07-17T04:50:48.945+0100] {processor.py:840} INFO - DAG(s) 'dev-astronauts_in_space-v1.0' retrieved from /mnt/c/Users/Victor/Desktop/Final_Semester/data-engineering-final-semester-portfolio/airflow/dags/first_dag.py
[2024-07-17T04:50:49.080+0100] {logging_mixin.py:188} INFO - [2024-07-17T04:50:49.080+0100] {dag.py:3096} INFO - Sync 1 DAGs
[2024-07-17T04:50:49.555+0100] {processor.py:183} INFO - Processing /mnt/c/Users/Victor/Desktop/Final_Semester/data-engineering-final-semester-portfolio/airflow/dags/first_dag.py took 0.733 seconds
[2024-07-17T04:51:20.196+0100] {processor.py:161} INFO - Started process (PID=38434) to work on /mnt/c/Users/Victor/Desktop/Final_Semester/data-engineering-final-semester-portfolio/airflow/dags/first_dag.py
[2024-07-17T04:51:20.206+0100] {processor.py:830} INFO - Processing file /mnt/c/Users/Victor/Desktop/Final_Semester/data-engineering-final-semester-portfolio/airflow/dags/first_dag.py for tasks to queue
[2024-07-17T04:51:20.212+0100] {logging_mixin.py:188} INFO - [2024-07-17T04:51:20.210+0100] {dagbag.py:545} INFO - Filling up the DagBag from /mnt/c/Users/Victor/Desktop/Final_Semester/data-engineering-final-semester-portfolio/airflow/dags/first_dag.py
[2024-07-17T04:51:20.292+0100] {processor.py:840} INFO - DAG(s) 'dev-astronauts_in_space-v1.0' retrieved from /mnt/c/Users/Victor/Desktop/Final_Semester/data-engineering-final-semester-portfolio/airflow/dags/first_dag.py
[2024-07-17T04:51:20.419+0100] {logging_mixin.py:188} INFO - [2024-07-17T04:51:20.418+0100] {dag.py:3096} INFO - Sync 1 DAGs
[2024-07-17T04:51:20.971+0100] {processor.py:183} INFO - Processing /mnt/c/Users/Victor/Desktop/Final_Semester/data-engineering-final-semester-portfolio/airflow/dags/first_dag.py took 0.820 seconds
[2024-07-17T04:51:51.702+0100] {processor.py:161} INFO - Started process (PID=38589) to work on /mnt/c/Users/Victor/Desktop/Final_Semester/data-engineering-final-semester-portfolio/airflow/dags/first_dag.py
[2024-07-17T04:51:51.706+0100] {processor.py:830} INFO - Processing file /mnt/c/Users/Victor/Desktop/Final_Semester/data-engineering-final-semester-portfolio/airflow/dags/first_dag.py for tasks to queue
[2024-07-17T04:51:51.710+0100] {logging_mixin.py:188} INFO - [2024-07-17T04:51:51.708+0100] {dagbag.py:545} INFO - Filling up the DagBag from /mnt/c/Users/Victor/Desktop/Final_Semester/data-engineering-final-semester-portfolio/airflow/dags/first_dag.py
[2024-07-17T04:51:51.779+0100] {processor.py:840} INFO - DAG(s) 'dev-astronauts_in_space-v1.0' retrieved from /mnt/c/Users/Victor/Desktop/Final_Semester/data-engineering-final-semester-portfolio/airflow/dags/first_dag.py
[2024-07-17T04:51:51.892+0100] {logging_mixin.py:188} INFO - [2024-07-17T04:51:51.892+0100] {dag.py:3096} INFO - Sync 1 DAGs
[2024-07-17T04:51:52.304+0100] {processor.py:183} INFO - Processing /mnt/c/Users/Victor/Desktop/Final_Semester/data-engineering-final-semester-portfolio/airflow/dags/first_dag.py took 0.629 seconds
[2024-07-17T04:52:23.086+0100] {processor.py:161} INFO - Started process (PID=38754) to work on /mnt/c/Users/Victor/Desktop/Final_Semester/data-engineering-final-semester-portfolio/airflow/dags/first_dag.py
[2024-07-17T04:52:23.091+0100] {processor.py:830} INFO - Processing file /mnt/c/Users/Victor/Desktop/Final_Semester/data-engineering-final-semester-portfolio/airflow/dags/first_dag.py for tasks to queue
[2024-07-17T04:52:23.095+0100] {logging_mixin.py:188} INFO - [2024-07-17T04:52:23.094+0100] {dagbag.py:545} INFO - Filling up the DagBag from /mnt/c/Users/Victor/Desktop/Final_Semester/data-engineering-final-semester-portfolio/airflow/dags/first_dag.py
[2024-07-17T04:52:23.182+0100] {processor.py:840} INFO - DAG(s) 'dev-astronauts_in_space-v1.0' retrieved from /mnt/c/Users/Victor/Desktop/Final_Semester/data-engineering-final-semester-portfolio/airflow/dags/first_dag.py
[2024-07-17T04:52:23.299+0100] {logging_mixin.py:188} INFO - [2024-07-17T04:52:23.298+0100] {dag.py:3096} INFO - Sync 1 DAGs
[2024-07-17T04:52:23.763+0100] {processor.py:183} INFO - Processing /mnt/c/Users/Victor/Desktop/Final_Semester/data-engineering-final-semester-portfolio/airflow/dags/first_dag.py took 0.709 seconds
[2024-07-17T04:52:54.612+0100] {processor.py:161} INFO - Started process (PID=38901) to work on /mnt/c/Users/Victor/Desktop/Final_Semester/data-engineering-final-semester-portfolio/airflow/dags/first_dag.py
[2024-07-17T04:52:54.619+0100] {processor.py:830} INFO - Processing file /mnt/c/Users/Victor/Desktop/Final_Semester/data-engineering-final-semester-portfolio/airflow/dags/first_dag.py for tasks to queue
[2024-07-17T04:52:54.628+0100] {logging_mixin.py:188} INFO - [2024-07-17T04:52:54.626+0100] {dagbag.py:545} INFO - Filling up the DagBag from /mnt/c/Users/Victor/Desktop/Final_Semester/data-engineering-final-semester-portfolio/airflow/dags/first_dag.py
[2024-07-17T04:52:54.736+0100] {processor.py:840} INFO - DAG(s) 'dev-astronauts_in_space-v1.0' retrieved from /mnt/c/Users/Victor/Desktop/Final_Semester/data-engineering-final-semester-portfolio/airflow/dags/first_dag.py
[2024-07-17T04:52:54.876+0100] {logging_mixin.py:188} INFO - [2024-07-17T04:52:54.874+0100] {dag.py:3096} INFO - Sync 1 DAGs
[2024-07-17T04:52:55.359+0100] {processor.py:183} INFO - Processing /mnt/c/Users/Victor/Desktop/Final_Semester/data-engineering-final-semester-portfolio/airflow/dags/first_dag.py took 0.783 seconds
[2024-07-17T04:53:26.515+0100] {processor.py:161} INFO - Started process (PID=39056) to work on /mnt/c/Users/Victor/Desktop/Final_Semester/data-engineering-final-semester-portfolio/airflow/dags/first_dag.py
[2024-07-17T04:53:26.522+0100] {processor.py:830} INFO - Processing file /mnt/c/Users/Victor/Desktop/Final_Semester/data-engineering-final-semester-portfolio/airflow/dags/first_dag.py for tasks to queue
[2024-07-17T04:53:26.529+0100] {logging_mixin.py:188} INFO - [2024-07-17T04:53:26.527+0100] {dagbag.py:545} INFO - Filling up the DagBag from /mnt/c/Users/Victor/Desktop/Final_Semester/data-engineering-final-semester-portfolio/airflow/dags/first_dag.py
[2024-07-17T04:53:26.645+0100] {processor.py:840} INFO - DAG(s) 'dev-astronauts_in_space-v1.0' retrieved from /mnt/c/Users/Victor/Desktop/Final_Semester/data-engineering-final-semester-portfolio/airflow/dags/first_dag.py
[2024-07-17T04:53:26.801+0100] {logging_mixin.py:188} INFO - [2024-07-17T04:53:26.800+0100] {dag.py:3096} INFO - Sync 1 DAGs
[2024-07-17T04:53:27.328+0100] {processor.py:183} INFO - Processing /mnt/c/Users/Victor/Desktop/Final_Semester/data-engineering-final-semester-portfolio/airflow/dags/first_dag.py took 0.844 seconds
[2024-07-17T04:53:57.685+0100] {processor.py:161} INFO - Started process (PID=39230) to work on /mnt/c/Users/Victor/Desktop/Final_Semester/data-engineering-final-semester-portfolio/airflow/dags/first_dag.py
[2024-07-17T04:53:57.694+0100] {processor.py:830} INFO - Processing file /mnt/c/Users/Victor/Desktop/Final_Semester/data-engineering-final-semester-portfolio/airflow/dags/first_dag.py for tasks to queue
[2024-07-17T04:53:57.700+0100] {logging_mixin.py:188} INFO - [2024-07-17T04:53:57.699+0100] {dagbag.py:545} INFO - Filling up the DagBag from /mnt/c/Users/Victor/Desktop/Final_Semester/data-engineering-final-semester-portfolio/airflow/dags/first_dag.py
[2024-07-17T04:53:57.828+0100] {processor.py:840} INFO - DAG(s) 'dev-astronauts_in_space-v1.0' retrieved from /mnt/c/Users/Victor/Desktop/Final_Semester/data-engineering-final-semester-portfolio/airflow/dags/first_dag.py
[2024-07-17T04:53:58.027+0100] {logging_mixin.py:188} INFO - [2024-07-17T04:53:58.026+0100] {dag.py:3096} INFO - Sync 1 DAGs
[2024-07-17T04:53:58.507+0100] {processor.py:183} INFO - Processing /mnt/c/Users/Victor/Desktop/Final_Semester/data-engineering-final-semester-portfolio/airflow/dags/first_dag.py took 0.860 seconds
[2024-07-17T04:54:29.229+0100] {processor.py:161} INFO - Started process (PID=39379) to work on /mnt/c/Users/Victor/Desktop/Final_Semester/data-engineering-final-semester-portfolio/airflow/dags/first_dag.py
[2024-07-17T04:54:29.233+0100] {processor.py:830} INFO - Processing file /mnt/c/Users/Victor/Desktop/Final_Semester/data-engineering-final-semester-portfolio/airflow/dags/first_dag.py for tasks to queue
[2024-07-17T04:54:29.238+0100] {logging_mixin.py:188} INFO - [2024-07-17T04:54:29.236+0100] {dagbag.py:545} INFO - Filling up the DagBag from /mnt/c/Users/Victor/Desktop/Final_Semester/data-engineering-final-semester-portfolio/airflow/dags/first_dag.py
[2024-07-17T04:54:29.324+0100] {processor.py:840} INFO - DAG(s) 'dev-astronauts_in_space-v1.0' retrieved from /mnt/c/Users/Victor/Desktop/Final_Semester/data-engineering-final-semester-portfolio/airflow/dags/first_dag.py
[2024-07-17T04:54:29.466+0100] {logging_mixin.py:188} INFO - [2024-07-17T04:54:29.465+0100] {dag.py:3096} INFO - Sync 1 DAGs
[2024-07-17T04:54:29.903+0100] {processor.py:183} INFO - Processing /mnt/c/Users/Victor/Desktop/Final_Semester/data-engineering-final-semester-portfolio/airflow/dags/first_dag.py took 0.703 seconds
[2024-07-17T04:55:00.244+0100] {processor.py:161} INFO - Started process (PID=39519) to work on /mnt/c/Users/Victor/Desktop/Final_Semester/data-engineering-final-semester-portfolio/airflow/dags/first_dag.py
[2024-07-17T04:55:00.249+0100] {processor.py:830} INFO - Processing file /mnt/c/Users/Victor/Desktop/Final_Semester/data-engineering-final-semester-portfolio/airflow/dags/first_dag.py for tasks to queue
[2024-07-17T04:55:00.253+0100] {logging_mixin.py:188} INFO - [2024-07-17T04:55:00.252+0100] {dagbag.py:545} INFO - Filling up the DagBag from /mnt/c/Users/Victor/Desktop/Final_Semester/data-engineering-final-semester-portfolio/airflow/dags/first_dag.py
[2024-07-17T04:55:00.331+0100] {processor.py:840} INFO - DAG(s) 'dev-astronauts_in_space-v1.0' retrieved from /mnt/c/Users/Victor/Desktop/Final_Semester/data-engineering-final-semester-portfolio/airflow/dags/first_dag.py
[2024-07-17T04:55:00.448+0100] {logging_mixin.py:188} INFO - [2024-07-17T04:55:00.447+0100] {dag.py:3096} INFO - Sync 1 DAGs
[2024-07-17T04:55:01.016+0100] {processor.py:183} INFO - Processing /mnt/c/Users/Victor/Desktop/Final_Semester/data-engineering-final-semester-portfolio/airflow/dags/first_dag.py took 0.800 seconds
[2024-07-17T04:55:31.986+0100] {processor.py:161} INFO - Started process (PID=39685) to work on /mnt/c/Users/Victor/Desktop/Final_Semester/data-engineering-final-semester-portfolio/airflow/dags/first_dag.py
[2024-07-17T04:55:31.993+0100] {processor.py:830} INFO - Processing file /mnt/c/Users/Victor/Desktop/Final_Semester/data-engineering-final-semester-portfolio/airflow/dags/first_dag.py for tasks to queue
[2024-07-17T04:55:32.000+0100] {logging_mixin.py:188} INFO - [2024-07-17T04:55:31.998+0100] {dagbag.py:545} INFO - Filling up the DagBag from /mnt/c/Users/Victor/Desktop/Final_Semester/data-engineering-final-semester-portfolio/airflow/dags/first_dag.py
[2024-07-17T04:55:32.121+0100] {processor.py:840} INFO - DAG(s) 'dev-astronauts_in_space-v1.0' retrieved from /mnt/c/Users/Victor/Desktop/Final_Semester/data-engineering-final-semester-portfolio/airflow/dags/first_dag.py
[2024-07-17T04:55:32.484+0100] {logging_mixin.py:188} INFO - [2024-07-17T04:55:32.483+0100] {dag.py:3096} INFO - Sync 1 DAGs
[2024-07-17T04:55:33.303+0100] {processor.py:183} INFO - Processing /mnt/c/Users/Victor/Desktop/Final_Semester/data-engineering-final-semester-portfolio/airflow/dags/first_dag.py took 1.361 seconds
[2024-07-17T04:56:04.237+0100] {processor.py:161} INFO - Started process (PID=39844) to work on /mnt/c/Users/Victor/Desktop/Final_Semester/data-engineering-final-semester-portfolio/airflow/dags/first_dag.py
[2024-07-17T04:56:04.241+0100] {processor.py:830} INFO - Processing file /mnt/c/Users/Victor/Desktop/Final_Semester/data-engineering-final-semester-portfolio/airflow/dags/first_dag.py for tasks to queue
[2024-07-17T04:56:04.246+0100] {logging_mixin.py:188} INFO - [2024-07-17T04:56:04.244+0100] {dagbag.py:545} INFO - Filling up the DagBag from /mnt/c/Users/Victor/Desktop/Final_Semester/data-engineering-final-semester-portfolio/airflow/dags/first_dag.py
[2024-07-17T04:56:04.310+0100] {processor.py:840} INFO - DAG(s) 'dev-astronauts_in_space-v1.0' retrieved from /mnt/c/Users/Victor/Desktop/Final_Semester/data-engineering-final-semester-portfolio/airflow/dags/first_dag.py
[2024-07-17T04:56:04.422+0100] {logging_mixin.py:188} INFO - [2024-07-17T04:56:04.421+0100] {dag.py:3096} INFO - Sync 1 DAGs
[2024-07-17T04:56:05.729+0100] {processor.py:183} INFO - Processing /mnt/c/Users/Victor/Desktop/Final_Semester/data-engineering-final-semester-portfolio/airflow/dags/first_dag.py took 1.522 seconds
[2024-07-17T04:56:36.942+0100] {processor.py:161} INFO - Started process (PID=40014) to work on /mnt/c/Users/Victor/Desktop/Final_Semester/data-engineering-final-semester-portfolio/airflow/dags/first_dag.py
[2024-07-17T04:56:36.947+0100] {processor.py:830} INFO - Processing file /mnt/c/Users/Victor/Desktop/Final_Semester/data-engineering-final-semester-portfolio/airflow/dags/first_dag.py for tasks to queue
[2024-07-17T04:56:36.951+0100] {logging_mixin.py:188} INFO - [2024-07-17T04:56:36.950+0100] {dagbag.py:545} INFO - Filling up the DagBag from /mnt/c/Users/Victor/Desktop/Final_Semester/data-engineering-final-semester-portfolio/airflow/dags/first_dag.py
[2024-07-17T04:56:37.031+0100] {processor.py:840} INFO - DAG(s) 'dev-astronauts_in_space-v1.0' retrieved from /mnt/c/Users/Victor/Desktop/Final_Semester/data-engineering-final-semester-portfolio/airflow/dags/first_dag.py
[2024-07-17T04:56:37.200+0100] {logging_mixin.py:188} INFO - [2024-07-17T04:56:37.199+0100] {dag.py:3096} INFO - Sync 1 DAGs
[2024-07-17T04:56:37.647+0100] {processor.py:183} INFO - Processing /mnt/c/Users/Victor/Desktop/Final_Semester/data-engineering-final-semester-portfolio/airflow/dags/first_dag.py took 0.735 seconds
[2024-07-17T04:57:08.408+0100] {processor.py:161} INFO - Started process (PID=40162) to work on /mnt/c/Users/Victor/Desktop/Final_Semester/data-engineering-final-semester-portfolio/airflow/dags/first_dag.py
[2024-07-17T04:57:08.415+0100] {processor.py:830} INFO - Processing file /mnt/c/Users/Victor/Desktop/Final_Semester/data-engineering-final-semester-portfolio/airflow/dags/first_dag.py for tasks to queue
[2024-07-17T04:57:08.420+0100] {logging_mixin.py:188} INFO - [2024-07-17T04:57:08.418+0100] {dagbag.py:545} INFO - Filling up the DagBag from /mnt/c/Users/Victor/Desktop/Final_Semester/data-engineering-final-semester-portfolio/airflow/dags/first_dag.py
[2024-07-17T04:57:08.493+0100] {processor.py:840} INFO - DAG(s) 'dev-astronauts_in_space-v1.0' retrieved from /mnt/c/Users/Victor/Desktop/Final_Semester/data-engineering-final-semester-portfolio/airflow/dags/first_dag.py
[2024-07-17T04:57:08.631+0100] {logging_mixin.py:188} INFO - [2024-07-17T04:57:08.630+0100] {dag.py:3096} INFO - Sync 1 DAGs
[2024-07-17T04:57:09.117+0100] {processor.py:183} INFO - Processing /mnt/c/Users/Victor/Desktop/Final_Semester/data-engineering-final-semester-portfolio/airflow/dags/first_dag.py took 0.741 seconds
[2024-07-17T04:57:39.651+0100] {processor.py:161} INFO - Started process (PID=40309) to work on /mnt/c/Users/Victor/Desktop/Final_Semester/data-engineering-final-semester-portfolio/airflow/dags/first_dag.py
[2024-07-17T04:57:39.656+0100] {processor.py:830} INFO - Processing file /mnt/c/Users/Victor/Desktop/Final_Semester/data-engineering-final-semester-portfolio/airflow/dags/first_dag.py for tasks to queue
[2024-07-17T04:57:39.661+0100] {logging_mixin.py:188} INFO - [2024-07-17T04:57:39.659+0100] {dagbag.py:545} INFO - Filling up the DagBag from /mnt/c/Users/Victor/Desktop/Final_Semester/data-engineering-final-semester-portfolio/airflow/dags/first_dag.py
[2024-07-17T04:57:39.749+0100] {processor.py:840} INFO - DAG(s) 'dev-astronauts_in_space-v1.0' retrieved from /mnt/c/Users/Victor/Desktop/Final_Semester/data-engineering-final-semester-portfolio/airflow/dags/first_dag.py
[2024-07-17T04:57:39.868+0100] {logging_mixin.py:188} INFO - [2024-07-17T04:57:39.867+0100] {dag.py:3096} INFO - Sync 1 DAGs
[2024-07-17T04:57:40.328+0100] {processor.py:183} INFO - Processing /mnt/c/Users/Victor/Desktop/Final_Semester/data-engineering-final-semester-portfolio/airflow/dags/first_dag.py took 0.705 seconds
[2024-07-17T04:58:11.721+0100] {processor.py:161} INFO - Started process (PID=40471) to work on /mnt/c/Users/Victor/Desktop/Final_Semester/data-engineering-final-semester-portfolio/airflow/dags/first_dag.py
[2024-07-17T04:58:11.725+0100] {processor.py:830} INFO - Processing file /mnt/c/Users/Victor/Desktop/Final_Semester/data-engineering-final-semester-portfolio/airflow/dags/first_dag.py for tasks to queue
[2024-07-17T04:58:11.731+0100] {logging_mixin.py:188} INFO - [2024-07-17T04:58:11.729+0100] {dagbag.py:545} INFO - Filling up the DagBag from /mnt/c/Users/Victor/Desktop/Final_Semester/data-engineering-final-semester-portfolio/airflow/dags/first_dag.py
[2024-07-17T04:58:11.804+0100] {processor.py:840} INFO - DAG(s) 'dev-astronauts_in_space-v1.0' retrieved from /mnt/c/Users/Victor/Desktop/Final_Semester/data-engineering-final-semester-portfolio/airflow/dags/first_dag.py
[2024-07-17T04:58:11.988+0100] {logging_mixin.py:188} INFO - [2024-07-17T04:58:11.987+0100] {dag.py:3096} INFO - Sync 1 DAGs
[2024-07-17T04:58:12.424+0100] {processor.py:183} INFO - Processing /mnt/c/Users/Victor/Desktop/Final_Semester/data-engineering-final-semester-portfolio/airflow/dags/first_dag.py took 0.733 seconds
[2024-07-17T04:58:43.170+0100] {processor.py:161} INFO - Started process (PID=40681) to work on /mnt/c/Users/Victor/Desktop/Final_Semester/data-engineering-final-semester-portfolio/airflow/dags/first_dag.py
[2024-07-17T04:58:43.175+0100] {processor.py:830} INFO - Processing file /mnt/c/Users/Victor/Desktop/Final_Semester/data-engineering-final-semester-portfolio/airflow/dags/first_dag.py for tasks to queue
[2024-07-17T04:58:43.179+0100] {logging_mixin.py:188} INFO - [2024-07-17T04:58:43.177+0100] {dagbag.py:545} INFO - Filling up the DagBag from /mnt/c/Users/Victor/Desktop/Final_Semester/data-engineering-final-semester-portfolio/airflow/dags/first_dag.py
[2024-07-17T04:58:43.251+0100] {processor.py:840} INFO - DAG(s) 'dev-astronauts_in_space-v1.0' retrieved from /mnt/c/Users/Victor/Desktop/Final_Semester/data-engineering-final-semester-portfolio/airflow/dags/first_dag.py
[2024-07-17T04:58:43.380+0100] {logging_mixin.py:188} INFO - [2024-07-17T04:58:43.379+0100] {dag.py:3096} INFO - Sync 1 DAGs
[2024-07-17T04:58:43.794+0100] {processor.py:183} INFO - Processing /mnt/c/Users/Victor/Desktop/Final_Semester/data-engineering-final-semester-portfolio/airflow/dags/first_dag.py took 0.650 seconds
[2024-07-17T04:59:15.009+0100] {processor.py:161} INFO - Started process (PID=40869) to work on /mnt/c/Users/Victor/Desktop/Final_Semester/data-engineering-final-semester-portfolio/airflow/dags/first_dag.py
[2024-07-17T04:59:15.013+0100] {processor.py:830} INFO - Processing file /mnt/c/Users/Victor/Desktop/Final_Semester/data-engineering-final-semester-portfolio/airflow/dags/first_dag.py for tasks to queue
[2024-07-17T04:59:15.018+0100] {logging_mixin.py:188} INFO - [2024-07-17T04:59:15.017+0100] {dagbag.py:545} INFO - Filling up the DagBag from /mnt/c/Users/Victor/Desktop/Final_Semester/data-engineering-final-semester-portfolio/airflow/dags/first_dag.py
[2024-07-17T04:59:15.098+0100] {processor.py:840} INFO - DAG(s) 'dev-astronauts_in_space-v1.0' retrieved from /mnt/c/Users/Victor/Desktop/Final_Semester/data-engineering-final-semester-portfolio/airflow/dags/first_dag.py
[2024-07-17T04:59:15.220+0100] {logging_mixin.py:188} INFO - [2024-07-17T04:59:15.220+0100] {dag.py:3096} INFO - Sync 1 DAGs
[2024-07-17T04:59:15.629+0100] {processor.py:183} INFO - Processing /mnt/c/Users/Victor/Desktop/Final_Semester/data-engineering-final-semester-portfolio/airflow/dags/first_dag.py took 0.648 seconds
[2024-07-17T04:59:45.915+0100] {processor.py:161} INFO - Started process (PID=41020) to work on /mnt/c/Users/Victor/Desktop/Final_Semester/data-engineering-final-semester-portfolio/airflow/dags/first_dag.py
[2024-07-17T04:59:45.921+0100] {processor.py:830} INFO - Processing file /mnt/c/Users/Victor/Desktop/Final_Semester/data-engineering-final-semester-portfolio/airflow/dags/first_dag.py for tasks to queue
[2024-07-17T04:59:45.926+0100] {logging_mixin.py:188} INFO - [2024-07-17T04:59:45.924+0100] {dagbag.py:545} INFO - Filling up the DagBag from /mnt/c/Users/Victor/Desktop/Final_Semester/data-engineering-final-semester-portfolio/airflow/dags/first_dag.py
[2024-07-17T04:59:46.009+0100] {processor.py:840} INFO - DAG(s) 'dev-astronauts_in_space-v1.0' retrieved from /mnt/c/Users/Victor/Desktop/Final_Semester/data-engineering-final-semester-portfolio/airflow/dags/first_dag.py
[2024-07-17T04:59:46.156+0100] {logging_mixin.py:188} INFO - [2024-07-17T04:59:46.154+0100] {dag.py:3096} INFO - Sync 1 DAGs
[2024-07-17T04:59:46.760+0100] {processor.py:183} INFO - Processing /mnt/c/Users/Victor/Desktop/Final_Semester/data-engineering-final-semester-portfolio/airflow/dags/first_dag.py took 0.874 seconds
[2024-07-17T05:00:17.532+0100] {processor.py:161} INFO - Started process (PID=41168) to work on /mnt/c/Users/Victor/Desktop/Final_Semester/data-engineering-final-semester-portfolio/airflow/dags/first_dag.py
[2024-07-17T05:00:17.537+0100] {processor.py:830} INFO - Processing file /mnt/c/Users/Victor/Desktop/Final_Semester/data-engineering-final-semester-portfolio/airflow/dags/first_dag.py for tasks to queue
[2024-07-17T05:00:17.542+0100] {logging_mixin.py:188} INFO - [2024-07-17T05:00:17.540+0100] {dagbag.py:545} INFO - Filling up the DagBag from /mnt/c/Users/Victor/Desktop/Final_Semester/data-engineering-final-semester-portfolio/airflow/dags/first_dag.py
[2024-07-17T05:00:17.635+0100] {processor.py:840} INFO - DAG(s) 'dev-astronauts_in_space-v1.0' retrieved from /mnt/c/Users/Victor/Desktop/Final_Semester/data-engineering-final-semester-portfolio/airflow/dags/first_dag.py
[2024-07-17T05:00:17.789+0100] {logging_mixin.py:188} INFO - [2024-07-17T05:00:17.788+0100] {dag.py:3096} INFO - Sync 1 DAGs
[2024-07-17T05:00:19.126+0100] {processor.py:183} INFO - Processing /mnt/c/Users/Victor/Desktop/Final_Semester/data-engineering-final-semester-portfolio/airflow/dags/first_dag.py took 1.631 seconds
[2024-07-17T05:00:49.796+0100] {processor.py:161} INFO - Started process (PID=41342) to work on /mnt/c/Users/Victor/Desktop/Final_Semester/data-engineering-final-semester-portfolio/airflow/dags/first_dag.py
[2024-07-17T05:00:49.800+0100] {processor.py:830} INFO - Processing file /mnt/c/Users/Victor/Desktop/Final_Semester/data-engineering-final-semester-portfolio/airflow/dags/first_dag.py for tasks to queue
[2024-07-17T05:00:49.807+0100] {logging_mixin.py:188} INFO - [2024-07-17T05:00:49.805+0100] {dagbag.py:545} INFO - Filling up the DagBag from /mnt/c/Users/Victor/Desktop/Final_Semester/data-engineering-final-semester-portfolio/airflow/dags/first_dag.py
[2024-07-17T05:00:49.903+0100] {processor.py:840} INFO - DAG(s) 'dev-astronauts_in_space-v1.0' retrieved from /mnt/c/Users/Victor/Desktop/Final_Semester/data-engineering-final-semester-portfolio/airflow/dags/first_dag.py
[2024-07-17T05:00:50.059+0100] {logging_mixin.py:188} INFO - [2024-07-17T05:00:50.058+0100] {dag.py:3096} INFO - Sync 1 DAGs
[2024-07-17T05:00:50.662+0100] {processor.py:183} INFO - Processing /mnt/c/Users/Victor/Desktop/Final_Semester/data-engineering-final-semester-portfolio/airflow/dags/first_dag.py took 0.897 seconds
[2024-07-17T05:01:20.872+0100] {processor.py:161} INFO - Started process (PID=41487) to work on /mnt/c/Users/Victor/Desktop/Final_Semester/data-engineering-final-semester-portfolio/airflow/dags/first_dag.py
[2024-07-17T05:01:20.877+0100] {processor.py:830} INFO - Processing file /mnt/c/Users/Victor/Desktop/Final_Semester/data-engineering-final-semester-portfolio/airflow/dags/first_dag.py for tasks to queue
[2024-07-17T05:01:20.881+0100] {logging_mixin.py:188} INFO - [2024-07-17T05:01:20.880+0100] {dagbag.py:545} INFO - Filling up the DagBag from /mnt/c/Users/Victor/Desktop/Final_Semester/data-engineering-final-semester-portfolio/airflow/dags/first_dag.py
[2024-07-17T05:01:20.960+0100] {processor.py:840} INFO - DAG(s) 'dev-astronauts_in_space-v1.0' retrieved from /mnt/c/Users/Victor/Desktop/Final_Semester/data-engineering-final-semester-portfolio/airflow/dags/first_dag.py
[2024-07-17T05:01:21.071+0100] {logging_mixin.py:188} INFO - [2024-07-17T05:01:21.070+0100] {dag.py:3096} INFO - Sync 1 DAGs
[2024-07-17T05:01:21.494+0100] {processor.py:183} INFO - Processing /mnt/c/Users/Victor/Desktop/Final_Semester/data-engineering-final-semester-portfolio/airflow/dags/first_dag.py took 0.649 seconds
[2024-07-17T05:01:52.389+0100] {processor.py:161} INFO - Started process (PID=41637) to work on /mnt/c/Users/Victor/Desktop/Final_Semester/data-engineering-final-semester-portfolio/airflow/dags/first_dag.py
[2024-07-17T05:01:52.395+0100] {processor.py:830} INFO - Processing file /mnt/c/Users/Victor/Desktop/Final_Semester/data-engineering-final-semester-portfolio/airflow/dags/first_dag.py for tasks to queue
[2024-07-17T05:01:52.401+0100] {logging_mixin.py:188} INFO - [2024-07-17T05:01:52.399+0100] {dagbag.py:545} INFO - Filling up the DagBag from /mnt/c/Users/Victor/Desktop/Final_Semester/data-engineering-final-semester-portfolio/airflow/dags/first_dag.py
[2024-07-17T05:01:52.492+0100] {processor.py:840} INFO - DAG(s) 'dev-astronauts_in_space-v1.0' retrieved from /mnt/c/Users/Victor/Desktop/Final_Semester/data-engineering-final-semester-portfolio/airflow/dags/first_dag.py
[2024-07-17T05:01:52.643+0100] {logging_mixin.py:188} INFO - [2024-07-17T05:01:52.642+0100] {dag.py:3096} INFO - Sync 1 DAGs
[2024-07-17T05:01:53.089+0100] {processor.py:183} INFO - Processing /mnt/c/Users/Victor/Desktop/Final_Semester/data-engineering-final-semester-portfolio/airflow/dags/first_dag.py took 0.740 seconds
[2024-07-17T05:02:23.814+0100] {processor.py:161} INFO - Started process (PID=41804) to work on /mnt/c/Users/Victor/Desktop/Final_Semester/data-engineering-final-semester-portfolio/airflow/dags/first_dag.py
[2024-07-17T05:02:23.819+0100] {processor.py:830} INFO - Processing file /mnt/c/Users/Victor/Desktop/Final_Semester/data-engineering-final-semester-portfolio/airflow/dags/first_dag.py for tasks to queue
[2024-07-17T05:02:23.826+0100] {logging_mixin.py:188} INFO - [2024-07-17T05:02:23.823+0100] {dagbag.py:545} INFO - Filling up the DagBag from /mnt/c/Users/Victor/Desktop/Final_Semester/data-engineering-final-semester-portfolio/airflow/dags/first_dag.py
[2024-07-17T05:02:23.925+0100] {processor.py:840} INFO - DAG(s) 'dev-astronauts_in_space-v1.0' retrieved from /mnt/c/Users/Victor/Desktop/Final_Semester/data-engineering-final-semester-portfolio/airflow/dags/first_dag.py
[2024-07-17T05:02:24.058+0100] {logging_mixin.py:188} INFO - [2024-07-17T05:02:24.057+0100] {dag.py:3096} INFO - Sync 1 DAGs
[2024-07-17T05:02:24.627+0100] {processor.py:183} INFO - Processing /mnt/c/Users/Victor/Desktop/Final_Semester/data-engineering-final-semester-portfolio/airflow/dags/first_dag.py took 0.846 seconds
[2024-07-17T05:02:55.255+0100] {processor.py:161} INFO - Started process (PID=41951) to work on /mnt/c/Users/Victor/Desktop/Final_Semester/data-engineering-final-semester-portfolio/airflow/dags/first_dag.py
[2024-07-17T05:02:55.259+0100] {processor.py:830} INFO - Processing file /mnt/c/Users/Victor/Desktop/Final_Semester/data-engineering-final-semester-portfolio/airflow/dags/first_dag.py for tasks to queue
[2024-07-17T05:02:55.263+0100] {logging_mixin.py:188} INFO - [2024-07-17T05:02:55.261+0100] {dagbag.py:545} INFO - Filling up the DagBag from /mnt/c/Users/Victor/Desktop/Final_Semester/data-engineering-final-semester-portfolio/airflow/dags/first_dag.py
[2024-07-17T05:02:55.335+0100] {processor.py:840} INFO - DAG(s) 'dev-astronauts_in_space-v1.0' retrieved from /mnt/c/Users/Victor/Desktop/Final_Semester/data-engineering-final-semester-portfolio/airflow/dags/first_dag.py
[2024-07-17T05:02:55.445+0100] {logging_mixin.py:188} INFO - [2024-07-17T05:02:55.444+0100] {dag.py:3096} INFO - Sync 1 DAGs
[2024-07-17T05:02:55.818+0100] {processor.py:183} INFO - Processing /mnt/c/Users/Victor/Desktop/Final_Semester/data-engineering-final-semester-portfolio/airflow/dags/first_dag.py took 0.590 seconds
[2024-07-17T05:03:27.358+0100] {processor.py:161} INFO - Started process (PID=42101) to work on /mnt/c/Users/Victor/Desktop/Final_Semester/data-engineering-final-semester-portfolio/airflow/dags/first_dag.py
[2024-07-17T05:03:27.362+0100] {processor.py:830} INFO - Processing file /mnt/c/Users/Victor/Desktop/Final_Semester/data-engineering-final-semester-portfolio/airflow/dags/first_dag.py for tasks to queue
[2024-07-17T05:03:27.366+0100] {logging_mixin.py:188} INFO - [2024-07-17T05:03:27.364+0100] {dagbag.py:545} INFO - Filling up the DagBag from /mnt/c/Users/Victor/Desktop/Final_Semester/data-engineering-final-semester-portfolio/airflow/dags/first_dag.py
[2024-07-17T05:03:27.440+0100] {processor.py:840} INFO - DAG(s) 'dev-astronauts_in_space-v1.0' retrieved from /mnt/c/Users/Victor/Desktop/Final_Semester/data-engineering-final-semester-portfolio/airflow/dags/first_dag.py
[2024-07-17T05:03:27.552+0100] {logging_mixin.py:188} INFO - [2024-07-17T05:03:27.551+0100] {dag.py:3096} INFO - Sync 1 DAGs
[2024-07-17T05:03:27.907+0100] {processor.py:183} INFO - Processing /mnt/c/Users/Victor/Desktop/Final_Semester/data-engineering-final-semester-portfolio/airflow/dags/first_dag.py took 0.588 seconds
[2024-07-17T05:03:59.177+0100] {processor.py:161} INFO - Started process (PID=42275) to work on /mnt/c/Users/Victor/Desktop/Final_Semester/data-engineering-final-semester-portfolio/airflow/dags/first_dag.py
[2024-07-17T05:03:59.183+0100] {processor.py:830} INFO - Processing file /mnt/c/Users/Victor/Desktop/Final_Semester/data-engineering-final-semester-portfolio/airflow/dags/first_dag.py for tasks to queue
[2024-07-17T05:03:59.190+0100] {logging_mixin.py:188} INFO - [2024-07-17T05:03:59.187+0100] {dagbag.py:545} INFO - Filling up the DagBag from /mnt/c/Users/Victor/Desktop/Final_Semester/data-engineering-final-semester-portfolio/airflow/dags/first_dag.py
[2024-07-17T05:03:59.352+0100] {processor.py:840} INFO - DAG(s) 'dev-astronauts_in_space-v1.0' retrieved from /mnt/c/Users/Victor/Desktop/Final_Semester/data-engineering-final-semester-portfolio/airflow/dags/first_dag.py
[2024-07-17T05:03:59.714+0100] {logging_mixin.py:188} INFO - [2024-07-17T05:03:59.712+0100] {dag.py:3096} INFO - Sync 1 DAGs
[2024-07-17T05:04:00.429+0100] {processor.py:183} INFO - Processing /mnt/c/Users/Victor/Desktop/Final_Semester/data-engineering-final-semester-portfolio/airflow/dags/first_dag.py took 1.309 seconds
[2024-07-17T05:04:31.419+0100] {processor.py:161} INFO - Started process (PID=42432) to work on /mnt/c/Users/Victor/Desktop/Final_Semester/data-engineering-final-semester-portfolio/airflow/dags/first_dag.py
[2024-07-17T05:04:31.425+0100] {processor.py:830} INFO - Processing file /mnt/c/Users/Victor/Desktop/Final_Semester/data-engineering-final-semester-portfolio/airflow/dags/first_dag.py for tasks to queue
[2024-07-17T05:04:31.430+0100] {logging_mixin.py:188} INFO - [2024-07-17T05:04:31.428+0100] {dagbag.py:545} INFO - Filling up the DagBag from /mnt/c/Users/Victor/Desktop/Final_Semester/data-engineering-final-semester-portfolio/airflow/dags/first_dag.py
[2024-07-17T05:04:31.504+0100] {processor.py:840} INFO - DAG(s) 'dev-astronauts_in_space-v1.0' retrieved from /mnt/c/Users/Victor/Desktop/Final_Semester/data-engineering-final-semester-portfolio/airflow/dags/first_dag.py
[2024-07-17T05:04:31.647+0100] {logging_mixin.py:188} INFO - [2024-07-17T05:04:31.646+0100] {dag.py:3096} INFO - Sync 1 DAGs
[2024-07-17T05:04:32.236+0100] {processor.py:183} INFO - Processing /mnt/c/Users/Victor/Desktop/Final_Semester/data-engineering-final-semester-portfolio/airflow/dags/first_dag.py took 0.846 seconds
[2024-07-17T05:05:03.022+0100] {processor.py:161} INFO - Started process (PID=42579) to work on /mnt/c/Users/Victor/Desktop/Final_Semester/data-engineering-final-semester-portfolio/airflow/dags/first_dag.py
[2024-07-17T05:05:03.027+0100] {processor.py:830} INFO - Processing file /mnt/c/Users/Victor/Desktop/Final_Semester/data-engineering-final-semester-portfolio/airflow/dags/first_dag.py for tasks to queue
[2024-07-17T05:05:03.032+0100] {logging_mixin.py:188} INFO - [2024-07-17T05:05:03.031+0100] {dagbag.py:545} INFO - Filling up the DagBag from /mnt/c/Users/Victor/Desktop/Final_Semester/data-engineering-final-semester-portfolio/airflow/dags/first_dag.py
[2024-07-17T05:05:03.113+0100] {processor.py:840} INFO - DAG(s) 'dev-astronauts_in_space-v1.0' retrieved from /mnt/c/Users/Victor/Desktop/Final_Semester/data-engineering-final-semester-portfolio/airflow/dags/first_dag.py
[2024-07-17T05:05:03.249+0100] {logging_mixin.py:188} INFO - [2024-07-17T05:05:03.248+0100] {dag.py:3096} INFO - Sync 1 DAGs
[2024-07-17T05:05:03.653+0100] {processor.py:183} INFO - Processing /mnt/c/Users/Victor/Desktop/Final_Semester/data-engineering-final-semester-portfolio/airflow/dags/first_dag.py took 0.658 seconds
[2024-07-17T05:05:34.989+0100] {processor.py:161} INFO - Started process (PID=42728) to work on /mnt/c/Users/Victor/Desktop/Final_Semester/data-engineering-final-semester-portfolio/airflow/dags/first_dag.py
[2024-07-17T05:05:34.995+0100] {processor.py:830} INFO - Processing file /mnt/c/Users/Victor/Desktop/Final_Semester/data-engineering-final-semester-portfolio/airflow/dags/first_dag.py for tasks to queue
[2024-07-17T05:05:35.001+0100] {logging_mixin.py:188} INFO - [2024-07-17T05:05:34.999+0100] {dagbag.py:545} INFO - Filling up the DagBag from /mnt/c/Users/Victor/Desktop/Final_Semester/data-engineering-final-semester-portfolio/airflow/dags/first_dag.py
[2024-07-17T05:05:35.101+0100] {processor.py:840} INFO - DAG(s) 'dev-astronauts_in_space-v1.0' retrieved from /mnt/c/Users/Victor/Desktop/Final_Semester/data-engineering-final-semester-portfolio/airflow/dags/first_dag.py
[2024-07-17T05:05:35.235+0100] {logging_mixin.py:188} INFO - [2024-07-17T05:05:35.234+0100] {dag.py:3096} INFO - Sync 1 DAGs
[2024-07-17T05:05:35.714+0100] {processor.py:183} INFO - Processing /mnt/c/Users/Victor/Desktop/Final_Semester/data-engineering-final-semester-portfolio/airflow/dags/first_dag.py took 0.764 seconds
[2024-07-17T05:06:06.723+0100] {processor.py:161} INFO - Started process (PID=42875) to work on /mnt/c/Users/Victor/Desktop/Final_Semester/data-engineering-final-semester-portfolio/airflow/dags/first_dag.py
[2024-07-17T05:06:06.731+0100] {processor.py:830} INFO - Processing file /mnt/c/Users/Victor/Desktop/Final_Semester/data-engineering-final-semester-portfolio/airflow/dags/first_dag.py for tasks to queue
[2024-07-17T05:06:06.735+0100] {logging_mixin.py:188} INFO - [2024-07-17T05:06:06.734+0100] {dagbag.py:545} INFO - Filling up the DagBag from /mnt/c/Users/Victor/Desktop/Final_Semester/data-engineering-final-semester-portfolio/airflow/dags/first_dag.py
[2024-07-17T05:06:06.815+0100] {processor.py:840} INFO - DAG(s) 'dev-astronauts_in_space-v1.0' retrieved from /mnt/c/Users/Victor/Desktop/Final_Semester/data-engineering-final-semester-portfolio/airflow/dags/first_dag.py
[2024-07-17T05:06:06.939+0100] {logging_mixin.py:188} INFO - [2024-07-17T05:06:06.938+0100] {dag.py:3096} INFO - Sync 1 DAGs
[2024-07-17T05:06:07.346+0100] {processor.py:183} INFO - Processing /mnt/c/Users/Victor/Desktop/Final_Semester/data-engineering-final-semester-portfolio/airflow/dags/first_dag.py took 0.651 seconds
[2024-07-17T05:06:38.015+0100] {processor.py:161} INFO - Started process (PID=43022) to work on /mnt/c/Users/Victor/Desktop/Final_Semester/data-engineering-final-semester-portfolio/airflow/dags/first_dag.py
[2024-07-17T05:06:38.020+0100] {processor.py:830} INFO - Processing file /mnt/c/Users/Victor/Desktop/Final_Semester/data-engineering-final-semester-portfolio/airflow/dags/first_dag.py for tasks to queue
[2024-07-17T05:06:38.024+0100] {logging_mixin.py:188} INFO - [2024-07-17T05:06:38.022+0100] {dagbag.py:545} INFO - Filling up the DagBag from /mnt/c/Users/Victor/Desktop/Final_Semester/data-engineering-final-semester-portfolio/airflow/dags/first_dag.py
[2024-07-17T05:06:38.117+0100] {processor.py:840} INFO - DAG(s) 'dev-astronauts_in_space-v1.0' retrieved from /mnt/c/Users/Victor/Desktop/Final_Semester/data-engineering-final-semester-portfolio/airflow/dags/first_dag.py
[2024-07-17T05:06:38.253+0100] {logging_mixin.py:188} INFO - [2024-07-17T05:06:38.252+0100] {dag.py:3096} INFO - Sync 1 DAGs
[2024-07-17T05:06:38.853+0100] {processor.py:183} INFO - Processing /mnt/c/Users/Victor/Desktop/Final_Semester/data-engineering-final-semester-portfolio/airflow/dags/first_dag.py took 0.870 seconds
[2024-07-17T05:07:10.338+0100] {processor.py:161} INFO - Started process (PID=43176) to work on /mnt/c/Users/Victor/Desktop/Final_Semester/data-engineering-final-semester-portfolio/airflow/dags/first_dag.py
[2024-07-17T05:07:10.344+0100] {processor.py:830} INFO - Processing file /mnt/c/Users/Victor/Desktop/Final_Semester/data-engineering-final-semester-portfolio/airflow/dags/first_dag.py for tasks to queue
[2024-07-17T05:07:10.352+0100] {logging_mixin.py:188} INFO - [2024-07-17T05:07:10.349+0100] {dagbag.py:545} INFO - Filling up the DagBag from /mnt/c/Users/Victor/Desktop/Final_Semester/data-engineering-final-semester-portfolio/airflow/dags/first_dag.py
[2024-07-17T05:07:10.471+0100] {processor.py:840} INFO - DAG(s) 'dev-astronauts_in_space-v1.0' retrieved from /mnt/c/Users/Victor/Desktop/Final_Semester/data-engineering-final-semester-portfolio/airflow/dags/first_dag.py
[2024-07-17T05:07:10.640+0100] {logging_mixin.py:188} INFO - [2024-07-17T05:07:10.639+0100] {dag.py:3096} INFO - Sync 1 DAGs
[2024-07-17T05:07:11.091+0100] {processor.py:183} INFO - Processing /mnt/c/Users/Victor/Desktop/Final_Semester/data-engineering-final-semester-portfolio/airflow/dags/first_dag.py took 0.804 seconds
[2024-07-17T05:07:41.825+0100] {processor.py:161} INFO - Started process (PID=43350) to work on /mnt/c/Users/Victor/Desktop/Final_Semester/data-engineering-final-semester-portfolio/airflow/dags/first_dag.py
[2024-07-17T05:07:41.830+0100] {processor.py:830} INFO - Processing file /mnt/c/Users/Victor/Desktop/Final_Semester/data-engineering-final-semester-portfolio/airflow/dags/first_dag.py for tasks to queue
[2024-07-17T05:07:41.836+0100] {logging_mixin.py:188} INFO - [2024-07-17T05:07:41.833+0100] {dagbag.py:545} INFO - Filling up the DagBag from /mnt/c/Users/Victor/Desktop/Final_Semester/data-engineering-final-semester-portfolio/airflow/dags/first_dag.py
[2024-07-17T05:07:41.913+0100] {processor.py:840} INFO - DAG(s) 'dev-astronauts_in_space-v1.0' retrieved from /mnt/c/Users/Victor/Desktop/Final_Semester/data-engineering-final-semester-portfolio/airflow/dags/first_dag.py
[2024-07-17T05:07:42.044+0100] {logging_mixin.py:188} INFO - [2024-07-17T05:07:42.043+0100] {dag.py:3096} INFO - Sync 1 DAGs
[2024-07-17T05:07:42.632+0100] {processor.py:183} INFO - Processing /mnt/c/Users/Victor/Desktop/Final_Semester/data-engineering-final-semester-portfolio/airflow/dags/first_dag.py took 0.834 seconds
[2024-07-17T05:08:13.233+0100] {processor.py:161} INFO - Started process (PID=43503) to work on /mnt/c/Users/Victor/Desktop/Final_Semester/data-engineering-final-semester-portfolio/airflow/dags/first_dag.py
[2024-07-17T05:08:13.237+0100] {processor.py:830} INFO - Processing file /mnt/c/Users/Victor/Desktop/Final_Semester/data-engineering-final-semester-portfolio/airflow/dags/first_dag.py for tasks to queue
[2024-07-17T05:08:13.243+0100] {logging_mixin.py:188} INFO - [2024-07-17T05:08:13.241+0100] {dagbag.py:545} INFO - Filling up the DagBag from /mnt/c/Users/Victor/Desktop/Final_Semester/data-engineering-final-semester-portfolio/airflow/dags/first_dag.py
[2024-07-17T05:08:13.350+0100] {processor.py:840} INFO - DAG(s) 'dev-astronauts_in_space-v1.0' retrieved from /mnt/c/Users/Victor/Desktop/Final_Semester/data-engineering-final-semester-portfolio/airflow/dags/first_dag.py
[2024-07-17T05:08:13.535+0100] {logging_mixin.py:188} INFO - [2024-07-17T05:08:13.532+0100] {dag.py:3096} INFO - Sync 1 DAGs
[2024-07-17T05:08:14.279+0100] {processor.py:183} INFO - Processing /mnt/c/Users/Victor/Desktop/Final_Semester/data-engineering-final-semester-portfolio/airflow/dags/first_dag.py took 1.079 seconds
[2024-07-17T05:59:27.807+0100] {processor.py:161} INFO - Started process (PID=61917) to work on /mnt/c/Users/Victor/Desktop/Final_Semester/data-engineering-final-semester-portfolio/airflow/dags/first_dag.py
[2024-07-17T05:59:27.832+0100] {processor.py:830} INFO - Processing file /mnt/c/Users/Victor/Desktop/Final_Semester/data-engineering-final-semester-portfolio/airflow/dags/first_dag.py for tasks to queue
[2024-07-17T05:59:27.839+0100] {logging_mixin.py:188} INFO - [2024-07-17T05:59:27.837+0100] {dagbag.py:545} INFO - Filling up the DagBag from /mnt/c/Users/Victor/Desktop/Final_Semester/data-engineering-final-semester-portfolio/airflow/dags/first_dag.py
[2024-07-17T05:59:27.949+0100] {processor.py:840} INFO - DAG(s) 'dev-astronauts_in_space-v1.0' retrieved from /mnt/c/Users/Victor/Desktop/Final_Semester/data-engineering-final-semester-portfolio/airflow/dags/first_dag.py
[2024-07-17T05:59:28.647+0100] {logging_mixin.py:188} INFO - [2024-07-17T05:59:28.645+0100] {override.py:1847} INFO - Created Permission View: can read on DAG:dev-astronauts_in_space-v1.0
[2024-07-17T05:59:28.755+0100] {logging_mixin.py:188} INFO - [2024-07-17T05:59:28.754+0100] {override.py:1847} INFO - Created Permission View: can delete on DAG:dev-astronauts_in_space-v1.0
[2024-07-17T05:59:28.867+0100] {logging_mixin.py:188} INFO - [2024-07-17T05:59:28.866+0100] {override.py:1847} INFO - Created Permission View: can edit on DAG:dev-astronauts_in_space-v1.0
[2024-07-17T05:59:28.870+0100] {logging_mixin.py:188} INFO - [2024-07-17T05:59:28.869+0100] {dag.py:3096} INFO - Sync 1 DAGs
[2024-07-17T05:59:28.939+0100] {logging_mixin.py:188} INFO - [2024-07-17T05:59:28.938+0100] {dag.py:3118} INFO - Creating ORM DAG for dev-astronauts_in_space-v1.0
[2024-07-17T05:59:29.004+0100] {logging_mixin.py:188} INFO - [2024-07-17T05:59:29.002+0100] {dag.py:3954} INFO - Setting next_dagrun for dev-astronauts_in_space-v1.0 to 2024-07-17 00:00:00+00:00, run_after=2024-07-18 00:00:00+00:00
[2024-07-17T05:59:29.189+0100] {processor.py:183} INFO - Processing /mnt/c/Users/Victor/Desktop/Final_Semester/data-engineering-final-semester-portfolio/airflow/dags/first_dag.py took 1.427 seconds
[2024-07-17T05:59:59.534+0100] {processor.py:161} INFO - Started process (PID=62369) to work on /mnt/c/Users/Victor/Desktop/Final_Semester/data-engineering-final-semester-portfolio/airflow/dags/first_dag.py
[2024-07-17T05:59:59.539+0100] {processor.py:830} INFO - Processing file /mnt/c/Users/Victor/Desktop/Final_Semester/data-engineering-final-semester-portfolio/airflow/dags/first_dag.py for tasks to queue
[2024-07-17T05:59:59.589+0100] {logging_mixin.py:188} INFO - [2024-07-17T05:59:59.584+0100] {dagbag.py:545} INFO - Filling up the DagBag from /mnt/c/Users/Victor/Desktop/Final_Semester/data-engineering-final-semester-portfolio/airflow/dags/first_dag.py
[2024-07-17T05:59:59.861+0100] {processor.py:840} INFO - DAG(s) 'dev-astronauts_in_space-v1.0' retrieved from /mnt/c/Users/Victor/Desktop/Final_Semester/data-engineering-final-semester-portfolio/airflow/dags/first_dag.py
[2024-07-17T06:00:00.179+0100] {logging_mixin.py:188} INFO - [2024-07-17T06:00:00.178+0100] {dag.py:3096} INFO - Sync 1 DAGs
[2024-07-17T06:00:00.370+0100] {logging_mixin.py:188} INFO - [2024-07-17T06:00:00.369+0100] {dag.py:3954} INFO - Setting next_dagrun for dev-astronauts_in_space-v1.0 to 2024-07-17 00:00:00+00:00, run_after=2024-07-18 00:00:00+00:00
[2024-07-17T06:00:00.578+0100] {processor.py:183} INFO - Processing /mnt/c/Users/Victor/Desktop/Final_Semester/data-engineering-final-semester-portfolio/airflow/dags/first_dag.py took 1.135 seconds
[2024-07-17T06:00:31.698+0100] {processor.py:161} INFO - Started process (PID=62641) to work on /mnt/c/Users/Victor/Desktop/Final_Semester/data-engineering-final-semester-portfolio/airflow/dags/first_dag.py
[2024-07-17T06:00:31.703+0100] {processor.py:830} INFO - Processing file /mnt/c/Users/Victor/Desktop/Final_Semester/data-engineering-final-semester-portfolio/airflow/dags/first_dag.py for tasks to queue
[2024-07-17T06:00:31.713+0100] {logging_mixin.py:188} INFO - [2024-07-17T06:00:31.712+0100] {dagbag.py:545} INFO - Filling up the DagBag from /mnt/c/Users/Victor/Desktop/Final_Semester/data-engineering-final-semester-portfolio/airflow/dags/first_dag.py
[2024-07-17T06:00:31.847+0100] {processor.py:840} INFO - DAG(s) 'dev-astronauts_in_space-v1.0' retrieved from /mnt/c/Users/Victor/Desktop/Final_Semester/data-engineering-final-semester-portfolio/airflow/dags/first_dag.py
[2024-07-17T06:00:32.078+0100] {logging_mixin.py:188} INFO - [2024-07-17T06:00:32.077+0100] {dag.py:3096} INFO - Sync 1 DAGs
[2024-07-17T06:00:32.223+0100] {logging_mixin.py:188} INFO - [2024-07-17T06:00:32.222+0100] {dag.py:3954} INFO - Setting next_dagrun for dev-astronauts_in_space-v1.0 to 2024-07-17 00:00:00+00:00, run_after=2024-07-18 00:00:00+00:00
[2024-07-17T06:00:32.357+0100] {processor.py:183} INFO - Processing /mnt/c/Users/Victor/Desktop/Final_Semester/data-engineering-final-semester-portfolio/airflow/dags/first_dag.py took 0.690 seconds
[2024-07-17T06:01:02.768+0100] {processor.py:161} INFO - Started process (PID=62857) to work on /mnt/c/Users/Victor/Desktop/Final_Semester/data-engineering-final-semester-portfolio/airflow/dags/first_dag.py
[2024-07-17T06:01:02.773+0100] {processor.py:830} INFO - Processing file /mnt/c/Users/Victor/Desktop/Final_Semester/data-engineering-final-semester-portfolio/airflow/dags/first_dag.py for tasks to queue
[2024-07-17T06:01:02.780+0100] {logging_mixin.py:188} INFO - [2024-07-17T06:01:02.779+0100] {dagbag.py:545} INFO - Filling up the DagBag from /mnt/c/Users/Victor/Desktop/Final_Semester/data-engineering-final-semester-portfolio/airflow/dags/first_dag.py
[2024-07-17T06:01:02.947+0100] {processor.py:840} INFO - DAG(s) 'dev-astronauts_in_space-v1.0' retrieved from /mnt/c/Users/Victor/Desktop/Final_Semester/data-engineering-final-semester-portfolio/airflow/dags/first_dag.py
[2024-07-17T06:01:03.165+0100] {logging_mixin.py:188} INFO - [2024-07-17T06:01:03.164+0100] {dag.py:3096} INFO - Sync 1 DAGs
[2024-07-17T06:01:03.308+0100] {logging_mixin.py:188} INFO - [2024-07-17T06:01:03.307+0100] {dag.py:3954} INFO - Setting next_dagrun for dev-astronauts_in_space-v1.0 to 2024-07-17 00:00:00+00:00, run_after=2024-07-18 00:00:00+00:00
[2024-07-17T06:01:03.515+0100] {processor.py:183} INFO - Processing /mnt/c/Users/Victor/Desktop/Final_Semester/data-engineering-final-semester-portfolio/airflow/dags/first_dag.py took 0.774 seconds
[2024-07-17T06:01:33.714+0100] {processor.py:161} INFO - Started process (PID=63007) to work on /mnt/c/Users/Victor/Desktop/Final_Semester/data-engineering-final-semester-portfolio/airflow/dags/first_dag.py
[2024-07-17T06:01:33.717+0100] {processor.py:830} INFO - Processing file /mnt/c/Users/Victor/Desktop/Final_Semester/data-engineering-final-semester-portfolio/airflow/dags/first_dag.py for tasks to queue
[2024-07-17T06:01:33.725+0100] {logging_mixin.py:188} INFO - [2024-07-17T06:01:33.724+0100] {dagbag.py:545} INFO - Filling up the DagBag from /mnt/c/Users/Victor/Desktop/Final_Semester/data-engineering-final-semester-portfolio/airflow/dags/first_dag.py
[2024-07-17T06:01:33.839+0100] {processor.py:840} INFO - DAG(s) 'dev-astronauts_in_space-v1.0' retrieved from /mnt/c/Users/Victor/Desktop/Final_Semester/data-engineering-final-semester-portfolio/airflow/dags/first_dag.py
[2024-07-17T06:01:33.960+0100] {logging_mixin.py:188} INFO - [2024-07-17T06:01:33.959+0100] {dag.py:3096} INFO - Sync 1 DAGs
[2024-07-17T06:01:34.064+0100] {logging_mixin.py:188} INFO - [2024-07-17T06:01:34.064+0100] {dag.py:3954} INFO - Setting next_dagrun for dev-astronauts_in_space-v1.0 to 2024-07-17 00:00:00+00:00, run_after=2024-07-18 00:00:00+00:00
[2024-07-17T06:01:34.180+0100] {processor.py:183} INFO - Processing /mnt/c/Users/Victor/Desktop/Final_Semester/data-engineering-final-semester-portfolio/airflow/dags/first_dag.py took 0.495 seconds
[2024-07-17T06:02:04.762+0100] {processor.py:161} INFO - Started process (PID=63165) to work on /mnt/c/Users/Victor/Desktop/Final_Semester/data-engineering-final-semester-portfolio/airflow/dags/first_dag.py
[2024-07-17T06:02:04.766+0100] {processor.py:830} INFO - Processing file /mnt/c/Users/Victor/Desktop/Final_Semester/data-engineering-final-semester-portfolio/airflow/dags/first_dag.py for tasks to queue
[2024-07-17T06:02:04.772+0100] {logging_mixin.py:188} INFO - [2024-07-17T06:02:04.771+0100] {dagbag.py:545} INFO - Filling up the DagBag from /mnt/c/Users/Victor/Desktop/Final_Semester/data-engineering-final-semester-portfolio/airflow/dags/first_dag.py
[2024-07-17T06:02:04.871+0100] {processor.py:840} INFO - DAG(s) 'dev-astronauts_in_space-v1.0' retrieved from /mnt/c/Users/Victor/Desktop/Final_Semester/data-engineering-final-semester-portfolio/airflow/dags/first_dag.py
[2024-07-17T06:02:04.999+0100] {logging_mixin.py:188} INFO - [2024-07-17T06:02:04.998+0100] {dag.py:3096} INFO - Sync 1 DAGs
[2024-07-17T06:02:05.097+0100] {logging_mixin.py:188} INFO - [2024-07-17T06:02:05.096+0100] {dag.py:3954} INFO - Setting next_dagrun for dev-astronauts_in_space-v1.0 to 2024-07-17 00:00:00+00:00, run_after=2024-07-18 00:00:00+00:00
[2024-07-17T06:02:05.212+0100] {processor.py:183} INFO - Processing /mnt/c/Users/Victor/Desktop/Final_Semester/data-engineering-final-semester-portfolio/airflow/dags/first_dag.py took 0.473 seconds
[2024-07-17T06:02:35.389+0100] {processor.py:161} INFO - Started process (PID=63316) to work on /mnt/c/Users/Victor/Desktop/Final_Semester/data-engineering-final-semester-portfolio/airflow/dags/first_dag.py
[2024-07-17T06:02:35.393+0100] {processor.py:830} INFO - Processing file /mnt/c/Users/Victor/Desktop/Final_Semester/data-engineering-final-semester-portfolio/airflow/dags/first_dag.py for tasks to queue
[2024-07-17T06:02:35.401+0100] {logging_mixin.py:188} INFO - [2024-07-17T06:02:35.399+0100] {dagbag.py:545} INFO - Filling up the DagBag from /mnt/c/Users/Victor/Desktop/Final_Semester/data-engineering-final-semester-portfolio/airflow/dags/first_dag.py
[2024-07-17T06:02:35.501+0100] {processor.py:840} INFO - DAG(s) 'dev-astronauts_in_space-v1.0' retrieved from /mnt/c/Users/Victor/Desktop/Final_Semester/data-engineering-final-semester-portfolio/airflow/dags/first_dag.py
[2024-07-17T06:02:35.638+0100] {logging_mixin.py:188} INFO - [2024-07-17T06:02:35.637+0100] {dag.py:3096} INFO - Sync 1 DAGs
[2024-07-17T06:02:35.760+0100] {logging_mixin.py:188} INFO - [2024-07-17T06:02:35.759+0100] {dag.py:3954} INFO - Setting next_dagrun for dev-astronauts_in_space-v1.0 to 2024-07-17 00:00:00+00:00, run_after=2024-07-18 00:00:00+00:00
[2024-07-17T06:02:35.889+0100] {processor.py:183} INFO - Processing /mnt/c/Users/Victor/Desktop/Final_Semester/data-engineering-final-semester-portfolio/airflow/dags/first_dag.py took 0.527 seconds
[2024-07-17T06:03:06.087+0100] {processor.py:161} INFO - Started process (PID=63471) to work on /mnt/c/Users/Victor/Desktop/Final_Semester/data-engineering-final-semester-portfolio/airflow/dags/first_dag.py
[2024-07-17T06:03:06.097+0100] {processor.py:830} INFO - Processing file /mnt/c/Users/Victor/Desktop/Final_Semester/data-engineering-final-semester-portfolio/airflow/dags/first_dag.py for tasks to queue
[2024-07-17T06:03:06.105+0100] {logging_mixin.py:188} INFO - [2024-07-17T06:03:06.104+0100] {dagbag.py:545} INFO - Filling up the DagBag from /mnt/c/Users/Victor/Desktop/Final_Semester/data-engineering-final-semester-portfolio/airflow/dags/first_dag.py
[2024-07-17T06:03:06.192+0100] {processor.py:840} INFO - DAG(s) 'dev-astronauts_in_space-v1.0' retrieved from /mnt/c/Users/Victor/Desktop/Final_Semester/data-engineering-final-semester-portfolio/airflow/dags/first_dag.py
[2024-07-17T06:03:06.315+0100] {logging_mixin.py:188} INFO - [2024-07-17T06:03:06.314+0100] {dag.py:3096} INFO - Sync 1 DAGs
[2024-07-17T06:03:06.419+0100] {logging_mixin.py:188} INFO - [2024-07-17T06:03:06.418+0100] {dag.py:3954} INFO - Setting next_dagrun for dev-astronauts_in_space-v1.0 to 2024-07-17 00:00:00+00:00, run_after=2024-07-18 00:00:00+00:00
[2024-07-17T06:03:06.540+0100] {processor.py:183} INFO - Processing /mnt/c/Users/Victor/Desktop/Final_Semester/data-engineering-final-semester-portfolio/airflow/dags/first_dag.py took 0.495 seconds
[2024-07-17T06:03:37.186+0100] {processor.py:161} INFO - Started process (PID=63623) to work on /mnt/c/Users/Victor/Desktop/Final_Semester/data-engineering-final-semester-portfolio/airflow/dags/first_dag.py
[2024-07-17T06:03:37.189+0100] {processor.py:830} INFO - Processing file /mnt/c/Users/Victor/Desktop/Final_Semester/data-engineering-final-semester-portfolio/airflow/dags/first_dag.py for tasks to queue
[2024-07-17T06:03:37.196+0100] {logging_mixin.py:188} INFO - [2024-07-17T06:03:37.195+0100] {dagbag.py:545} INFO - Filling up the DagBag from /mnt/c/Users/Victor/Desktop/Final_Semester/data-engineering-final-semester-portfolio/airflow/dags/first_dag.py
[2024-07-17T06:03:37.291+0100] {processor.py:840} INFO - DAG(s) 'dev-astronauts_in_space-v1.0' retrieved from /mnt/c/Users/Victor/Desktop/Final_Semester/data-engineering-final-semester-portfolio/airflow/dags/first_dag.py
[2024-07-17T06:03:37.458+0100] {logging_mixin.py:188} INFO - [2024-07-17T06:03:37.457+0100] {dag.py:3096} INFO - Sync 1 DAGs
[2024-07-17T06:03:37.600+0100] {logging_mixin.py:188} INFO - [2024-07-17T06:03:37.600+0100] {dag.py:3954} INFO - Setting next_dagrun for dev-astronauts_in_space-v1.0 to 2024-07-17 00:00:00+00:00, run_after=2024-07-18 00:00:00+00:00
[2024-07-17T06:03:37.719+0100] {processor.py:183} INFO - Processing /mnt/c/Users/Victor/Desktop/Final_Semester/data-engineering-final-semester-portfolio/airflow/dags/first_dag.py took 0.557 seconds
[2024-07-17T06:04:08.666+0100] {processor.py:161} INFO - Started process (PID=63780) to work on /mnt/c/Users/Victor/Desktop/Final_Semester/data-engineering-final-semester-portfolio/airflow/dags/first_dag.py
[2024-07-17T06:04:08.670+0100] {processor.py:830} INFO - Processing file /mnt/c/Users/Victor/Desktop/Final_Semester/data-engineering-final-semester-portfolio/airflow/dags/first_dag.py for tasks to queue
[2024-07-17T06:04:08.676+0100] {logging_mixin.py:188} INFO - [2024-07-17T06:04:08.675+0100] {dagbag.py:545} INFO - Filling up the DagBag from /mnt/c/Users/Victor/Desktop/Final_Semester/data-engineering-final-semester-portfolio/airflow/dags/first_dag.py
[2024-07-17T06:04:08.764+0100] {processor.py:840} INFO - DAG(s) 'dev-astronauts_in_space-v1.0' retrieved from /mnt/c/Users/Victor/Desktop/Final_Semester/data-engineering-final-semester-portfolio/airflow/dags/first_dag.py
[2024-07-17T06:04:08.889+0100] {logging_mixin.py:188} INFO - [2024-07-17T06:04:08.889+0100] {dag.py:3096} INFO - Sync 1 DAGs
[2024-07-17T06:04:08.991+0100] {logging_mixin.py:188} INFO - [2024-07-17T06:04:08.990+0100] {dag.py:3954} INFO - Setting next_dagrun for dev-astronauts_in_space-v1.0 to 2024-07-17 00:00:00+00:00, run_after=2024-07-18 00:00:00+00:00
[2024-07-17T06:04:09.286+0100] {processor.py:183} INFO - Processing /mnt/c/Users/Victor/Desktop/Final_Semester/data-engineering-final-semester-portfolio/airflow/dags/first_dag.py took 0.646 seconds
[2024-07-17T06:04:39.741+0100] {processor.py:161} INFO - Started process (PID=64063) to work on /mnt/c/Users/Victor/Desktop/Final_Semester/data-engineering-final-semester-portfolio/airflow/dags/first_dag.py
[2024-07-17T06:04:39.745+0100] {processor.py:830} INFO - Processing file /mnt/c/Users/Victor/Desktop/Final_Semester/data-engineering-final-semester-portfolio/airflow/dags/first_dag.py for tasks to queue
[2024-07-17T06:04:39.751+0100] {logging_mixin.py:188} INFO - [2024-07-17T06:04:39.750+0100] {dagbag.py:545} INFO - Filling up the DagBag from /mnt/c/Users/Victor/Desktop/Final_Semester/data-engineering-final-semester-portfolio/airflow/dags/first_dag.py
[2024-07-17T06:04:39.835+0100] {processor.py:840} INFO - DAG(s) 'dev-astronauts_in_space-v1.0' retrieved from /mnt/c/Users/Victor/Desktop/Final_Semester/data-engineering-final-semester-portfolio/airflow/dags/first_dag.py
[2024-07-17T06:04:39.958+0100] {logging_mixin.py:188} INFO - [2024-07-17T06:04:39.957+0100] {dag.py:3096} INFO - Sync 1 DAGs
[2024-07-17T06:04:40.061+0100] {logging_mixin.py:188} INFO - [2024-07-17T06:04:40.060+0100] {dag.py:3954} INFO - Setting next_dagrun for dev-astronauts_in_space-v1.0 to 2024-07-17 00:00:00+00:00, run_after=2024-07-18 00:00:00+00:00
[2024-07-17T06:04:40.223+0100] {processor.py:183} INFO - Processing /mnt/c/Users/Victor/Desktop/Final_Semester/data-engineering-final-semester-portfolio/airflow/dags/first_dag.py took 0.509 seconds
[2024-07-17T06:05:10.973+0100] {processor.py:161} INFO - Started process (PID=64216) to work on /mnt/c/Users/Victor/Desktop/Final_Semester/data-engineering-final-semester-portfolio/airflow/dags/first_dag.py
[2024-07-17T06:05:10.977+0100] {processor.py:830} INFO - Processing file /mnt/c/Users/Victor/Desktop/Final_Semester/data-engineering-final-semester-portfolio/airflow/dags/first_dag.py for tasks to queue
[2024-07-17T06:05:10.983+0100] {logging_mixin.py:188} INFO - [2024-07-17T06:05:10.982+0100] {dagbag.py:545} INFO - Filling up the DagBag from /mnt/c/Users/Victor/Desktop/Final_Semester/data-engineering-final-semester-portfolio/airflow/dags/first_dag.py
[2024-07-17T06:05:11.078+0100] {processor.py:840} INFO - DAG(s) 'dev-astronauts_in_space-v1.0' retrieved from /mnt/c/Users/Victor/Desktop/Final_Semester/data-engineering-final-semester-portfolio/airflow/dags/first_dag.py
[2024-07-17T06:05:11.203+0100] {logging_mixin.py:188} INFO - [2024-07-17T06:05:11.202+0100] {dag.py:3096} INFO - Sync 1 DAGs
[2024-07-17T06:05:11.303+0100] {logging_mixin.py:188} INFO - [2024-07-17T06:05:11.302+0100] {dag.py:3954} INFO - Setting next_dagrun for dev-astronauts_in_space-v1.0 to 2024-07-17 00:00:00+00:00, run_after=2024-07-18 00:00:00+00:00
[2024-07-17T06:05:11.420+0100] {processor.py:183} INFO - Processing /mnt/c/Users/Victor/Desktop/Final_Semester/data-engineering-final-semester-portfolio/airflow/dags/first_dag.py took 0.473 seconds
[2024-07-17T06:05:42.288+0100] {processor.py:161} INFO - Started process (PID=64375) to work on /mnt/c/Users/Victor/Desktop/Final_Semester/data-engineering-final-semester-portfolio/airflow/dags/first_dag.py
[2024-07-17T06:05:42.292+0100] {processor.py:830} INFO - Processing file /mnt/c/Users/Victor/Desktop/Final_Semester/data-engineering-final-semester-portfolio/airflow/dags/first_dag.py for tasks to queue
[2024-07-17T06:05:42.299+0100] {logging_mixin.py:188} INFO - [2024-07-17T06:05:42.298+0100] {dagbag.py:545} INFO - Filling up the DagBag from /mnt/c/Users/Victor/Desktop/Final_Semester/data-engineering-final-semester-portfolio/airflow/dags/first_dag.py
[2024-07-17T06:05:42.483+0100] {processor.py:840} INFO - DAG(s) 'dev-astronauts_in_space-v1.0' retrieved from /mnt/c/Users/Victor/Desktop/Final_Semester/data-engineering-final-semester-portfolio/airflow/dags/first_dag.py
[2024-07-17T06:05:42.616+0100] {logging_mixin.py:188} INFO - [2024-07-17T06:05:42.615+0100] {dag.py:3096} INFO - Sync 1 DAGs
[2024-07-17T06:05:42.809+0100] {logging_mixin.py:188} INFO - [2024-07-17T06:05:42.808+0100] {dag.py:3954} INFO - Setting next_dagrun for dev-astronauts_in_space-v1.0 to 2024-07-17 00:00:00+00:00, run_after=2024-07-18 00:00:00+00:00
[2024-07-17T06:05:43.461+0100] {processor.py:183} INFO - Processing /mnt/c/Users/Victor/Desktop/Final_Semester/data-engineering-final-semester-portfolio/airflow/dags/first_dag.py took 1.238 seconds
[2024-07-17T06:06:14.387+0100] {processor.py:161} INFO - Started process (PID=64536) to work on /mnt/c/Users/Victor/Desktop/Final_Semester/data-engineering-final-semester-portfolio/airflow/dags/first_dag.py
[2024-07-17T06:06:14.391+0100] {processor.py:830} INFO - Processing file /mnt/c/Users/Victor/Desktop/Final_Semester/data-engineering-final-semester-portfolio/airflow/dags/first_dag.py for tasks to queue
[2024-07-17T06:06:14.398+0100] {logging_mixin.py:188} INFO - [2024-07-17T06:06:14.397+0100] {dagbag.py:545} INFO - Filling up the DagBag from /mnt/c/Users/Victor/Desktop/Final_Semester/data-engineering-final-semester-portfolio/airflow/dags/first_dag.py
[2024-07-17T06:06:14.483+0100] {processor.py:840} INFO - DAG(s) 'dev-astronauts_in_space-v1.0' retrieved from /mnt/c/Users/Victor/Desktop/Final_Semester/data-engineering-final-semester-portfolio/airflow/dags/first_dag.py
[2024-07-17T06:06:14.605+0100] {logging_mixin.py:188} INFO - [2024-07-17T06:06:14.605+0100] {dag.py:3096} INFO - Sync 1 DAGs
[2024-07-17T06:06:15.019+0100] {logging_mixin.py:188} INFO - [2024-07-17T06:06:15.018+0100] {dag.py:3954} INFO - Setting next_dagrun for dev-astronauts_in_space-v1.0 to 2024-07-17 00:00:00+00:00, run_after=2024-07-18 00:00:00+00:00
[2024-07-17T06:06:15.124+0100] {processor.py:183} INFO - Processing /mnt/c/Users/Victor/Desktop/Final_Semester/data-engineering-final-semester-portfolio/airflow/dags/first_dag.py took 0.762 seconds
[2024-07-17T06:06:45.841+0100] {processor.py:161} INFO - Started process (PID=64689) to work on /mnt/c/Users/Victor/Desktop/Final_Semester/data-engineering-final-semester-portfolio/airflow/dags/first_dag.py
[2024-07-17T06:06:45.845+0100] {processor.py:830} INFO - Processing file /mnt/c/Users/Victor/Desktop/Final_Semester/data-engineering-final-semester-portfolio/airflow/dags/first_dag.py for tasks to queue
[2024-07-17T06:06:45.851+0100] {logging_mixin.py:188} INFO - [2024-07-17T06:06:45.850+0100] {dagbag.py:545} INFO - Filling up the DagBag from /mnt/c/Users/Victor/Desktop/Final_Semester/data-engineering-final-semester-portfolio/airflow/dags/first_dag.py
[2024-07-17T06:06:45.949+0100] {processor.py:840} INFO - DAG(s) 'dev-astronauts_in_space-v1.0' retrieved from /mnt/c/Users/Victor/Desktop/Final_Semester/data-engineering-final-semester-portfolio/airflow/dags/first_dag.py
[2024-07-17T06:06:46.070+0100] {logging_mixin.py:188} INFO - [2024-07-17T06:06:46.070+0100] {dag.py:3096} INFO - Sync 1 DAGs
[2024-07-17T06:06:46.480+0100] {logging_mixin.py:188} INFO - [2024-07-17T06:06:46.479+0100] {dag.py:3954} INFO - Setting next_dagrun for dev-astronauts_in_space-v1.0 to 2024-07-17 00:00:00+00:00, run_after=2024-07-18 00:00:00+00:00
[2024-07-17T06:06:46.587+0100] {processor.py:183} INFO - Processing /mnt/c/Users/Victor/Desktop/Final_Semester/data-engineering-final-semester-portfolio/airflow/dags/first_dag.py took 0.777 seconds
[2024-07-17T06:07:17.287+0100] {processor.py:161} INFO - Started process (PID=64899) to work on /mnt/c/Users/Victor/Desktop/Final_Semester/data-engineering-final-semester-portfolio/airflow/dags/first_dag.py
[2024-07-17T06:07:17.291+0100] {processor.py:830} INFO - Processing file /mnt/c/Users/Victor/Desktop/Final_Semester/data-engineering-final-semester-portfolio/airflow/dags/first_dag.py for tasks to queue
[2024-07-17T06:07:17.299+0100] {logging_mixin.py:188} INFO - [2024-07-17T06:07:17.297+0100] {dagbag.py:545} INFO - Filling up the DagBag from /mnt/c/Users/Victor/Desktop/Final_Semester/data-engineering-final-semester-portfolio/airflow/dags/first_dag.py
[2024-07-17T06:07:17.526+0100] {processor.py:840} INFO - DAG(s) 'dev-astronauts_in_space-v1.0' retrieved from /mnt/c/Users/Victor/Desktop/Final_Semester/data-engineering-final-semester-portfolio/airflow/dags/first_dag.py
[2024-07-17T06:07:18.009+0100] {logging_mixin.py:188} INFO - [2024-07-17T06:07:18.008+0100] {dag.py:3096} INFO - Sync 1 DAGs
[2024-07-17T06:07:18.109+0100] {logging_mixin.py:188} INFO - [2024-07-17T06:07:18.108+0100] {dag.py:3954} INFO - Setting next_dagrun for dev-astronauts_in_space-v1.0 to 2024-07-17 00:00:00+00:00, run_after=2024-07-18 00:00:00+00:00
[2024-07-17T06:07:18.259+0100] {processor.py:183} INFO - Processing /mnt/c/Users/Victor/Desktop/Final_Semester/data-engineering-final-semester-portfolio/airflow/dags/first_dag.py took 1.002 seconds
[2024-07-17T06:07:48.955+0100] {processor.py:161} INFO - Started process (PID=65053) to work on /mnt/c/Users/Victor/Desktop/Final_Semester/data-engineering-final-semester-portfolio/airflow/dags/first_dag.py
[2024-07-17T06:07:48.959+0100] {processor.py:830} INFO - Processing file /mnt/c/Users/Victor/Desktop/Final_Semester/data-engineering-final-semester-portfolio/airflow/dags/first_dag.py for tasks to queue
[2024-07-17T06:07:48.966+0100] {logging_mixin.py:188} INFO - [2024-07-17T06:07:48.965+0100] {dagbag.py:545} INFO - Filling up the DagBag from /mnt/c/Users/Victor/Desktop/Final_Semester/data-engineering-final-semester-portfolio/airflow/dags/first_dag.py
[2024-07-17T06:07:49.346+0100] {processor.py:840} INFO - DAG(s) 'dev-astronauts_in_space-v1.0' retrieved from /mnt/c/Users/Victor/Desktop/Final_Semester/data-engineering-final-semester-portfolio/airflow/dags/first_dag.py
[2024-07-17T06:07:49.464+0100] {logging_mixin.py:188} INFO - [2024-07-17T06:07:49.463+0100] {dag.py:3096} INFO - Sync 1 DAGs
[2024-07-17T06:07:49.553+0100] {logging_mixin.py:188} INFO - [2024-07-17T06:07:49.552+0100] {dag.py:3954} INFO - Setting next_dagrun for dev-astronauts_in_space-v1.0 to 2024-07-17 00:00:00+00:00, run_after=2024-07-18 00:00:00+00:00
[2024-07-17T06:07:49.683+0100] {processor.py:183} INFO - Processing /mnt/c/Users/Victor/Desktop/Final_Semester/data-engineering-final-semester-portfolio/airflow/dags/first_dag.py took 0.753 seconds
[2024-07-17T06:08:19.960+0100] {processor.py:161} INFO - Started process (PID=65211) to work on /mnt/c/Users/Victor/Desktop/Final_Semester/data-engineering-final-semester-portfolio/airflow/dags/first_dag.py
[2024-07-17T06:08:19.964+0100] {processor.py:830} INFO - Processing file /mnt/c/Users/Victor/Desktop/Final_Semester/data-engineering-final-semester-portfolio/airflow/dags/first_dag.py for tasks to queue
[2024-07-17T06:08:19.972+0100] {logging_mixin.py:188} INFO - [2024-07-17T06:08:19.970+0100] {dagbag.py:545} INFO - Filling up the DagBag from /mnt/c/Users/Victor/Desktop/Final_Semester/data-engineering-final-semester-portfolio/airflow/dags/first_dag.py
[2024-07-17T06:08:20.080+0100] {processor.py:840} INFO - DAG(s) 'dev-astronauts_in_space-v1.0' retrieved from /mnt/c/Users/Victor/Desktop/Final_Semester/data-engineering-final-semester-portfolio/airflow/dags/first_dag.py
[2024-07-17T06:08:20.224+0100] {logging_mixin.py:188} INFO - [2024-07-17T06:08:20.223+0100] {dag.py:3096} INFO - Sync 1 DAGs
[2024-07-17T06:08:20.336+0100] {logging_mixin.py:188} INFO - [2024-07-17T06:08:20.335+0100] {dag.py:3954} INFO - Setting next_dagrun for dev-astronauts_in_space-v1.0 to 2024-07-17 00:00:00+00:00, run_after=2024-07-18 00:00:00+00:00
[2024-07-17T06:08:20.477+0100] {processor.py:183} INFO - Processing /mnt/c/Users/Victor/Desktop/Final_Semester/data-engineering-final-semester-portfolio/airflow/dags/first_dag.py took 0.543 seconds
[2024-07-17T06:08:50.815+0100] {processor.py:161} INFO - Started process (PID=65361) to work on /mnt/c/Users/Victor/Desktop/Final_Semester/data-engineering-final-semester-portfolio/airflow/dags/first_dag.py
[2024-07-17T06:08:50.819+0100] {processor.py:830} INFO - Processing file /mnt/c/Users/Victor/Desktop/Final_Semester/data-engineering-final-semester-portfolio/airflow/dags/first_dag.py for tasks to queue
[2024-07-17T06:08:50.828+0100] {logging_mixin.py:188} INFO - [2024-07-17T06:08:50.826+0100] {dagbag.py:545} INFO - Filling up the DagBag from /mnt/c/Users/Victor/Desktop/Final_Semester/data-engineering-final-semester-portfolio/airflow/dags/first_dag.py
[2024-07-17T06:08:50.928+0100] {processor.py:840} INFO - DAG(s) 'dev-astronauts_in_space-v1.0' retrieved from /mnt/c/Users/Victor/Desktop/Final_Semester/data-engineering-final-semester-portfolio/airflow/dags/first_dag.py
[2024-07-17T06:08:51.094+0100] {logging_mixin.py:188} INFO - [2024-07-17T06:08:51.092+0100] {dag.py:3096} INFO - Sync 1 DAGs
[2024-07-17T06:08:51.265+0100] {logging_mixin.py:188} INFO - [2024-07-17T06:08:51.264+0100] {dag.py:3954} INFO - Setting next_dagrun for dev-astronauts_in_space-v1.0 to 2024-07-17 00:00:00+00:00, run_after=2024-07-18 00:00:00+00:00
[2024-07-17T06:08:51.441+0100] {processor.py:183} INFO - Processing /mnt/c/Users/Victor/Desktop/Final_Semester/data-engineering-final-semester-portfolio/airflow/dags/first_dag.py took 0.651 seconds
[2024-07-17T06:09:21.759+0100] {processor.py:161} INFO - Started process (PID=65519) to work on /mnt/c/Users/Victor/Desktop/Final_Semester/data-engineering-final-semester-portfolio/airflow/dags/first_dag.py
[2024-07-17T06:09:21.762+0100] {processor.py:830} INFO - Processing file /mnt/c/Users/Victor/Desktop/Final_Semester/data-engineering-final-semester-portfolio/airflow/dags/first_dag.py for tasks to queue
[2024-07-17T06:09:21.769+0100] {logging_mixin.py:188} INFO - [2024-07-17T06:09:21.768+0100] {dagbag.py:545} INFO - Filling up the DagBag from /mnt/c/Users/Victor/Desktop/Final_Semester/data-engineering-final-semester-portfolio/airflow/dags/first_dag.py
[2024-07-17T06:09:21.889+0100] {processor.py:840} INFO - DAG(s) 'dev-astronauts_in_space-v1.0' retrieved from /mnt/c/Users/Victor/Desktop/Final_Semester/data-engineering-final-semester-portfolio/airflow/dags/first_dag.py
[2024-07-17T06:09:22.070+0100] {logging_mixin.py:188} INFO - [2024-07-17T06:09:22.069+0100] {dag.py:3096} INFO - Sync 1 DAGs
[2024-07-17T06:09:22.199+0100] {logging_mixin.py:188} INFO - [2024-07-17T06:09:22.198+0100] {dag.py:3954} INFO - Setting next_dagrun for dev-astronauts_in_space-v1.0 to 2024-07-17 00:00:00+00:00, run_after=2024-07-18 00:00:00+00:00
[2024-07-17T06:09:22.313+0100] {processor.py:183} INFO - Processing /mnt/c/Users/Victor/Desktop/Final_Semester/data-engineering-final-semester-portfolio/airflow/dags/first_dag.py took 0.583 seconds
[2024-07-17T06:09:53.518+0100] {processor.py:161} INFO - Started process (PID=65801) to work on /mnt/c/Users/Victor/Desktop/Final_Semester/data-engineering-final-semester-portfolio/airflow/dags/first_dag.py
[2024-07-17T06:09:53.522+0100] {processor.py:830} INFO - Processing file /mnt/c/Users/Victor/Desktop/Final_Semester/data-engineering-final-semester-portfolio/airflow/dags/first_dag.py for tasks to queue
[2024-07-17T06:09:53.532+0100] {logging_mixin.py:188} INFO - [2024-07-17T06:09:53.530+0100] {dagbag.py:545} INFO - Filling up the DagBag from /mnt/c/Users/Victor/Desktop/Final_Semester/data-engineering-final-semester-portfolio/airflow/dags/first_dag.py
[2024-07-17T06:09:53.628+0100] {processor.py:840} INFO - DAG(s) 'dev-astronauts_in_space-v1.0' retrieved from /mnt/c/Users/Victor/Desktop/Final_Semester/data-engineering-final-semester-portfolio/airflow/dags/first_dag.py
[2024-07-17T06:09:53.771+0100] {logging_mixin.py:188} INFO - [2024-07-17T06:09:53.770+0100] {dag.py:3096} INFO - Sync 1 DAGs
[2024-07-17T06:09:53.887+0100] {logging_mixin.py:188} INFO - [2024-07-17T06:09:53.886+0100] {dag.py:3954} INFO - Setting next_dagrun for dev-astronauts_in_space-v1.0 to 2024-07-17 00:00:00+00:00, run_after=2024-07-18 00:00:00+00:00
[2024-07-17T06:09:53.994+0100] {processor.py:183} INFO - Processing /mnt/c/Users/Victor/Desktop/Final_Semester/data-engineering-final-semester-portfolio/airflow/dags/first_dag.py took 0.517 seconds
[2024-07-17T06:10:24.787+0100] {processor.py:161} INFO - Started process (PID=65956) to work on /mnt/c/Users/Victor/Desktop/Final_Semester/data-engineering-final-semester-portfolio/airflow/dags/first_dag.py
[2024-07-17T06:10:24.791+0100] {processor.py:830} INFO - Processing file /mnt/c/Users/Victor/Desktop/Final_Semester/data-engineering-final-semester-portfolio/airflow/dags/first_dag.py for tasks to queue
[2024-07-17T06:10:24.802+0100] {logging_mixin.py:188} INFO - [2024-07-17T06:10:24.801+0100] {dagbag.py:545} INFO - Filling up the DagBag from /mnt/c/Users/Victor/Desktop/Final_Semester/data-engineering-final-semester-portfolio/airflow/dags/first_dag.py
[2024-07-17T06:10:24.888+0100] {processor.py:840} INFO - DAG(s) 'dev-astronauts_in_space-v1.0' retrieved from /mnt/c/Users/Victor/Desktop/Final_Semester/data-engineering-final-semester-portfolio/airflow/dags/first_dag.py
[2024-07-17T06:10:25.015+0100] {logging_mixin.py:188} INFO - [2024-07-17T06:10:25.014+0100] {dag.py:3096} INFO - Sync 1 DAGs
[2024-07-17T06:10:25.150+0100] {logging_mixin.py:188} INFO - [2024-07-17T06:10:25.149+0100] {dag.py:3954} INFO - Setting next_dagrun for dev-astronauts_in_space-v1.0 to 2024-07-17 00:00:00+00:00, run_after=2024-07-18 00:00:00+00:00
[2024-07-17T06:10:25.296+0100] {processor.py:183} INFO - Processing /mnt/c/Users/Victor/Desktop/Final_Semester/data-engineering-final-semester-portfolio/airflow/dags/first_dag.py took 0.536 seconds
[2024-07-17T06:10:55.702+0100] {processor.py:161} INFO - Started process (PID=66113) to work on /mnt/c/Users/Victor/Desktop/Final_Semester/data-engineering-final-semester-portfolio/airflow/dags/first_dag.py
[2024-07-17T06:10:55.708+0100] {processor.py:830} INFO - Processing file /mnt/c/Users/Victor/Desktop/Final_Semester/data-engineering-final-semester-portfolio/airflow/dags/first_dag.py for tasks to queue
[2024-07-17T06:10:55.716+0100] {logging_mixin.py:188} INFO - [2024-07-17T06:10:55.714+0100] {dagbag.py:545} INFO - Filling up the DagBag from /mnt/c/Users/Victor/Desktop/Final_Semester/data-engineering-final-semester-portfolio/airflow/dags/first_dag.py
[2024-07-17T06:10:55.816+0100] {processor.py:840} INFO - DAG(s) 'dev-astronauts_in_space-v1.0' retrieved from /mnt/c/Users/Victor/Desktop/Final_Semester/data-engineering-final-semester-portfolio/airflow/dags/first_dag.py
[2024-07-17T06:10:55.946+0100] {logging_mixin.py:188} INFO - [2024-07-17T06:10:55.945+0100] {dag.py:3096} INFO - Sync 1 DAGs
[2024-07-17T06:10:56.050+0100] {logging_mixin.py:188} INFO - [2024-07-17T06:10:56.049+0100] {dag.py:3954} INFO - Setting next_dagrun for dev-astronauts_in_space-v1.0 to 2024-07-17 00:00:00+00:00, run_after=2024-07-18 00:00:00+00:00
[2024-07-17T06:10:56.202+0100] {processor.py:183} INFO - Processing /mnt/c/Users/Victor/Desktop/Final_Semester/data-engineering-final-semester-portfolio/airflow/dags/first_dag.py took 0.527 seconds
[2024-07-17T06:11:26.947+0100] {processor.py:161} INFO - Started process (PID=66264) to work on /mnt/c/Users/Victor/Desktop/Final_Semester/data-engineering-final-semester-portfolio/airflow/dags/first_dag.py
[2024-07-17T06:11:26.953+0100] {processor.py:830} INFO - Processing file /mnt/c/Users/Victor/Desktop/Final_Semester/data-engineering-final-semester-portfolio/airflow/dags/first_dag.py for tasks to queue
[2024-07-17T06:11:26.968+0100] {logging_mixin.py:188} INFO - [2024-07-17T06:11:26.967+0100] {dagbag.py:545} INFO - Filling up the DagBag from /mnt/c/Users/Victor/Desktop/Final_Semester/data-engineering-final-semester-portfolio/airflow/dags/first_dag.py
[2024-07-17T06:11:27.262+0100] {processor.py:840} INFO - DAG(s) 'dev-astronauts_in_space-v1.0' retrieved from /mnt/c/Users/Victor/Desktop/Final_Semester/data-engineering-final-semester-portfolio/airflow/dags/first_dag.py
[2024-07-17T06:11:27.701+0100] {logging_mixin.py:188} INFO - [2024-07-17T06:11:27.700+0100] {dag.py:3096} INFO - Sync 1 DAGs
[2024-07-17T06:11:27.850+0100] {logging_mixin.py:188} INFO - [2024-07-17T06:11:27.849+0100] {dag.py:3954} INFO - Setting next_dagrun for dev-astronauts_in_space-v1.0 to 2024-07-17 00:00:00+00:00, run_after=2024-07-18 00:00:00+00:00
[2024-07-17T06:11:28.056+0100] {processor.py:183} INFO - Processing /mnt/c/Users/Victor/Desktop/Final_Semester/data-engineering-final-semester-portfolio/airflow/dags/first_dag.py took 1.170 seconds
[2024-07-17T06:11:58.480+0100] {processor.py:161} INFO - Started process (PID=66421) to work on /mnt/c/Users/Victor/Desktop/Final_Semester/data-engineering-final-semester-portfolio/airflow/dags/first_dag.py
[2024-07-17T06:11:58.494+0100] {processor.py:830} INFO - Processing file /mnt/c/Users/Victor/Desktop/Final_Semester/data-engineering-final-semester-portfolio/airflow/dags/first_dag.py for tasks to queue
[2024-07-17T06:11:58.505+0100] {logging_mixin.py:188} INFO - [2024-07-17T06:11:58.503+0100] {dagbag.py:545} INFO - Filling up the DagBag from /mnt/c/Users/Victor/Desktop/Final_Semester/data-engineering-final-semester-portfolio/airflow/dags/first_dag.py
[2024-07-17T06:11:58.626+0100] {processor.py:840} INFO - DAG(s) 'dev-astronauts_in_space-v1.0' retrieved from /mnt/c/Users/Victor/Desktop/Final_Semester/data-engineering-final-semester-portfolio/airflow/dags/first_dag.py
[2024-07-17T06:11:58.814+0100] {logging_mixin.py:188} INFO - [2024-07-17T06:11:58.814+0100] {dag.py:3096} INFO - Sync 1 DAGs
[2024-07-17T06:11:58.945+0100] {logging_mixin.py:188} INFO - [2024-07-17T06:11:58.945+0100] {dag.py:3954} INFO - Setting next_dagrun for dev-astronauts_in_space-v1.0 to 2024-07-17 00:00:00+00:00, run_after=2024-07-18 00:00:00+00:00
[2024-07-17T06:11:59.067+0100] {processor.py:183} INFO - Processing /mnt/c/Users/Victor/Desktop/Final_Semester/data-engineering-final-semester-portfolio/airflow/dags/first_dag.py took 0.620 seconds
[2024-07-17T06:12:29.573+0100] {processor.py:161} INFO - Started process (PID=66576) to work on /mnt/c/Users/Victor/Desktop/Final_Semester/data-engineering-final-semester-portfolio/airflow/dags/first_dag.py
[2024-07-17T06:12:29.579+0100] {processor.py:830} INFO - Processing file /mnt/c/Users/Victor/Desktop/Final_Semester/data-engineering-final-semester-portfolio/airflow/dags/first_dag.py for tasks to queue
[2024-07-17T06:12:29.588+0100] {logging_mixin.py:188} INFO - [2024-07-17T06:12:29.587+0100] {dagbag.py:545} INFO - Filling up the DagBag from /mnt/c/Users/Victor/Desktop/Final_Semester/data-engineering-final-semester-portfolio/airflow/dags/first_dag.py
[2024-07-17T06:12:29.713+0100] {processor.py:840} INFO - DAG(s) 'dev-astronauts_in_space-v1.0' retrieved from /mnt/c/Users/Victor/Desktop/Final_Semester/data-engineering-final-semester-portfolio/airflow/dags/first_dag.py
[2024-07-17T06:12:29.856+0100] {logging_mixin.py:188} INFO - [2024-07-17T06:12:29.855+0100] {dag.py:3096} INFO - Sync 1 DAGs
[2024-07-17T06:12:29.974+0100] {logging_mixin.py:188} INFO - [2024-07-17T06:12:29.972+0100] {dag.py:3954} INFO - Setting next_dagrun for dev-astronauts_in_space-v1.0 to 2024-07-17 00:00:00+00:00, run_after=2024-07-18 00:00:00+00:00
[2024-07-17T06:12:30.130+0100] {processor.py:183} INFO - Processing /mnt/c/Users/Victor/Desktop/Final_Semester/data-engineering-final-semester-portfolio/airflow/dags/first_dag.py took 0.593 seconds
[2024-07-17T06:13:00.813+0100] {processor.py:161} INFO - Started process (PID=66796) to work on /mnt/c/Users/Victor/Desktop/Final_Semester/data-engineering-final-semester-portfolio/airflow/dags/first_dag.py
[2024-07-17T06:13:00.818+0100] {processor.py:830} INFO - Processing file /mnt/c/Users/Victor/Desktop/Final_Semester/data-engineering-final-semester-portfolio/airflow/dags/first_dag.py for tasks to queue
[2024-07-17T06:13:00.829+0100] {logging_mixin.py:188} INFO - [2024-07-17T06:13:00.824+0100] {dagbag.py:545} INFO - Filling up the DagBag from /mnt/c/Users/Victor/Desktop/Final_Semester/data-engineering-final-semester-portfolio/airflow/dags/first_dag.py
[2024-07-17T06:13:00.952+0100] {processor.py:840} INFO - DAG(s) 'dev-astronauts_in_space-v1.0' retrieved from /mnt/c/Users/Victor/Desktop/Final_Semester/data-engineering-final-semester-portfolio/airflow/dags/first_dag.py
[2024-07-17T06:13:01.124+0100] {logging_mixin.py:188} INFO - [2024-07-17T06:13:01.123+0100] {dag.py:3096} INFO - Sync 1 DAGs
[2024-07-17T06:13:01.267+0100] {logging_mixin.py:188} INFO - [2024-07-17T06:13:01.266+0100] {dag.py:3954} INFO - Setting next_dagrun for dev-astronauts_in_space-v1.0 to 2024-07-17 00:00:00+00:00, run_after=2024-07-18 00:00:00+00:00
[2024-07-17T06:13:01.497+0100] {processor.py:183} INFO - Processing /mnt/c/Users/Victor/Desktop/Final_Semester/data-engineering-final-semester-portfolio/airflow/dags/first_dag.py took 0.727 seconds
[2024-07-17T06:13:31.745+0100] {processor.py:161} INFO - Started process (PID=67015) to work on /mnt/c/Users/Victor/Desktop/Final_Semester/data-engineering-final-semester-portfolio/airflow/dags/first_dag.py
[2024-07-17T06:13:31.750+0100] {processor.py:830} INFO - Processing file /mnt/c/Users/Victor/Desktop/Final_Semester/data-engineering-final-semester-portfolio/airflow/dags/first_dag.py for tasks to queue
[2024-07-17T06:13:31.758+0100] {logging_mixin.py:188} INFO - [2024-07-17T06:13:31.756+0100] {dagbag.py:545} INFO - Filling up the DagBag from /mnt/c/Users/Victor/Desktop/Final_Semester/data-engineering-final-semester-portfolio/airflow/dags/first_dag.py
[2024-07-17T06:13:31.875+0100] {processor.py:840} INFO - DAG(s) 'dev-astronauts_in_space-v1.0' retrieved from /mnt/c/Users/Victor/Desktop/Final_Semester/data-engineering-final-semester-portfolio/airflow/dags/first_dag.py
[2024-07-17T06:13:32.074+0100] {logging_mixin.py:188} INFO - [2024-07-17T06:13:32.073+0100] {dag.py:3096} INFO - Sync 1 DAGs
[2024-07-17T06:13:32.193+0100] {logging_mixin.py:188} INFO - [2024-07-17T06:13:32.192+0100] {dag.py:3954} INFO - Setting next_dagrun for dev-astronauts_in_space-v1.0 to 2024-07-17 00:00:00+00:00, run_after=2024-07-18 00:00:00+00:00
[2024-07-17T06:13:32.315+0100] {processor.py:183} INFO - Processing /mnt/c/Users/Victor/Desktop/Final_Semester/data-engineering-final-semester-portfolio/airflow/dags/first_dag.py took 0.600 seconds
[2024-07-17T06:14:02.800+0100] {processor.py:161} INFO - Started process (PID=67169) to work on /mnt/c/Users/Victor/Desktop/Final_Semester/data-engineering-final-semester-portfolio/airflow/dags/first_dag.py
[2024-07-17T06:14:02.806+0100] {processor.py:830} INFO - Processing file /mnt/c/Users/Victor/Desktop/Final_Semester/data-engineering-final-semester-portfolio/airflow/dags/first_dag.py for tasks to queue
[2024-07-17T06:14:02.814+0100] {logging_mixin.py:188} INFO - [2024-07-17T06:14:02.813+0100] {dagbag.py:545} INFO - Filling up the DagBag from /mnt/c/Users/Victor/Desktop/Final_Semester/data-engineering-final-semester-portfolio/airflow/dags/first_dag.py
[2024-07-17T06:14:02.905+0100] {processor.py:840} INFO - DAG(s) 'dev-astronauts_in_space-v1.0' retrieved from /mnt/c/Users/Victor/Desktop/Final_Semester/data-engineering-final-semester-portfolio/airflow/dags/first_dag.py
[2024-07-17T06:14:03.037+0100] {logging_mixin.py:188} INFO - [2024-07-17T06:14:03.036+0100] {dag.py:3096} INFO - Sync 1 DAGs
[2024-07-17T06:14:03.168+0100] {logging_mixin.py:188} INFO - [2024-07-17T06:14:03.167+0100] {dag.py:3954} INFO - Setting next_dagrun for dev-astronauts_in_space-v1.0 to 2024-07-17 00:00:00+00:00, run_after=2024-07-18 00:00:00+00:00
[2024-07-17T06:14:03.325+0100] {processor.py:183} INFO - Processing /mnt/c/Users/Victor/Desktop/Final_Semester/data-engineering-final-semester-portfolio/airflow/dags/first_dag.py took 0.557 seconds
[2024-07-17T06:14:33.884+0100] {processor.py:161} INFO - Started process (PID=67446) to work on /mnt/c/Users/Victor/Desktop/Final_Semester/data-engineering-final-semester-portfolio/airflow/dags/first_dag.py
[2024-07-17T06:14:33.889+0100] {processor.py:830} INFO - Processing file /mnt/c/Users/Victor/Desktop/Final_Semester/data-engineering-final-semester-portfolio/airflow/dags/first_dag.py for tasks to queue
[2024-07-17T06:14:33.898+0100] {logging_mixin.py:188} INFO - [2024-07-17T06:14:33.896+0100] {dagbag.py:545} INFO - Filling up the DagBag from /mnt/c/Users/Victor/Desktop/Final_Semester/data-engineering-final-semester-portfolio/airflow/dags/first_dag.py
[2024-07-17T06:14:34.021+0100] {processor.py:840} INFO - DAG(s) 'dev-astronauts_in_space-v1.0' retrieved from /mnt/c/Users/Victor/Desktop/Final_Semester/data-engineering-final-semester-portfolio/airflow/dags/first_dag.py
[2024-07-17T06:14:34.155+0100] {logging_mixin.py:188} INFO - [2024-07-17T06:14:34.154+0100] {dag.py:3096} INFO - Sync 1 DAGs
[2024-07-17T06:14:34.322+0100] {logging_mixin.py:188} INFO - [2024-07-17T06:14:34.321+0100] {dag.py:3954} INFO - Setting next_dagrun for dev-astronauts_in_space-v1.0 to 2024-07-17 00:00:00+00:00, run_after=2024-07-18 00:00:00+00:00
[2024-07-17T06:14:34.482+0100] {processor.py:183} INFO - Processing /mnt/c/Users/Victor/Desktop/Final_Semester/data-engineering-final-semester-portfolio/airflow/dags/first_dag.py took 0.640 seconds
[2024-07-17T06:15:05.175+0100] {processor.py:161} INFO - Started process (PID=67609) to work on /mnt/c/Users/Victor/Desktop/Final_Semester/data-engineering-final-semester-portfolio/airflow/dags/first_dag.py
[2024-07-17T06:15:05.180+0100] {processor.py:830} INFO - Processing file /mnt/c/Users/Victor/Desktop/Final_Semester/data-engineering-final-semester-portfolio/airflow/dags/first_dag.py for tasks to queue
[2024-07-17T06:15:05.189+0100] {logging_mixin.py:188} INFO - [2024-07-17T06:15:05.186+0100] {dagbag.py:545} INFO - Filling up the DagBag from /mnt/c/Users/Victor/Desktop/Final_Semester/data-engineering-final-semester-portfolio/airflow/dags/first_dag.py
[2024-07-17T06:15:05.315+0100] {processor.py:840} INFO - DAG(s) 'dev-astronauts_in_space-v1.0' retrieved from /mnt/c/Users/Victor/Desktop/Final_Semester/data-engineering-final-semester-portfolio/airflow/dags/first_dag.py
[2024-07-17T06:15:05.475+0100] {logging_mixin.py:188} INFO - [2024-07-17T06:15:05.474+0100] {dag.py:3096} INFO - Sync 1 DAGs
[2024-07-17T06:15:05.624+0100] {logging_mixin.py:188} INFO - [2024-07-17T06:15:05.623+0100] {dag.py:3954} INFO - Setting next_dagrun for dev-astronauts_in_space-v1.0 to 2024-07-17 00:00:00+00:00, run_after=2024-07-18 00:00:00+00:00
[2024-07-17T06:15:05.768+0100] {processor.py:183} INFO - Processing /mnt/c/Users/Victor/Desktop/Final_Semester/data-engineering-final-semester-portfolio/airflow/dags/first_dag.py took 0.625 seconds
[2024-07-17T06:15:36.791+0100] {processor.py:161} INFO - Started process (PID=67764) to work on /mnt/c/Users/Victor/Desktop/Final_Semester/data-engineering-final-semester-portfolio/airflow/dags/first_dag.py
[2024-07-17T06:15:36.809+0100] {processor.py:830} INFO - Processing file /mnt/c/Users/Victor/Desktop/Final_Semester/data-engineering-final-semester-portfolio/airflow/dags/first_dag.py for tasks to queue
[2024-07-17T06:15:36.827+0100] {logging_mixin.py:188} INFO - [2024-07-17T06:15:36.825+0100] {dagbag.py:545} INFO - Filling up the DagBag from /mnt/c/Users/Victor/Desktop/Final_Semester/data-engineering-final-semester-portfolio/airflow/dags/first_dag.py
[2024-07-17T06:15:36.987+0100] {processor.py:840} INFO - DAG(s) 'dev-astronauts_in_space-v1.0' retrieved from /mnt/c/Users/Victor/Desktop/Final_Semester/data-engineering-final-semester-portfolio/airflow/dags/first_dag.py
[2024-07-17T06:15:37.211+0100] {logging_mixin.py:188} INFO - [2024-07-17T06:15:37.210+0100] {dag.py:3096} INFO - Sync 1 DAGs
[2024-07-17T06:15:37.459+0100] {logging_mixin.py:188} INFO - [2024-07-17T06:15:37.452+0100] {dag.py:3954} INFO - Setting next_dagrun for dev-astronauts_in_space-v1.0 to 2024-07-17 00:00:00+00:00, run_after=2024-07-18 00:00:00+00:00
[2024-07-17T06:15:37.728+0100] {processor.py:183} INFO - Processing /mnt/c/Users/Victor/Desktop/Final_Semester/data-engineering-final-semester-portfolio/airflow/dags/first_dag.py took 1.017 seconds
[2024-07-17T06:16:08.890+0100] {processor.py:161} INFO - Started process (PID=67921) to work on /mnt/c/Users/Victor/Desktop/Final_Semester/data-engineering-final-semester-portfolio/airflow/dags/first_dag.py
[2024-07-17T06:16:08.894+0100] {processor.py:830} INFO - Processing file /mnt/c/Users/Victor/Desktop/Final_Semester/data-engineering-final-semester-portfolio/airflow/dags/first_dag.py for tasks to queue
[2024-07-17T06:16:08.903+0100] {logging_mixin.py:188} INFO - [2024-07-17T06:16:08.902+0100] {dagbag.py:545} INFO - Filling up the DagBag from /mnt/c/Users/Victor/Desktop/Final_Semester/data-engineering-final-semester-portfolio/airflow/dags/first_dag.py
[2024-07-17T06:16:09.105+0100] {processor.py:840} INFO - DAG(s) 'dev-astronauts_in_space-v1.0' retrieved from /mnt/c/Users/Victor/Desktop/Final_Semester/data-engineering-final-semester-portfolio/airflow/dags/first_dag.py
[2024-07-17T06:16:09.345+0100] {logging_mixin.py:188} INFO - [2024-07-17T06:16:09.344+0100] {dag.py:3096} INFO - Sync 1 DAGs
[2024-07-17T06:16:09.485+0100] {logging_mixin.py:188} INFO - [2024-07-17T06:16:09.484+0100] {dag.py:3954} INFO - Setting next_dagrun for dev-astronauts_in_space-v1.0 to 2024-07-17 00:00:00+00:00, run_after=2024-07-18 00:00:00+00:00
[2024-07-17T06:16:09.641+0100] {processor.py:183} INFO - Processing /mnt/c/Users/Victor/Desktop/Final_Semester/data-engineering-final-semester-portfolio/airflow/dags/first_dag.py took 0.878 seconds
[2024-07-17T06:16:40.234+0100] {processor.py:161} INFO - Started process (PID=68140) to work on /mnt/c/Users/Victor/Desktop/Final_Semester/data-engineering-final-semester-portfolio/airflow/dags/first_dag.py
[2024-07-17T06:16:40.238+0100] {processor.py:830} INFO - Processing file /mnt/c/Users/Victor/Desktop/Final_Semester/data-engineering-final-semester-portfolio/airflow/dags/first_dag.py for tasks to queue
[2024-07-17T06:16:40.245+0100] {logging_mixin.py:188} INFO - [2024-07-17T06:16:40.244+0100] {dagbag.py:545} INFO - Filling up the DagBag from /mnt/c/Users/Victor/Desktop/Final_Semester/data-engineering-final-semester-portfolio/airflow/dags/first_dag.py
[2024-07-17T06:16:40.333+0100] {processor.py:840} INFO - DAG(s) 'dev-astronauts_in_space-v1.0' retrieved from /mnt/c/Users/Victor/Desktop/Final_Semester/data-engineering-final-semester-portfolio/airflow/dags/first_dag.py
[2024-07-17T06:16:40.514+0100] {logging_mixin.py:188} INFO - [2024-07-17T06:16:40.513+0100] {dag.py:3096} INFO - Sync 1 DAGs
[2024-07-17T06:16:40.644+0100] {logging_mixin.py:188} INFO - [2024-07-17T06:16:40.642+0100] {dag.py:3954} INFO - Setting next_dagrun for dev-astronauts_in_space-v1.0 to 2024-07-17 00:00:00+00:00, run_after=2024-07-18 00:00:00+00:00
[2024-07-17T06:16:40.752+0100] {processor.py:183} INFO - Processing /mnt/c/Users/Victor/Desktop/Final_Semester/data-engineering-final-semester-portfolio/airflow/dags/first_dag.py took 0.546 seconds
[2024-07-17T06:17:10.999+0100] {processor.py:161} INFO - Started process (PID=68360) to work on /mnt/c/Users/Victor/Desktop/Final_Semester/data-engineering-final-semester-portfolio/airflow/dags/first_dag.py
[2024-07-17T06:17:11.002+0100] {processor.py:830} INFO - Processing file /mnt/c/Users/Victor/Desktop/Final_Semester/data-engineering-final-semester-portfolio/airflow/dags/first_dag.py for tasks to queue
[2024-07-17T06:17:11.009+0100] {logging_mixin.py:188} INFO - [2024-07-17T06:17:11.008+0100] {dagbag.py:545} INFO - Filling up the DagBag from /mnt/c/Users/Victor/Desktop/Final_Semester/data-engineering-final-semester-portfolio/airflow/dags/first_dag.py
[2024-07-17T06:17:11.106+0100] {processor.py:840} INFO - DAG(s) 'dev-astronauts_in_space-v1.0' retrieved from /mnt/c/Users/Victor/Desktop/Final_Semester/data-engineering-final-semester-portfolio/airflow/dags/first_dag.py
[2024-07-17T06:17:11.262+0100] {logging_mixin.py:188} INFO - [2024-07-17T06:17:11.261+0100] {dag.py:3096} INFO - Sync 1 DAGs
[2024-07-17T06:17:11.439+0100] {logging_mixin.py:188} INFO - [2024-07-17T06:17:11.439+0100] {dag.py:3954} INFO - Setting next_dagrun for dev-astronauts_in_space-v1.0 to 2024-07-17 00:00:00+00:00, run_after=2024-07-18 00:00:00+00:00
[2024-07-17T06:17:11.561+0100] {processor.py:183} INFO - Processing /mnt/c/Users/Victor/Desktop/Final_Semester/data-engineering-final-semester-portfolio/airflow/dags/first_dag.py took 0.587 seconds
[2024-07-17T06:17:42.153+0100] {processor.py:161} INFO - Started process (PID=68517) to work on /mnt/c/Users/Victor/Desktop/Final_Semester/data-engineering-final-semester-portfolio/airflow/dags/first_dag.py
[2024-07-17T06:17:42.157+0100] {processor.py:830} INFO - Processing file /mnt/c/Users/Victor/Desktop/Final_Semester/data-engineering-final-semester-portfolio/airflow/dags/first_dag.py for tasks to queue
[2024-07-17T06:17:42.166+0100] {logging_mixin.py:188} INFO - [2024-07-17T06:17:42.164+0100] {dagbag.py:545} INFO - Filling up the DagBag from /mnt/c/Users/Victor/Desktop/Final_Semester/data-engineering-final-semester-portfolio/airflow/dags/first_dag.py
[2024-07-17T06:17:42.262+0100] {processor.py:840} INFO - DAG(s) 'dev-astronauts_in_space-v1.0' retrieved from /mnt/c/Users/Victor/Desktop/Final_Semester/data-engineering-final-semester-portfolio/airflow/dags/first_dag.py
[2024-07-17T06:17:42.381+0100] {logging_mixin.py:188} INFO - [2024-07-17T06:17:42.380+0100] {dag.py:3096} INFO - Sync 1 DAGs
[2024-07-17T06:17:42.482+0100] {logging_mixin.py:188} INFO - [2024-07-17T06:17:42.481+0100] {dag.py:3954} INFO - Setting next_dagrun for dev-astronauts_in_space-v1.0 to 2024-07-17 00:00:00+00:00, run_after=2024-07-18 00:00:00+00:00
[2024-07-17T06:17:42.604+0100] {processor.py:183} INFO - Processing /mnt/c/Users/Victor/Desktop/Final_Semester/data-engineering-final-semester-portfolio/airflow/dags/first_dag.py took 0.476 seconds
[2024-07-17T06:18:12.877+0100] {processor.py:161} INFO - Started process (PID=68667) to work on /mnt/c/Users/Victor/Desktop/Final_Semester/data-engineering-final-semester-portfolio/airflow/dags/first_dag.py
[2024-07-17T06:18:12.881+0100] {processor.py:830} INFO - Processing file /mnt/c/Users/Victor/Desktop/Final_Semester/data-engineering-final-semester-portfolio/airflow/dags/first_dag.py for tasks to queue
[2024-07-17T06:18:12.890+0100] {logging_mixin.py:188} INFO - [2024-07-17T06:18:12.888+0100] {dagbag.py:545} INFO - Filling up the DagBag from /mnt/c/Users/Victor/Desktop/Final_Semester/data-engineering-final-semester-portfolio/airflow/dags/first_dag.py
[2024-07-17T06:18:13.025+0100] {processor.py:840} INFO - DAG(s) 'dev-astronauts_in_space-v1.0' retrieved from /mnt/c/Users/Victor/Desktop/Final_Semester/data-engineering-final-semester-portfolio/airflow/dags/first_dag.py
[2024-07-17T06:18:13.191+0100] {logging_mixin.py:188} INFO - [2024-07-17T06:18:13.187+0100] {dag.py:3096} INFO - Sync 1 DAGs
[2024-07-17T06:18:13.356+0100] {logging_mixin.py:188} INFO - [2024-07-17T06:18:13.355+0100] {dag.py:3954} INFO - Setting next_dagrun for dev-astronauts_in_space-v1.0 to 2024-07-17 00:00:00+00:00, run_after=2024-07-18 00:00:00+00:00
[2024-07-17T06:18:13.510+0100] {processor.py:183} INFO - Processing /mnt/c/Users/Victor/Desktop/Final_Semester/data-engineering-final-semester-portfolio/airflow/dags/first_dag.py took 0.668 seconds
[2024-07-17T06:18:44.132+0100] {processor.py:161} INFO - Started process (PID=68820) to work on /mnt/c/Users/Victor/Desktop/Final_Semester/data-engineering-final-semester-portfolio/airflow/dags/first_dag.py
[2024-07-17T06:18:44.144+0100] {processor.py:830} INFO - Processing file /mnt/c/Users/Victor/Desktop/Final_Semester/data-engineering-final-semester-portfolio/airflow/dags/first_dag.py for tasks to queue
[2024-07-17T06:18:44.151+0100] {logging_mixin.py:188} INFO - [2024-07-17T06:18:44.150+0100] {dagbag.py:545} INFO - Filling up the DagBag from /mnt/c/Users/Victor/Desktop/Final_Semester/data-engineering-final-semester-portfolio/airflow/dags/first_dag.py
[2024-07-17T06:18:44.232+0100] {processor.py:840} INFO - DAG(s) 'dev-astronauts_in_space-v1.0' retrieved from /mnt/c/Users/Victor/Desktop/Final_Semester/data-engineering-final-semester-portfolio/airflow/dags/first_dag.py
[2024-07-17T06:18:44.363+0100] {logging_mixin.py:188} INFO - [2024-07-17T06:18:44.362+0100] {dag.py:3096} INFO - Sync 1 DAGs
[2024-07-17T06:18:44.463+0100] {logging_mixin.py:188} INFO - [2024-07-17T06:18:44.462+0100] {dag.py:3954} INFO - Setting next_dagrun for dev-astronauts_in_space-v1.0 to 2024-07-17 00:00:00+00:00, run_after=2024-07-18 00:00:00+00:00
[2024-07-17T06:18:44.641+0100] {processor.py:183} INFO - Processing /mnt/c/Users/Victor/Desktop/Final_Semester/data-engineering-final-semester-portfolio/airflow/dags/first_dag.py took 0.538 seconds
[2024-07-17T06:19:14.994+0100] {processor.py:161} INFO - Started process (PID=68975) to work on /mnt/c/Users/Victor/Desktop/Final_Semester/data-engineering-final-semester-portfolio/airflow/dags/first_dag.py
[2024-07-17T06:19:14.998+0100] {processor.py:830} INFO - Processing file /mnt/c/Users/Victor/Desktop/Final_Semester/data-engineering-final-semester-portfolio/airflow/dags/first_dag.py for tasks to queue
[2024-07-17T06:19:15.004+0100] {logging_mixin.py:188} INFO - [2024-07-17T06:19:15.003+0100] {dagbag.py:545} INFO - Filling up the DagBag from /mnt/c/Users/Victor/Desktop/Final_Semester/data-engineering-final-semester-portfolio/airflow/dags/first_dag.py
[2024-07-17T06:19:15.089+0100] {processor.py:840} INFO - DAG(s) 'dev-astronauts_in_space-v1.0' retrieved from /mnt/c/Users/Victor/Desktop/Final_Semester/data-engineering-final-semester-portfolio/airflow/dags/first_dag.py
[2024-07-17T06:19:15.237+0100] {logging_mixin.py:188} INFO - [2024-07-17T06:19:15.236+0100] {dag.py:3096} INFO - Sync 1 DAGs
[2024-07-17T06:19:15.348+0100] {logging_mixin.py:188} INFO - [2024-07-17T06:19:15.347+0100] {dag.py:3954} INFO - Setting next_dagrun for dev-astronauts_in_space-v1.0 to 2024-07-17 00:00:00+00:00, run_after=2024-07-18 00:00:00+00:00
[2024-07-17T06:19:15.459+0100] {processor.py:183} INFO - Processing /mnt/c/Users/Victor/Desktop/Final_Semester/data-engineering-final-semester-portfolio/airflow/dags/first_dag.py took 0.492 seconds
[2024-07-17T06:19:46.309+0100] {processor.py:161} INFO - Started process (PID=69254) to work on /mnt/c/Users/Victor/Desktop/Final_Semester/data-engineering-final-semester-portfolio/airflow/dags/first_dag.py
[2024-07-17T06:19:46.313+0100] {processor.py:830} INFO - Processing file /mnt/c/Users/Victor/Desktop/Final_Semester/data-engineering-final-semester-portfolio/airflow/dags/first_dag.py for tasks to queue
[2024-07-17T06:19:46.319+0100] {logging_mixin.py:188} INFO - [2024-07-17T06:19:46.318+0100] {dagbag.py:545} INFO - Filling up the DagBag from /mnt/c/Users/Victor/Desktop/Final_Semester/data-engineering-final-semester-portfolio/airflow/dags/first_dag.py
[2024-07-17T06:19:46.414+0100] {processor.py:840} INFO - DAG(s) 'dev-astronauts_in_space-v1.0' retrieved from /mnt/c/Users/Victor/Desktop/Final_Semester/data-engineering-final-semester-portfolio/airflow/dags/first_dag.py
[2024-07-17T06:19:46.537+0100] {logging_mixin.py:188} INFO - [2024-07-17T06:19:46.536+0100] {dag.py:3096} INFO - Sync 1 DAGs
[2024-07-17T06:19:46.718+0100] {logging_mixin.py:188} INFO - [2024-07-17T06:19:46.717+0100] {dag.py:3954} INFO - Setting next_dagrun for dev-astronauts_in_space-v1.0 to 2024-07-17 00:00:00+00:00, run_after=2024-07-18 00:00:00+00:00
[2024-07-17T06:19:47.385+0100] {processor.py:183} INFO - Processing /mnt/c/Users/Victor/Desktop/Final_Semester/data-engineering-final-semester-portfolio/airflow/dags/first_dag.py took 1.105 seconds
[2024-07-17T06:20:18.111+0100] {processor.py:161} INFO - Started process (PID=69410) to work on /mnt/c/Users/Victor/Desktop/Final_Semester/data-engineering-final-semester-portfolio/airflow/dags/first_dag.py
[2024-07-17T06:20:18.116+0100] {processor.py:830} INFO - Processing file /mnt/c/Users/Victor/Desktop/Final_Semester/data-engineering-final-semester-portfolio/airflow/dags/first_dag.py for tasks to queue
[2024-07-17T06:20:18.125+0100] {logging_mixin.py:188} INFO - [2024-07-17T06:20:18.123+0100] {dagbag.py:545} INFO - Filling up the DagBag from /mnt/c/Users/Victor/Desktop/Final_Semester/data-engineering-final-semester-portfolio/airflow/dags/first_dag.py
[2024-07-17T06:20:18.223+0100] {processor.py:840} INFO - DAG(s) 'dev-astronauts_in_space-v1.0' retrieved from /mnt/c/Users/Victor/Desktop/Final_Semester/data-engineering-final-semester-portfolio/airflow/dags/first_dag.py
[2024-07-17T06:20:18.378+0100] {logging_mixin.py:188} INFO - [2024-07-17T06:20:18.377+0100] {dag.py:3096} INFO - Sync 1 DAGs
[2024-07-17T06:20:18.490+0100] {logging_mixin.py:188} INFO - [2024-07-17T06:20:18.489+0100] {dag.py:3954} INFO - Setting next_dagrun for dev-astronauts_in_space-v1.0 to 2024-07-17 00:00:00+00:00, run_after=2024-07-18 00:00:00+00:00
[2024-07-17T06:20:18.718+0100] {processor.py:183} INFO - Processing /mnt/c/Users/Victor/Desktop/Final_Semester/data-engineering-final-semester-portfolio/airflow/dags/first_dag.py took 0.632 seconds
[2024-07-17T06:20:49.391+0100] {processor.py:161} INFO - Started process (PID=69566) to work on /mnt/c/Users/Victor/Desktop/Final_Semester/data-engineering-final-semester-portfolio/airflow/dags/first_dag.py
[2024-07-17T06:20:49.395+0100] {processor.py:830} INFO - Processing file /mnt/c/Users/Victor/Desktop/Final_Semester/data-engineering-final-semester-portfolio/airflow/dags/first_dag.py for tasks to queue
[2024-07-17T06:20:49.402+0100] {logging_mixin.py:188} INFO - [2024-07-17T06:20:49.401+0100] {dagbag.py:545} INFO - Filling up the DagBag from /mnt/c/Users/Victor/Desktop/Final_Semester/data-engineering-final-semester-portfolio/airflow/dags/first_dag.py
[2024-07-17T06:20:49.488+0100] {processor.py:840} INFO - DAG(s) 'dev-astronauts_in_space-v1.0' retrieved from /mnt/c/Users/Victor/Desktop/Final_Semester/data-engineering-final-semester-portfolio/airflow/dags/first_dag.py
[2024-07-17T06:20:49.638+0100] {logging_mixin.py:188} INFO - [2024-07-17T06:20:49.638+0100] {dag.py:3096} INFO - Sync 1 DAGs
[2024-07-17T06:20:49.746+0100] {logging_mixin.py:188} INFO - [2024-07-17T06:20:49.745+0100] {dag.py:3954} INFO - Setting next_dagrun for dev-astronauts_in_space-v1.0 to 2024-07-17 00:00:00+00:00, run_after=2024-07-18 00:00:00+00:00
[2024-07-17T06:20:49.877+0100] {processor.py:183} INFO - Processing /mnt/c/Users/Victor/Desktop/Final_Semester/data-engineering-final-semester-portfolio/airflow/dags/first_dag.py took 0.513 seconds
[2024-07-17T06:21:20.484+0100] {processor.py:161} INFO - Started process (PID=69717) to work on /mnt/c/Users/Victor/Desktop/Final_Semester/data-engineering-final-semester-portfolio/airflow/dags/first_dag.py
[2024-07-17T06:21:20.488+0100] {processor.py:830} INFO - Processing file /mnt/c/Users/Victor/Desktop/Final_Semester/data-engineering-final-semester-portfolio/airflow/dags/first_dag.py for tasks to queue
[2024-07-17T06:21:20.496+0100] {logging_mixin.py:188} INFO - [2024-07-17T06:21:20.495+0100] {dagbag.py:545} INFO - Filling up the DagBag from /mnt/c/Users/Victor/Desktop/Final_Semester/data-engineering-final-semester-portfolio/airflow/dags/first_dag.py
[2024-07-17T06:21:20.611+0100] {processor.py:840} INFO - DAG(s) 'dev-astronauts_in_space-v1.0' retrieved from /mnt/c/Users/Victor/Desktop/Final_Semester/data-engineering-final-semester-portfolio/airflow/dags/first_dag.py
[2024-07-17T06:21:20.772+0100] {logging_mixin.py:188} INFO - [2024-07-17T06:21:20.771+0100] {dag.py:3096} INFO - Sync 1 DAGs
[2024-07-17T06:21:20.879+0100] {logging_mixin.py:188} INFO - [2024-07-17T06:21:20.878+0100] {dag.py:3954} INFO - Setting next_dagrun for dev-astronauts_in_space-v1.0 to 2024-07-17 00:00:00+00:00, run_after=2024-07-18 00:00:00+00:00
[2024-07-17T06:21:21.154+0100] {processor.py:183} INFO - Processing /mnt/c/Users/Victor/Desktop/Final_Semester/data-engineering-final-semester-portfolio/airflow/dags/first_dag.py took 0.698 seconds
[2024-07-17T06:21:52.064+0100] {processor.py:161} INFO - Started process (PID=69873) to work on /mnt/c/Users/Victor/Desktop/Final_Semester/data-engineering-final-semester-portfolio/airflow/dags/first_dag.py
[2024-07-17T06:21:52.072+0100] {processor.py:830} INFO - Processing file /mnt/c/Users/Victor/Desktop/Final_Semester/data-engineering-final-semester-portfolio/airflow/dags/first_dag.py for tasks to queue
[2024-07-17T06:21:52.079+0100] {logging_mixin.py:188} INFO - [2024-07-17T06:21:52.078+0100] {dagbag.py:545} INFO - Filling up the DagBag from /mnt/c/Users/Victor/Desktop/Final_Semester/data-engineering-final-semester-portfolio/airflow/dags/first_dag.py
[2024-07-17T06:21:52.191+0100] {processor.py:840} INFO - DAG(s) 'dev-astronauts_in_space-v1.0' retrieved from /mnt/c/Users/Victor/Desktop/Final_Semester/data-engineering-final-semester-portfolio/airflow/dags/first_dag.py
[2024-07-17T06:21:52.309+0100] {logging_mixin.py:188} INFO - [2024-07-17T06:21:52.308+0100] {dag.py:3096} INFO - Sync 1 DAGs
[2024-07-17T06:21:52.409+0100] {logging_mixin.py:188} INFO - [2024-07-17T06:21:52.408+0100] {dag.py:3954} INFO - Setting next_dagrun for dev-astronauts_in_space-v1.0 to 2024-07-17 00:00:00+00:00, run_after=2024-07-18 00:00:00+00:00
[2024-07-17T06:21:52.551+0100] {processor.py:183} INFO - Processing /mnt/c/Users/Victor/Desktop/Final_Semester/data-engineering-final-semester-portfolio/airflow/dags/first_dag.py took 0.535 seconds
[2024-07-17T06:22:22.985+0100] {processor.py:161} INFO - Started process (PID=70021) to work on /mnt/c/Users/Victor/Desktop/Final_Semester/data-engineering-final-semester-portfolio/airflow/dags/first_dag.py
[2024-07-17T06:22:22.989+0100] {processor.py:830} INFO - Processing file /mnt/c/Users/Victor/Desktop/Final_Semester/data-engineering-final-semester-portfolio/airflow/dags/first_dag.py for tasks to queue
[2024-07-17T06:22:22.997+0100] {logging_mixin.py:188} INFO - [2024-07-17T06:22:22.995+0100] {dagbag.py:545} INFO - Filling up the DagBag from /mnt/c/Users/Victor/Desktop/Final_Semester/data-engineering-final-semester-portfolio/airflow/dags/first_dag.py
[2024-07-17T06:22:23.096+0100] {processor.py:840} INFO - DAG(s) 'dev-astronauts_in_space-v1.0' retrieved from /mnt/c/Users/Victor/Desktop/Final_Semester/data-engineering-final-semester-portfolio/airflow/dags/first_dag.py
[2024-07-17T06:22:23.236+0100] {logging_mixin.py:188} INFO - [2024-07-17T06:22:23.235+0100] {dag.py:3096} INFO - Sync 1 DAGs
[2024-07-17T06:22:23.339+0100] {logging_mixin.py:188} INFO - [2024-07-17T06:22:23.339+0100] {dag.py:3954} INFO - Setting next_dagrun for dev-astronauts_in_space-v1.0 to 2024-07-17 00:00:00+00:00, run_after=2024-07-18 00:00:00+00:00
[2024-07-17T06:22:23.461+0100] {processor.py:183} INFO - Processing /mnt/c/Users/Victor/Desktop/Final_Semester/data-engineering-final-semester-portfolio/airflow/dags/first_dag.py took 0.504 seconds
[2024-07-17T06:22:53.954+0100] {processor.py:161} INFO - Started process (PID=70171) to work on /mnt/c/Users/Victor/Desktop/Final_Semester/data-engineering-final-semester-portfolio/airflow/dags/first_dag.py
[2024-07-17T06:22:53.958+0100] {processor.py:830} INFO - Processing file /mnt/c/Users/Victor/Desktop/Final_Semester/data-engineering-final-semester-portfolio/airflow/dags/first_dag.py for tasks to queue
[2024-07-17T06:22:53.965+0100] {logging_mixin.py:188} INFO - [2024-07-17T06:22:53.963+0100] {dagbag.py:545} INFO - Filling up the DagBag from /mnt/c/Users/Victor/Desktop/Final_Semester/data-engineering-final-semester-portfolio/airflow/dags/first_dag.py
[2024-07-17T06:22:54.060+0100] {processor.py:840} INFO - DAG(s) 'dev-astronauts_in_space-v1.0' retrieved from /mnt/c/Users/Victor/Desktop/Final_Semester/data-engineering-final-semester-portfolio/airflow/dags/first_dag.py
[2024-07-17T06:22:54.180+0100] {logging_mixin.py:188} INFO - [2024-07-17T06:22:54.179+0100] {dag.py:3096} INFO - Sync 1 DAGs
[2024-07-17T06:22:54.293+0100] {logging_mixin.py:188} INFO - [2024-07-17T06:22:54.292+0100] {dag.py:3954} INFO - Setting next_dagrun for dev-astronauts_in_space-v1.0 to 2024-07-17 00:00:00+00:00, run_after=2024-07-18 00:00:00+00:00
[2024-07-17T06:22:54.419+0100] {processor.py:183} INFO - Processing /mnt/c/Users/Victor/Desktop/Final_Semester/data-engineering-final-semester-portfolio/airflow/dags/first_dag.py took 0.491 seconds
[2024-07-17T06:23:24.756+0100] {processor.py:161} INFO - Started process (PID=70328) to work on /mnt/c/Users/Victor/Desktop/Final_Semester/data-engineering-final-semester-portfolio/airflow/dags/first_dag.py
[2024-07-17T06:23:24.760+0100] {processor.py:830} INFO - Processing file /mnt/c/Users/Victor/Desktop/Final_Semester/data-engineering-final-semester-portfolio/airflow/dags/first_dag.py for tasks to queue
[2024-07-17T06:23:24.769+0100] {logging_mixin.py:188} INFO - [2024-07-17T06:23:24.767+0100] {dagbag.py:545} INFO - Filling up the DagBag from /mnt/c/Users/Victor/Desktop/Final_Semester/data-engineering-final-semester-portfolio/airflow/dags/first_dag.py
[2024-07-17T06:23:24.854+0100] {processor.py:840} INFO - DAG(s) 'dev-astronauts_in_space-v1.0' retrieved from /mnt/c/Users/Victor/Desktop/Final_Semester/data-engineering-final-semester-portfolio/airflow/dags/first_dag.py
[2024-07-17T06:23:24.984+0100] {logging_mixin.py:188} INFO - [2024-07-17T06:23:24.984+0100] {dag.py:3096} INFO - Sync 1 DAGs
[2024-07-17T06:23:25.093+0100] {logging_mixin.py:188} INFO - [2024-07-17T06:23:25.092+0100] {dag.py:3954} INFO - Setting next_dagrun for dev-astronauts_in_space-v1.0 to 2024-07-17 00:00:00+00:00, run_after=2024-07-18 00:00:00+00:00
[2024-07-17T06:23:25.248+0100] {processor.py:183} INFO - Processing /mnt/c/Users/Victor/Desktop/Final_Semester/data-engineering-final-semester-portfolio/airflow/dags/first_dag.py took 0.522 seconds
[2024-07-17T06:23:55.672+0100] {processor.py:161} INFO - Started process (PID=70479) to work on /mnt/c/Users/Victor/Desktop/Final_Semester/data-engineering-final-semester-portfolio/airflow/dags/first_dag.py
[2024-07-17T06:23:55.677+0100] {processor.py:830} INFO - Processing file /mnt/c/Users/Victor/Desktop/Final_Semester/data-engineering-final-semester-portfolio/airflow/dags/first_dag.py for tasks to queue
[2024-07-17T06:23:55.684+0100] {logging_mixin.py:188} INFO - [2024-07-17T06:23:55.683+0100] {dagbag.py:545} INFO - Filling up the DagBag from /mnt/c/Users/Victor/Desktop/Final_Semester/data-engineering-final-semester-portfolio/airflow/dags/first_dag.py
[2024-07-17T06:23:55.783+0100] {processor.py:840} INFO - DAG(s) 'dev-astronauts_in_space-v1.0' retrieved from /mnt/c/Users/Victor/Desktop/Final_Semester/data-engineering-final-semester-portfolio/airflow/dags/first_dag.py
[2024-07-17T06:23:55.937+0100] {logging_mixin.py:188} INFO - [2024-07-17T06:23:55.936+0100] {dag.py:3096} INFO - Sync 1 DAGs
[2024-07-17T06:23:56.044+0100] {logging_mixin.py:188} INFO - [2024-07-17T06:23:56.043+0100] {dag.py:3954} INFO - Setting next_dagrun for dev-astronauts_in_space-v1.0 to 2024-07-17 00:00:00+00:00, run_after=2024-07-18 00:00:00+00:00
[2024-07-17T06:23:56.211+0100] {processor.py:183} INFO - Processing /mnt/c/Users/Victor/Desktop/Final_Semester/data-engineering-final-semester-portfolio/airflow/dags/first_dag.py took 0.588 seconds
[2024-07-17T06:24:26.860+0100] {processor.py:161} INFO - Started process (PID=70632) to work on /mnt/c/Users/Victor/Desktop/Final_Semester/data-engineering-final-semester-portfolio/airflow/dags/first_dag.py
[2024-07-17T06:24:26.864+0100] {processor.py:830} INFO - Processing file /mnt/c/Users/Victor/Desktop/Final_Semester/data-engineering-final-semester-portfolio/airflow/dags/first_dag.py for tasks to queue
[2024-07-17T06:24:26.871+0100] {logging_mixin.py:188} INFO - [2024-07-17T06:24:26.870+0100] {dagbag.py:545} INFO - Filling up the DagBag from /mnt/c/Users/Victor/Desktop/Final_Semester/data-engineering-final-semester-portfolio/airflow/dags/first_dag.py
[2024-07-17T06:24:26.956+0100] {processor.py:840} INFO - DAG(s) 'dev-astronauts_in_space-v1.0' retrieved from /mnt/c/Users/Victor/Desktop/Final_Semester/data-engineering-final-semester-portfolio/airflow/dags/first_dag.py
[2024-07-17T06:24:27.090+0100] {logging_mixin.py:188} INFO - [2024-07-17T06:24:27.089+0100] {dag.py:3096} INFO - Sync 1 DAGs
[2024-07-17T06:24:27.188+0100] {logging_mixin.py:188} INFO - [2024-07-17T06:24:27.187+0100] {dag.py:3954} INFO - Setting next_dagrun for dev-astronauts_in_space-v1.0 to 2024-07-17 00:00:00+00:00, run_after=2024-07-18 00:00:00+00:00
[2024-07-17T06:24:27.318+0100] {processor.py:183} INFO - Processing /mnt/c/Users/Victor/Desktop/Final_Semester/data-engineering-final-semester-portfolio/airflow/dags/first_dag.py took 0.483 seconds
[2024-07-17T06:24:57.884+0100] {processor.py:161} INFO - Started process (PID=70909) to work on /mnt/c/Users/Victor/Desktop/Final_Semester/data-engineering-final-semester-portfolio/airflow/dags/first_dag.py
[2024-07-17T06:24:57.888+0100] {processor.py:830} INFO - Processing file /mnt/c/Users/Victor/Desktop/Final_Semester/data-engineering-final-semester-portfolio/airflow/dags/first_dag.py for tasks to queue
[2024-07-17T06:24:57.894+0100] {logging_mixin.py:188} INFO - [2024-07-17T06:24:57.893+0100] {dagbag.py:545} INFO - Filling up the DagBag from /mnt/c/Users/Victor/Desktop/Final_Semester/data-engineering-final-semester-portfolio/airflow/dags/first_dag.py
[2024-07-17T06:24:57.992+0100] {processor.py:840} INFO - DAG(s) 'dev-astronauts_in_space-v1.0' retrieved from /mnt/c/Users/Victor/Desktop/Final_Semester/data-engineering-final-semester-portfolio/airflow/dags/first_dag.py
[2024-07-17T06:24:58.153+0100] {logging_mixin.py:188} INFO - [2024-07-17T06:24:58.153+0100] {dag.py:3096} INFO - Sync 1 DAGs
[2024-07-17T06:24:58.277+0100] {logging_mixin.py:188} INFO - [2024-07-17T06:24:58.275+0100] {dag.py:3954} INFO - Setting next_dagrun for dev-astronauts_in_space-v1.0 to 2024-07-17 00:00:00+00:00, run_after=2024-07-18 00:00:00+00:00
[2024-07-17T06:24:58.426+0100] {processor.py:183} INFO - Processing /mnt/c/Users/Victor/Desktop/Final_Semester/data-engineering-final-semester-portfolio/airflow/dags/first_dag.py took 0.574 seconds
[2024-07-17T06:25:29.107+0100] {processor.py:161} INFO - Started process (PID=71082) to work on /mnt/c/Users/Victor/Desktop/Final_Semester/data-engineering-final-semester-portfolio/airflow/dags/first_dag.py
[2024-07-17T06:25:29.111+0100] {processor.py:830} INFO - Processing file /mnt/c/Users/Victor/Desktop/Final_Semester/data-engineering-final-semester-portfolio/airflow/dags/first_dag.py for tasks to queue
[2024-07-17T06:25:29.119+0100] {logging_mixin.py:188} INFO - [2024-07-17T06:25:29.118+0100] {dagbag.py:545} INFO - Filling up the DagBag from /mnt/c/Users/Victor/Desktop/Final_Semester/data-engineering-final-semester-portfolio/airflow/dags/first_dag.py
[2024-07-17T06:25:29.234+0100] {processor.py:840} INFO - DAG(s) 'dev-astronauts_in_space-v1.0' retrieved from /mnt/c/Users/Victor/Desktop/Final_Semester/data-engineering-final-semester-portfolio/airflow/dags/first_dag.py
[2024-07-17T06:25:29.455+0100] {logging_mixin.py:188} INFO - [2024-07-17T06:25:29.451+0100] {dag.py:3096} INFO - Sync 1 DAGs
[2024-07-17T06:25:29.635+0100] {logging_mixin.py:188} INFO - [2024-07-17T06:25:29.634+0100] {dag.py:3954} INFO - Setting next_dagrun for dev-astronauts_in_space-v1.0 to 2024-07-17 00:00:00+00:00, run_after=2024-07-18 00:00:00+00:00
[2024-07-17T06:25:29.785+0100] {processor.py:183} INFO - Processing /mnt/c/Users/Victor/Desktop/Final_Semester/data-engineering-final-semester-portfolio/airflow/dags/first_dag.py took 0.711 seconds
[2024-07-17T06:26:00.303+0100] {processor.py:161} INFO - Started process (PID=71232) to work on /mnt/c/Users/Victor/Desktop/Final_Semester/data-engineering-final-semester-portfolio/airflow/dags/first_dag.py
[2024-07-17T06:26:00.309+0100] {processor.py:830} INFO - Processing file /mnt/c/Users/Victor/Desktop/Final_Semester/data-engineering-final-semester-portfolio/airflow/dags/first_dag.py for tasks to queue
[2024-07-17T06:26:00.327+0100] {logging_mixin.py:188} INFO - [2024-07-17T06:26:00.316+0100] {dagbag.py:545} INFO - Filling up the DagBag from /mnt/c/Users/Victor/Desktop/Final_Semester/data-engineering-final-semester-portfolio/airflow/dags/first_dag.py
[2024-07-17T06:26:00.517+0100] {processor.py:840} INFO - DAG(s) 'dev-astronauts_in_space-v1.0' retrieved from /mnt/c/Users/Victor/Desktop/Final_Semester/data-engineering-final-semester-portfolio/airflow/dags/first_dag.py
[2024-07-17T06:26:00.839+0100] {logging_mixin.py:188} INFO - [2024-07-17T06:26:00.838+0100] {dag.py:3096} INFO - Sync 1 DAGs
[2024-07-17T06:26:01.037+0100] {logging_mixin.py:188} INFO - [2024-07-17T06:26:01.036+0100] {dag.py:3954} INFO - Setting next_dagrun for dev-astronauts_in_space-v1.0 to 2024-07-17 00:00:00+00:00, run_after=2024-07-18 00:00:00+00:00
[2024-07-17T06:26:01.204+0100] {processor.py:183} INFO - Processing /mnt/c/Users/Victor/Desktop/Final_Semester/data-engineering-final-semester-portfolio/airflow/dags/first_dag.py took 0.970 seconds
[2024-07-17T06:26:31.874+0100] {processor.py:161} INFO - Started process (PID=71386) to work on /mnt/c/Users/Victor/Desktop/Final_Semester/data-engineering-final-semester-portfolio/airflow/dags/first_dag.py
[2024-07-17T06:26:31.878+0100] {processor.py:830} INFO - Processing file /mnt/c/Users/Victor/Desktop/Final_Semester/data-engineering-final-semester-portfolio/airflow/dags/first_dag.py for tasks to queue
[2024-07-17T06:26:31.885+0100] {logging_mixin.py:188} INFO - [2024-07-17T06:26:31.884+0100] {dagbag.py:545} INFO - Filling up the DagBag from /mnt/c/Users/Victor/Desktop/Final_Semester/data-engineering-final-semester-portfolio/airflow/dags/first_dag.py
[2024-07-17T06:26:31.982+0100] {processor.py:840} INFO - DAG(s) 'dev-astronauts_in_space-v1.0' retrieved from /mnt/c/Users/Victor/Desktop/Final_Semester/data-engineering-final-semester-portfolio/airflow/dags/first_dag.py
[2024-07-17T06:26:32.101+0100] {logging_mixin.py:188} INFO - [2024-07-17T06:26:32.101+0100] {dag.py:3096} INFO - Sync 1 DAGs
[2024-07-17T06:26:32.225+0100] {logging_mixin.py:188} INFO - [2024-07-17T06:26:32.224+0100] {dag.py:3954} INFO - Setting next_dagrun for dev-astronauts_in_space-v1.0 to 2024-07-17 00:00:00+00:00, run_after=2024-07-18 00:00:00+00:00
[2024-07-17T06:26:32.383+0100] {processor.py:183} INFO - Processing /mnt/c/Users/Victor/Desktop/Final_Semester/data-engineering-final-semester-portfolio/airflow/dags/first_dag.py took 0.534 seconds
[2024-07-17T06:27:02.956+0100] {processor.py:161} INFO - Started process (PID=71545) to work on /mnt/c/Users/Victor/Desktop/Final_Semester/data-engineering-final-semester-portfolio/airflow/dags/first_dag.py
[2024-07-17T06:27:02.960+0100] {processor.py:830} INFO - Processing file /mnt/c/Users/Victor/Desktop/Final_Semester/data-engineering-final-semester-portfolio/airflow/dags/first_dag.py for tasks to queue
[2024-07-17T06:27:02.967+0100] {logging_mixin.py:188} INFO - [2024-07-17T06:27:02.966+0100] {dagbag.py:545} INFO - Filling up the DagBag from /mnt/c/Users/Victor/Desktop/Final_Semester/data-engineering-final-semester-portfolio/airflow/dags/first_dag.py
[2024-07-17T06:27:03.134+0100] {processor.py:840} INFO - DAG(s) 'dev-astronauts_in_space-v1.0' retrieved from /mnt/c/Users/Victor/Desktop/Final_Semester/data-engineering-final-semester-portfolio/airflow/dags/first_dag.py
[2024-07-17T06:27:03.280+0100] {logging_mixin.py:188} INFO - [2024-07-17T06:27:03.279+0100] {dag.py:3096} INFO - Sync 1 DAGs
[2024-07-17T06:27:03.394+0100] {logging_mixin.py:188} INFO - [2024-07-17T06:27:03.394+0100] {dag.py:3954} INFO - Setting next_dagrun for dev-astronauts_in_space-v1.0 to 2024-07-17 00:00:00+00:00, run_after=2024-07-18 00:00:00+00:00
[2024-07-17T06:27:03.528+0100] {processor.py:183} INFO - Processing /mnt/c/Users/Victor/Desktop/Final_Semester/data-engineering-final-semester-portfolio/airflow/dags/first_dag.py took 0.598 seconds
[2024-07-17T06:27:33.876+0100] {processor.py:161} INFO - Started process (PID=71695) to work on /mnt/c/Users/Victor/Desktop/Final_Semester/data-engineering-final-semester-portfolio/airflow/dags/first_dag.py
[2024-07-17T06:27:33.880+0100] {processor.py:830} INFO - Processing file /mnt/c/Users/Victor/Desktop/Final_Semester/data-engineering-final-semester-portfolio/airflow/dags/first_dag.py for tasks to queue
[2024-07-17T06:27:33.888+0100] {logging_mixin.py:188} INFO - [2024-07-17T06:27:33.887+0100] {dagbag.py:545} INFO - Filling up the DagBag from /mnt/c/Users/Victor/Desktop/Final_Semester/data-engineering-final-semester-portfolio/airflow/dags/first_dag.py
[2024-07-17T06:27:33.987+0100] {processor.py:840} INFO - DAG(s) 'dev-astronauts_in_space-v1.0' retrieved from /mnt/c/Users/Victor/Desktop/Final_Semester/data-engineering-final-semester-portfolio/airflow/dags/first_dag.py
[2024-07-17T06:27:34.124+0100] {logging_mixin.py:188} INFO - [2024-07-17T06:27:34.123+0100] {dag.py:3096} INFO - Sync 1 DAGs
[2024-07-17T06:27:34.238+0100] {logging_mixin.py:188} INFO - [2024-07-17T06:27:34.237+0100] {dag.py:3954} INFO - Setting next_dagrun for dev-astronauts_in_space-v1.0 to 2024-07-17 00:00:00+00:00, run_after=2024-07-18 00:00:00+00:00
[2024-07-17T06:27:34.348+0100] {processor.py:183} INFO - Processing /mnt/c/Users/Victor/Desktop/Final_Semester/data-engineering-final-semester-portfolio/airflow/dags/first_dag.py took 0.503 seconds
[2024-07-17T06:28:04.897+0100] {processor.py:161} INFO - Started process (PID=71844) to work on /mnt/c/Users/Victor/Desktop/Final_Semester/data-engineering-final-semester-portfolio/airflow/dags/first_dag.py
[2024-07-17T06:28:04.901+0100] {processor.py:830} INFO - Processing file /mnt/c/Users/Victor/Desktop/Final_Semester/data-engineering-final-semester-portfolio/airflow/dags/first_dag.py for tasks to queue
[2024-07-17T06:28:04.909+0100] {logging_mixin.py:188} INFO - [2024-07-17T06:28:04.908+0100] {dagbag.py:545} INFO - Filling up the DagBag from /mnt/c/Users/Victor/Desktop/Final_Semester/data-engineering-final-semester-portfolio/airflow/dags/first_dag.py
[2024-07-17T06:28:04.998+0100] {processor.py:840} INFO - DAG(s) 'dev-astronauts_in_space-v1.0' retrieved from /mnt/c/Users/Victor/Desktop/Final_Semester/data-engineering-final-semester-portfolio/airflow/dags/first_dag.py
[2024-07-17T06:28:05.130+0100] {logging_mixin.py:188} INFO - [2024-07-17T06:28:05.129+0100] {dag.py:3096} INFO - Sync 1 DAGs
[2024-07-17T06:28:05.234+0100] {logging_mixin.py:188} INFO - [2024-07-17T06:28:05.233+0100] {dag.py:3954} INFO - Setting next_dagrun for dev-astronauts_in_space-v1.0 to 2024-07-17 00:00:00+00:00, run_after=2024-07-18 00:00:00+00:00
[2024-07-17T06:28:05.364+0100] {processor.py:183} INFO - Processing /mnt/c/Users/Victor/Desktop/Final_Semester/data-engineering-final-semester-portfolio/airflow/dags/first_dag.py took 0.502 seconds
[2024-07-17T06:28:36.241+0100] {processor.py:161} INFO - Started process (PID=71996) to work on /mnt/c/Users/Victor/Desktop/Final_Semester/data-engineering-final-semester-portfolio/airflow/dags/first_dag.py
[2024-07-17T06:28:36.246+0100] {processor.py:830} INFO - Processing file /mnt/c/Users/Victor/Desktop/Final_Semester/data-engineering-final-semester-portfolio/airflow/dags/first_dag.py for tasks to queue
[2024-07-17T06:28:36.252+0100] {logging_mixin.py:188} INFO - [2024-07-17T06:28:36.251+0100] {dagbag.py:545} INFO - Filling up the DagBag from /mnt/c/Users/Victor/Desktop/Final_Semester/data-engineering-final-semester-portfolio/airflow/dags/first_dag.py
[2024-07-17T06:28:36.433+0100] {processor.py:840} INFO - DAG(s) 'dev-astronauts_in_space-v1.0' retrieved from /mnt/c/Users/Victor/Desktop/Final_Semester/data-engineering-final-semester-portfolio/airflow/dags/first_dag.py
[2024-07-17T06:28:36.752+0100] {logging_mixin.py:188} INFO - [2024-07-17T06:28:36.751+0100] {dag.py:3096} INFO - Sync 1 DAGs
[2024-07-17T06:28:36.861+0100] {logging_mixin.py:188} INFO - [2024-07-17T06:28:36.859+0100] {dag.py:3954} INFO - Setting next_dagrun for dev-astronauts_in_space-v1.0 to 2024-07-17 00:00:00+00:00, run_after=2024-07-18 00:00:00+00:00
[2024-07-17T06:28:36.994+0100] {processor.py:183} INFO - Processing /mnt/c/Users/Victor/Desktop/Final_Semester/data-engineering-final-semester-portfolio/airflow/dags/first_dag.py took 0.782 seconds
[2024-07-17T06:29:07.192+0100] {processor.py:161} INFO - Started process (PID=72158) to work on /mnt/c/Users/Victor/Desktop/Final_Semester/data-engineering-final-semester-portfolio/airflow/dags/first_dag.py
[2024-07-17T06:29:07.196+0100] {processor.py:830} INFO - Processing file /mnt/c/Users/Victor/Desktop/Final_Semester/data-engineering-final-semester-portfolio/airflow/dags/first_dag.py for tasks to queue
[2024-07-17T06:29:07.203+0100] {logging_mixin.py:188} INFO - [2024-07-17T06:29:07.202+0100] {dagbag.py:545} INFO - Filling up the DagBag from /mnt/c/Users/Victor/Desktop/Final_Semester/data-engineering-final-semester-portfolio/airflow/dags/first_dag.py
[2024-07-17T06:29:07.294+0100] {processor.py:840} INFO - DAG(s) 'dev-astronauts_in_space-v1.0' retrieved from /mnt/c/Users/Victor/Desktop/Final_Semester/data-engineering-final-semester-portfolio/airflow/dags/first_dag.py
[2024-07-17T06:29:07.435+0100] {logging_mixin.py:188} INFO - [2024-07-17T06:29:07.434+0100] {dag.py:3096} INFO - Sync 1 DAGs
[2024-07-17T06:29:07.546+0100] {logging_mixin.py:188} INFO - [2024-07-17T06:29:07.545+0100] {dag.py:3954} INFO - Setting next_dagrun for dev-astronauts_in_space-v1.0 to 2024-07-17 00:00:00+00:00, run_after=2024-07-18 00:00:00+00:00
[2024-07-17T06:29:07.674+0100] {processor.py:183} INFO - Processing /mnt/c/Users/Victor/Desktop/Final_Semester/data-engineering-final-semester-portfolio/airflow/dags/first_dag.py took 0.507 seconds
[2024-07-17T06:29:38.535+0100] {processor.py:161} INFO - Started process (PID=72443) to work on /mnt/c/Users/Victor/Desktop/Final_Semester/data-engineering-final-semester-portfolio/airflow/dags/first_dag.py
[2024-07-17T06:29:38.539+0100] {processor.py:830} INFO - Processing file /mnt/c/Users/Victor/Desktop/Final_Semester/data-engineering-final-semester-portfolio/airflow/dags/first_dag.py for tasks to queue
[2024-07-17T06:29:38.545+0100] {logging_mixin.py:188} INFO - [2024-07-17T06:29:38.544+0100] {dagbag.py:545} INFO - Filling up the DagBag from /mnt/c/Users/Victor/Desktop/Final_Semester/data-engineering-final-semester-portfolio/airflow/dags/first_dag.py
[2024-07-17T06:29:38.641+0100] {processor.py:840} INFO - DAG(s) 'dev-astronauts_in_space-v1.0' retrieved from /mnt/c/Users/Victor/Desktop/Final_Semester/data-engineering-final-semester-portfolio/airflow/dags/first_dag.py
[2024-07-17T06:29:38.787+0100] {logging_mixin.py:188} INFO - [2024-07-17T06:29:38.786+0100] {dag.py:3096} INFO - Sync 1 DAGs
[2024-07-17T06:29:38.888+0100] {logging_mixin.py:188} INFO - [2024-07-17T06:29:38.887+0100] {dag.py:3954} INFO - Setting next_dagrun for dev-astronauts_in_space-v1.0 to 2024-07-17 00:00:00+00:00, run_after=2024-07-18 00:00:00+00:00
[2024-07-17T06:29:40.294+0100] {processor.py:183} INFO - Processing /mnt/c/Users/Victor/Desktop/Final_Semester/data-engineering-final-semester-portfolio/airflow/dags/first_dag.py took 1.786 seconds
[2024-07-17T06:30:11.050+0100] {processor.py:161} INFO - Started process (PID=72606) to work on /mnt/c/Users/Victor/Desktop/Final_Semester/data-engineering-final-semester-portfolio/airflow/dags/first_dag.py
[2024-07-17T06:30:11.053+0100] {processor.py:830} INFO - Processing file /mnt/c/Users/Victor/Desktop/Final_Semester/data-engineering-final-semester-portfolio/airflow/dags/first_dag.py for tasks to queue
[2024-07-17T06:30:11.060+0100] {logging_mixin.py:188} INFO - [2024-07-17T06:30:11.059+0100] {dagbag.py:545} INFO - Filling up the DagBag from /mnt/c/Users/Victor/Desktop/Final_Semester/data-engineering-final-semester-portfolio/airflow/dags/first_dag.py
[2024-07-17T06:30:11.157+0100] {processor.py:840} INFO - DAG(s) 'dev-astronauts_in_space-v1.0' retrieved from /mnt/c/Users/Victor/Desktop/Final_Semester/data-engineering-final-semester-portfolio/airflow/dags/first_dag.py
[2024-07-17T06:30:11.302+0100] {logging_mixin.py:188} INFO - [2024-07-17T06:30:11.301+0100] {dag.py:3096} INFO - Sync 1 DAGs
[2024-07-17T06:30:11.427+0100] {logging_mixin.py:188} INFO - [2024-07-17T06:30:11.426+0100] {dag.py:3954} INFO - Setting next_dagrun for dev-astronauts_in_space-v1.0 to 2024-07-17 00:00:00+00:00, run_after=2024-07-18 00:00:00+00:00
[2024-07-17T06:30:11.549+0100] {processor.py:183} INFO - Processing /mnt/c/Users/Victor/Desktop/Final_Semester/data-engineering-final-semester-portfolio/airflow/dags/first_dag.py took 0.524 seconds
[2024-07-17T06:30:41.836+0100] {processor.py:161} INFO - Started process (PID=72760) to work on /mnt/c/Users/Victor/Desktop/Final_Semester/data-engineering-final-semester-portfolio/airflow/dags/first_dag.py
[2024-07-17T06:30:41.842+0100] {processor.py:830} INFO - Processing file /mnt/c/Users/Victor/Desktop/Final_Semester/data-engineering-final-semester-portfolio/airflow/dags/first_dag.py for tasks to queue
[2024-07-17T06:30:41.855+0100] {logging_mixin.py:188} INFO - [2024-07-17T06:30:41.853+0100] {dagbag.py:545} INFO - Filling up the DagBag from /mnt/c/Users/Victor/Desktop/Final_Semester/data-engineering-final-semester-portfolio/airflow/dags/first_dag.py
[2024-07-17T06:30:42.023+0100] {processor.py:840} INFO - DAG(s) 'dev-astronauts_in_space-v1.0' retrieved from /mnt/c/Users/Victor/Desktop/Final_Semester/data-engineering-final-semester-portfolio/airflow/dags/first_dag.py
[2024-07-17T06:30:42.358+0100] {logging_mixin.py:188} INFO - [2024-07-17T06:30:42.357+0100] {dag.py:3096} INFO - Sync 1 DAGs
[2024-07-17T06:30:42.548+0100] {logging_mixin.py:188} INFO - [2024-07-17T06:30:42.547+0100] {dag.py:3954} INFO - Setting next_dagrun for dev-astronauts_in_space-v1.0 to 2024-07-17 00:00:00+00:00, run_after=2024-07-18 00:00:00+00:00
[2024-07-17T06:30:42.739+0100] {processor.py:183} INFO - Processing /mnt/c/Users/Victor/Desktop/Final_Semester/data-engineering-final-semester-portfolio/airflow/dags/first_dag.py took 0.944 seconds
[2024-07-17T06:31:13.452+0100] {processor.py:161} INFO - Started process (PID=72916) to work on /mnt/c/Users/Victor/Desktop/Final_Semester/data-engineering-final-semester-portfolio/airflow/dags/first_dag.py
[2024-07-17T06:31:13.457+0100] {processor.py:830} INFO - Processing file /mnt/c/Users/Victor/Desktop/Final_Semester/data-engineering-final-semester-portfolio/airflow/dags/first_dag.py for tasks to queue
[2024-07-17T06:31:13.463+0100] {logging_mixin.py:188} INFO - [2024-07-17T06:31:13.462+0100] {dagbag.py:545} INFO - Filling up the DagBag from /mnt/c/Users/Victor/Desktop/Final_Semester/data-engineering-final-semester-portfolio/airflow/dags/first_dag.py
[2024-07-17T06:31:13.548+0100] {processor.py:840} INFO - DAG(s) 'dev-astronauts_in_space-v1.0' retrieved from /mnt/c/Users/Victor/Desktop/Final_Semester/data-engineering-final-semester-portfolio/airflow/dags/first_dag.py
[2024-07-17T06:31:13.682+0100] {logging_mixin.py:188} INFO - [2024-07-17T06:31:13.681+0100] {dag.py:3096} INFO - Sync 1 DAGs
[2024-07-17T06:31:13.781+0100] {logging_mixin.py:188} INFO - [2024-07-17T06:31:13.780+0100] {dag.py:3954} INFO - Setting next_dagrun for dev-astronauts_in_space-v1.0 to 2024-07-17 00:00:00+00:00, run_after=2024-07-18 00:00:00+00:00
[2024-07-17T06:31:13.925+0100] {processor.py:183} INFO - Processing /mnt/c/Users/Victor/Desktop/Final_Semester/data-engineering-final-semester-portfolio/airflow/dags/first_dag.py took 0.502 seconds
[2024-07-17T06:34:52.730+0100] {processor.py:161} INFO - Started process (PID=74259) to work on /mnt/c/Users/Victor/Desktop/Final_Semester/data-engineering-final-semester-portfolio/airflow/dags/first_dag.py
[2024-07-17T06:34:52.735+0100] {processor.py:830} INFO - Processing file /mnt/c/Users/Victor/Desktop/Final_Semester/data-engineering-final-semester-portfolio/airflow/dags/first_dag.py for tasks to queue
[2024-07-17T06:34:52.741+0100] {logging_mixin.py:188} INFO - [2024-07-17T06:34:52.739+0100] {dagbag.py:545} INFO - Filling up the DagBag from /mnt/c/Users/Victor/Desktop/Final_Semester/data-engineering-final-semester-portfolio/airflow/dags/first_dag.py
[2024-07-17T06:34:52.835+0100] {processor.py:840} INFO - DAG(s) 'dev-astronauts_in_space-v1.0' retrieved from /mnt/c/Users/Victor/Desktop/Final_Semester/data-engineering-final-semester-portfolio/airflow/dags/first_dag.py
[2024-07-17T06:34:52.954+0100] {logging_mixin.py:188} INFO - [2024-07-17T06:34:52.953+0100] {dag.py:3096} INFO - Sync 1 DAGs
[2024-07-17T06:34:53.062+0100] {logging_mixin.py:188} INFO - [2024-07-17T06:34:53.061+0100] {dag.py:3954} INFO - Setting next_dagrun for dev-astronauts_in_space-v1.0 to 2024-07-17 00:00:00+00:00, run_after=2024-07-18 00:00:00+00:00
[2024-07-17T06:34:53.175+0100] {processor.py:183} INFO - Processing /mnt/c/Users/Victor/Desktop/Final_Semester/data-engineering-final-semester-portfolio/airflow/dags/first_dag.py took 0.492 seconds
[2024-07-17T06:35:23.363+0100] {processor.py:161} INFO - Started process (PID=74575) to work on /mnt/c/Users/Victor/Desktop/Final_Semester/data-engineering-final-semester-portfolio/airflow/dags/first_dag.py
[2024-07-17T06:35:23.367+0100] {processor.py:830} INFO - Processing file /mnt/c/Users/Victor/Desktop/Final_Semester/data-engineering-final-semester-portfolio/airflow/dags/first_dag.py for tasks to queue
[2024-07-17T06:35:23.375+0100] {logging_mixin.py:188} INFO - [2024-07-17T06:35:23.374+0100] {dagbag.py:545} INFO - Filling up the DagBag from /mnt/c/Users/Victor/Desktop/Final_Semester/data-engineering-final-semester-portfolio/airflow/dags/first_dag.py
[2024-07-17T06:35:23.485+0100] {processor.py:840} INFO - DAG(s) 'dev-astronauts_in_space-v1.0' retrieved from /mnt/c/Users/Victor/Desktop/Final_Semester/data-engineering-final-semester-portfolio/airflow/dags/first_dag.py
[2024-07-17T06:35:23.609+0100] {logging_mixin.py:188} INFO - [2024-07-17T06:35:23.608+0100] {dag.py:3096} INFO - Sync 1 DAGs
[2024-07-17T06:35:23.716+0100] {logging_mixin.py:188} INFO - [2024-07-17T06:35:23.715+0100] {dag.py:3954} INFO - Setting next_dagrun for dev-astronauts_in_space-v1.0 to 2024-07-17 00:00:00+00:00, run_after=2024-07-18 00:00:00+00:00
[2024-07-17T06:35:23.825+0100] {processor.py:183} INFO - Processing /mnt/c/Users/Victor/Desktop/Final_Semester/data-engineering-final-semester-portfolio/airflow/dags/first_dag.py took 0.493 seconds
[2024-07-17T06:35:54.184+0100] {processor.py:161} INFO - Started process (PID=74724) to work on /mnt/c/Users/Victor/Desktop/Final_Semester/data-engineering-final-semester-portfolio/airflow/dags/first_dag.py
[2024-07-17T06:35:54.187+0100] {processor.py:830} INFO - Processing file /mnt/c/Users/Victor/Desktop/Final_Semester/data-engineering-final-semester-portfolio/airflow/dags/first_dag.py for tasks to queue
[2024-07-17T06:35:54.194+0100] {logging_mixin.py:188} INFO - [2024-07-17T06:35:54.193+0100] {dagbag.py:545} INFO - Filling up the DagBag from /mnt/c/Users/Victor/Desktop/Final_Semester/data-engineering-final-semester-portfolio/airflow/dags/first_dag.py
[2024-07-17T06:35:54.280+0100] {processor.py:840} INFO - DAG(s) 'dev-astronauts_in_space-v1.0' retrieved from /mnt/c/Users/Victor/Desktop/Final_Semester/data-engineering-final-semester-portfolio/airflow/dags/first_dag.py
[2024-07-17T06:35:54.419+0100] {logging_mixin.py:188} INFO - [2024-07-17T06:35:54.418+0100] {dag.py:3096} INFO - Sync 1 DAGs
[2024-07-17T06:35:54.529+0100] {logging_mixin.py:188} INFO - [2024-07-17T06:35:54.528+0100] {dag.py:3954} INFO - Setting next_dagrun for dev-astronauts_in_space-v1.0 to 2024-07-17 00:00:00+00:00, run_after=2024-07-18 00:00:00+00:00
[2024-07-17T06:35:54.634+0100] {processor.py:183} INFO - Processing /mnt/c/Users/Victor/Desktop/Final_Semester/data-engineering-final-semester-portfolio/airflow/dags/first_dag.py took 0.477 seconds
[2024-07-17T06:36:24.827+0100] {processor.py:161} INFO - Started process (PID=74874) to work on /mnt/c/Users/Victor/Desktop/Final_Semester/data-engineering-final-semester-portfolio/airflow/dags/first_dag.py
[2024-07-17T06:36:24.837+0100] {processor.py:830} INFO - Processing file /mnt/c/Users/Victor/Desktop/Final_Semester/data-engineering-final-semester-portfolio/airflow/dags/first_dag.py for tasks to queue
[2024-07-17T06:36:24.850+0100] {logging_mixin.py:188} INFO - [2024-07-17T06:36:24.848+0100] {dagbag.py:545} INFO - Filling up the DagBag from /mnt/c/Users/Victor/Desktop/Final_Semester/data-engineering-final-semester-portfolio/airflow/dags/first_dag.py
[2024-07-17T06:36:24.973+0100] {processor.py:840} INFO - DAG(s) 'dev-astronauts_in_space-v1.0' retrieved from /mnt/c/Users/Victor/Desktop/Final_Semester/data-engineering-final-semester-portfolio/airflow/dags/first_dag.py
[2024-07-17T06:36:25.232+0100] {logging_mixin.py:188} INFO - [2024-07-17T06:36:25.231+0100] {dag.py:3096} INFO - Sync 1 DAGs
[2024-07-17T06:36:25.447+0100] {logging_mixin.py:188} INFO - [2024-07-17T06:36:25.446+0100] {dag.py:3954} INFO - Setting next_dagrun for dev-astronauts_in_space-v1.0 to 2024-07-17 00:00:00+00:00, run_after=2024-07-18 00:00:00+00:00
[2024-07-17T06:36:25.598+0100] {processor.py:183} INFO - Processing /mnt/c/Users/Victor/Desktop/Final_Semester/data-engineering-final-semester-portfolio/airflow/dags/first_dag.py took 0.808 seconds
[2024-07-17T06:36:56.263+0100] {processor.py:161} INFO - Started process (PID=75101) to work on /mnt/c/Users/Victor/Desktop/Final_Semester/data-engineering-final-semester-portfolio/airflow/dags/first_dag.py
[2024-07-17T06:36:56.267+0100] {processor.py:830} INFO - Processing file /mnt/c/Users/Victor/Desktop/Final_Semester/data-engineering-final-semester-portfolio/airflow/dags/first_dag.py for tasks to queue
[2024-07-17T06:36:56.273+0100] {logging_mixin.py:188} INFO - [2024-07-17T06:36:56.272+0100] {dagbag.py:545} INFO - Filling up the DagBag from /mnt/c/Users/Victor/Desktop/Final_Semester/data-engineering-final-semester-portfolio/airflow/dags/first_dag.py
[2024-07-17T06:36:56.394+0100] {processor.py:840} INFO - DAG(s) 'dev-astronauts_in_space-v1.0' retrieved from /mnt/c/Users/Victor/Desktop/Final_Semester/data-engineering-final-semester-portfolio/airflow/dags/first_dag.py
[2024-07-17T06:36:56.525+0100] {logging_mixin.py:188} INFO - [2024-07-17T06:36:56.524+0100] {dag.py:3096} INFO - Sync 1 DAGs
[2024-07-17T06:36:56.628+0100] {logging_mixin.py:188} INFO - [2024-07-17T06:36:56.627+0100] {dag.py:3954} INFO - Setting next_dagrun for dev-astronauts_in_space-v1.0 to 2024-07-17 00:00:00+00:00, run_after=2024-07-18 00:00:00+00:00
[2024-07-17T06:36:56.738+0100] {processor.py:183} INFO - Processing /mnt/c/Users/Victor/Desktop/Final_Semester/data-engineering-final-semester-portfolio/airflow/dags/first_dag.py took 0.503 seconds
[2024-07-17T06:37:27.125+0100] {processor.py:161} INFO - Started process (PID=75320) to work on /mnt/c/Users/Victor/Desktop/Final_Semester/data-engineering-final-semester-portfolio/airflow/dags/first_dag.py
[2024-07-17T06:37:27.129+0100] {processor.py:830} INFO - Processing file /mnt/c/Users/Victor/Desktop/Final_Semester/data-engineering-final-semester-portfolio/airflow/dags/first_dag.py for tasks to queue
[2024-07-17T06:37:27.138+0100] {logging_mixin.py:188} INFO - [2024-07-17T06:37:27.137+0100] {dagbag.py:545} INFO - Filling up the DagBag from /mnt/c/Users/Victor/Desktop/Final_Semester/data-engineering-final-semester-portfolio/airflow/dags/first_dag.py
[2024-07-17T06:37:27.235+0100] {processor.py:840} INFO - DAG(s) 'dev-astronauts_in_space-v1.0' retrieved from /mnt/c/Users/Victor/Desktop/Final_Semester/data-engineering-final-semester-portfolio/airflow/dags/first_dag.py
[2024-07-17T06:37:27.388+0100] {logging_mixin.py:188} INFO - [2024-07-17T06:37:27.388+0100] {dag.py:3096} INFO - Sync 1 DAGs
[2024-07-17T06:37:27.508+0100] {logging_mixin.py:188} INFO - [2024-07-17T06:37:27.507+0100] {dag.py:3954} INFO - Setting next_dagrun for dev-astronauts_in_space-v1.0 to 2024-07-17 00:00:00+00:00, run_after=2024-07-18 00:00:00+00:00
[2024-07-17T06:37:27.623+0100] {processor.py:183} INFO - Processing /mnt/c/Users/Victor/Desktop/Final_Semester/data-engineering-final-semester-portfolio/airflow/dags/first_dag.py took 0.528 seconds
[2024-07-17T06:37:58.067+0100] {processor.py:161} INFO - Started process (PID=75471) to work on /mnt/c/Users/Victor/Desktop/Final_Semester/data-engineering-final-semester-portfolio/airflow/dags/first_dag.py
[2024-07-17T06:37:58.072+0100] {processor.py:830} INFO - Processing file /mnt/c/Users/Victor/Desktop/Final_Semester/data-engineering-final-semester-portfolio/airflow/dags/first_dag.py for tasks to queue
[2024-07-17T06:37:58.078+0100] {logging_mixin.py:188} INFO - [2024-07-17T06:37:58.077+0100] {dagbag.py:545} INFO - Filling up the DagBag from /mnt/c/Users/Victor/Desktop/Final_Semester/data-engineering-final-semester-portfolio/airflow/dags/first_dag.py
[2024-07-17T06:37:58.187+0100] {processor.py:840} INFO - DAG(s) 'dev-astronauts_in_space-v1.0' retrieved from /mnt/c/Users/Victor/Desktop/Final_Semester/data-engineering-final-semester-portfolio/airflow/dags/first_dag.py
[2024-07-17T06:37:58.412+0100] {logging_mixin.py:188} INFO - [2024-07-17T06:37:58.411+0100] {dag.py:3096} INFO - Sync 1 DAGs
[2024-07-17T06:37:58.545+0100] {logging_mixin.py:188} INFO - [2024-07-17T06:37:58.544+0100] {dag.py:3954} INFO - Setting next_dagrun for dev-astronauts_in_space-v1.0 to 2024-07-17 00:00:00+00:00, run_after=2024-07-18 00:00:00+00:00
[2024-07-17T06:37:58.687+0100] {processor.py:183} INFO - Processing /mnt/c/Users/Victor/Desktop/Final_Semester/data-engineering-final-semester-portfolio/airflow/dags/first_dag.py took 0.649 seconds
[2024-07-17T06:38:29.008+0100] {processor.py:161} INFO - Started process (PID=75623) to work on /mnt/c/Users/Victor/Desktop/Final_Semester/data-engineering-final-semester-portfolio/airflow/dags/first_dag.py
[2024-07-17T06:38:29.013+0100] {processor.py:830} INFO - Processing file /mnt/c/Users/Victor/Desktop/Final_Semester/data-engineering-final-semester-portfolio/airflow/dags/first_dag.py for tasks to queue
[2024-07-17T06:38:29.021+0100] {logging_mixin.py:188} INFO - [2024-07-17T06:38:29.019+0100] {dagbag.py:545} INFO - Filling up the DagBag from /mnt/c/Users/Victor/Desktop/Final_Semester/data-engineering-final-semester-portfolio/airflow/dags/first_dag.py
[2024-07-17T06:38:29.165+0100] {processor.py:840} INFO - DAG(s) 'dev-astronauts_in_space-v1.0' retrieved from /mnt/c/Users/Victor/Desktop/Final_Semester/data-engineering-final-semester-portfolio/airflow/dags/first_dag.py
[2024-07-17T06:38:29.287+0100] {logging_mixin.py:188} INFO - [2024-07-17T06:38:29.286+0100] {dag.py:3096} INFO - Sync 1 DAGs
[2024-07-17T06:38:29.409+0100] {logging_mixin.py:188} INFO - [2024-07-17T06:38:29.408+0100] {dag.py:3954} INFO - Setting next_dagrun for dev-astronauts_in_space-v1.0 to 2024-07-17 00:00:00+00:00, run_after=2024-07-18 00:00:00+00:00
[2024-07-17T06:38:29.523+0100] {processor.py:183} INFO - Processing /mnt/c/Users/Victor/Desktop/Final_Semester/data-engineering-final-semester-portfolio/airflow/dags/first_dag.py took 0.545 seconds
[2024-07-17T06:38:59.921+0100] {processor.py:161} INFO - Started process (PID=75774) to work on /mnt/c/Users/Victor/Desktop/Final_Semester/data-engineering-final-semester-portfolio/airflow/dags/first_dag.py
[2024-07-17T06:38:59.925+0100] {processor.py:830} INFO - Processing file /mnt/c/Users/Victor/Desktop/Final_Semester/data-engineering-final-semester-portfolio/airflow/dags/first_dag.py for tasks to queue
[2024-07-17T06:38:59.932+0100] {logging_mixin.py:188} INFO - [2024-07-17T06:38:59.931+0100] {dagbag.py:545} INFO - Filling up the DagBag from /mnt/c/Users/Victor/Desktop/Final_Semester/data-engineering-final-semester-portfolio/airflow/dags/first_dag.py
[2024-07-17T06:39:00.052+0100] {processor.py:840} INFO - DAG(s) 'dev-astronauts_in_space-v1.0' retrieved from /mnt/c/Users/Victor/Desktop/Final_Semester/data-engineering-final-semester-portfolio/airflow/dags/first_dag.py
[2024-07-17T06:39:00.183+0100] {logging_mixin.py:188} INFO - [2024-07-17T06:39:00.182+0100] {dag.py:3096} INFO - Sync 1 DAGs
[2024-07-17T06:39:00.281+0100] {logging_mixin.py:188} INFO - [2024-07-17T06:39:00.280+0100] {dag.py:3954} INFO - Setting next_dagrun for dev-astronauts_in_space-v1.0 to 2024-07-17 00:00:00+00:00, run_after=2024-07-18 00:00:00+00:00
[2024-07-17T06:39:00.401+0100] {processor.py:183} INFO - Processing /mnt/c/Users/Victor/Desktop/Final_Semester/data-engineering-final-semester-portfolio/airflow/dags/first_dag.py took 0.505 seconds
[2024-07-17T06:39:30.852+0100] {processor.py:161} INFO - Started process (PID=75923) to work on /mnt/c/Users/Victor/Desktop/Final_Semester/data-engineering-final-semester-portfolio/airflow/dags/first_dag.py
[2024-07-17T06:39:30.856+0100] {processor.py:830} INFO - Processing file /mnt/c/Users/Victor/Desktop/Final_Semester/data-engineering-final-semester-portfolio/airflow/dags/first_dag.py for tasks to queue
[2024-07-17T06:39:30.863+0100] {logging_mixin.py:188} INFO - [2024-07-17T06:39:30.862+0100] {dagbag.py:545} INFO - Filling up the DagBag from /mnt/c/Users/Victor/Desktop/Final_Semester/data-engineering-final-semester-portfolio/airflow/dags/first_dag.py
[2024-07-17T06:39:30.950+0100] {processor.py:840} INFO - DAG(s) 'dev-astronauts_in_space-v1.0' retrieved from /mnt/c/Users/Victor/Desktop/Final_Semester/data-engineering-final-semester-portfolio/airflow/dags/first_dag.py
[2024-07-17T06:39:31.084+0100] {logging_mixin.py:188} INFO - [2024-07-17T06:39:31.083+0100] {dag.py:3096} INFO - Sync 1 DAGs
[2024-07-17T06:39:31.215+0100] {logging_mixin.py:188} INFO - [2024-07-17T06:39:31.214+0100] {dag.py:3954} INFO - Setting next_dagrun for dev-astronauts_in_space-v1.0 to 2024-07-17 00:00:00+00:00, run_after=2024-07-18 00:00:00+00:00
[2024-07-17T06:39:31.366+0100] {processor.py:183} INFO - Processing /mnt/c/Users/Victor/Desktop/Final_Semester/data-engineering-final-semester-portfolio/airflow/dags/first_dag.py took 0.539 seconds
[2024-07-17T06:40:02.259+0100] {processor.py:161} INFO - Started process (PID=76208) to work on /mnt/c/Users/Victor/Desktop/Final_Semester/data-engineering-final-semester-portfolio/airflow/dags/first_dag.py
[2024-07-17T06:40:02.264+0100] {processor.py:830} INFO - Processing file /mnt/c/Users/Victor/Desktop/Final_Semester/data-engineering-final-semester-portfolio/airflow/dags/first_dag.py for tasks to queue
[2024-07-17T06:40:02.273+0100] {logging_mixin.py:188} INFO - [2024-07-17T06:40:02.272+0100] {dagbag.py:545} INFO - Filling up the DagBag from /mnt/c/Users/Victor/Desktop/Final_Semester/data-engineering-final-semester-portfolio/airflow/dags/first_dag.py
[2024-07-17T06:40:02.372+0100] {processor.py:840} INFO - DAG(s) 'dev-astronauts_in_space-v1.0' retrieved from /mnt/c/Users/Victor/Desktop/Final_Semester/data-engineering-final-semester-portfolio/airflow/dags/first_dag.py
[2024-07-17T06:40:02.542+0100] {logging_mixin.py:188} INFO - [2024-07-17T06:40:02.540+0100] {dag.py:3096} INFO - Sync 1 DAGs
[2024-07-17T06:40:02.691+0100] {logging_mixin.py:188} INFO - [2024-07-17T06:40:02.688+0100] {dag.py:3954} INFO - Setting next_dagrun for dev-astronauts_in_space-v1.0 to 2024-07-17 00:00:00+00:00, run_after=2024-07-18 00:00:00+00:00
[2024-07-17T06:40:02.902+0100] {processor.py:183} INFO - Processing /mnt/c/Users/Victor/Desktop/Final_Semester/data-engineering-final-semester-portfolio/airflow/dags/first_dag.py took 0.670 seconds
[2024-07-17T06:40:33.636+0100] {processor.py:161} INFO - Started process (PID=76361) to work on /mnt/c/Users/Victor/Desktop/Final_Semester/data-engineering-final-semester-portfolio/airflow/dags/first_dag.py
[2024-07-17T06:40:33.640+0100] {processor.py:830} INFO - Processing file /mnt/c/Users/Victor/Desktop/Final_Semester/data-engineering-final-semester-portfolio/airflow/dags/first_dag.py for tasks to queue
[2024-07-17T06:40:33.647+0100] {logging_mixin.py:188} INFO - [2024-07-17T06:40:33.645+0100] {dagbag.py:545} INFO - Filling up the DagBag from /mnt/c/Users/Victor/Desktop/Final_Semester/data-engineering-final-semester-portfolio/airflow/dags/first_dag.py
[2024-07-17T06:40:33.732+0100] {processor.py:840} INFO - DAG(s) 'dev-astronauts_in_space-v1.0' retrieved from /mnt/c/Users/Victor/Desktop/Final_Semester/data-engineering-final-semester-portfolio/airflow/dags/first_dag.py
[2024-07-17T06:40:33.851+0100] {logging_mixin.py:188} INFO - [2024-07-17T06:40:33.851+0100] {dag.py:3096} INFO - Sync 1 DAGs
[2024-07-17T06:40:33.962+0100] {logging_mixin.py:188} INFO - [2024-07-17T06:40:33.961+0100] {dag.py:3954} INFO - Setting next_dagrun for dev-astronauts_in_space-v1.0 to 2024-07-17 00:00:00+00:00, run_after=2024-07-18 00:00:00+00:00
[2024-07-17T06:40:34.081+0100] {processor.py:183} INFO - Processing /mnt/c/Users/Victor/Desktop/Final_Semester/data-engineering-final-semester-portfolio/airflow/dags/first_dag.py took 0.478 seconds
[2024-07-17T06:41:04.711+0100] {processor.py:161} INFO - Started process (PID=76513) to work on /mnt/c/Users/Victor/Desktop/Final_Semester/data-engineering-final-semester-portfolio/airflow/dags/first_dag.py
[2024-07-17T06:41:04.718+0100] {processor.py:830} INFO - Processing file /mnt/c/Users/Victor/Desktop/Final_Semester/data-engineering-final-semester-portfolio/airflow/dags/first_dag.py for tasks to queue
[2024-07-17T06:41:04.726+0100] {logging_mixin.py:188} INFO - [2024-07-17T06:41:04.725+0100] {dagbag.py:545} INFO - Filling up the DagBag from /mnt/c/Users/Victor/Desktop/Final_Semester/data-engineering-final-semester-portfolio/airflow/dags/first_dag.py
[2024-07-17T06:41:04.827+0100] {processor.py:840} INFO - DAG(s) 'dev-astronauts_in_space-v1.0' retrieved from /mnt/c/Users/Victor/Desktop/Final_Semester/data-engineering-final-semester-portfolio/airflow/dags/first_dag.py
[2024-07-17T06:41:04.950+0100] {logging_mixin.py:188} INFO - [2024-07-17T06:41:04.949+0100] {dag.py:3096} INFO - Sync 1 DAGs
[2024-07-17T06:41:05.062+0100] {logging_mixin.py:188} INFO - [2024-07-17T06:41:05.061+0100] {dag.py:3954} INFO - Setting next_dagrun for dev-astronauts_in_space-v1.0 to 2024-07-17 00:00:00+00:00, run_after=2024-07-18 00:00:00+00:00
[2024-07-17T06:41:05.618+0100] {processor.py:183} INFO - Processing /mnt/c/Users/Victor/Desktop/Final_Semester/data-engineering-final-semester-portfolio/airflow/dags/first_dag.py took 0.935 seconds
[2024-07-17T06:41:36.390+0100] {processor.py:161} INFO - Started process (PID=76667) to work on /mnt/c/Users/Victor/Desktop/Final_Semester/data-engineering-final-semester-portfolio/airflow/dags/first_dag.py
[2024-07-17T06:41:36.394+0100] {processor.py:830} INFO - Processing file /mnt/c/Users/Victor/Desktop/Final_Semester/data-engineering-final-semester-portfolio/airflow/dags/first_dag.py for tasks to queue
[2024-07-17T06:41:36.400+0100] {logging_mixin.py:188} INFO - [2024-07-17T06:41:36.399+0100] {dagbag.py:545} INFO - Filling up the DagBag from /mnt/c/Users/Victor/Desktop/Final_Semester/data-engineering-final-semester-portfolio/airflow/dags/first_dag.py
[2024-07-17T06:41:36.507+0100] {processor.py:840} INFO - DAG(s) 'dev-astronauts_in_space-v1.0' retrieved from /mnt/c/Users/Victor/Desktop/Final_Semester/data-engineering-final-semester-portfolio/airflow/dags/first_dag.py
[2024-07-17T06:41:36.644+0100] {logging_mixin.py:188} INFO - [2024-07-17T06:41:36.643+0100] {dag.py:3096} INFO - Sync 1 DAGs
[2024-07-17T06:41:37.039+0100] {logging_mixin.py:188} INFO - [2024-07-17T06:41:37.038+0100] {dag.py:3954} INFO - Setting next_dagrun for dev-astronauts_in_space-v1.0 to 2024-07-17 00:00:00+00:00, run_after=2024-07-18 00:00:00+00:00
[2024-07-17T06:41:37.148+0100] {processor.py:183} INFO - Processing /mnt/c/Users/Victor/Desktop/Final_Semester/data-engineering-final-semester-portfolio/airflow/dags/first_dag.py took 0.784 seconds
[2024-07-17T06:42:07.945+0100] {processor.py:161} INFO - Started process (PID=76827) to work on /mnt/c/Users/Victor/Desktop/Final_Semester/data-engineering-final-semester-portfolio/airflow/dags/first_dag.py
[2024-07-17T06:42:07.949+0100] {processor.py:830} INFO - Processing file /mnt/c/Users/Victor/Desktop/Final_Semester/data-engineering-final-semester-portfolio/airflow/dags/first_dag.py for tasks to queue
[2024-07-17T06:42:07.956+0100] {logging_mixin.py:188} INFO - [2024-07-17T06:42:07.955+0100] {dagbag.py:545} INFO - Filling up the DagBag from /mnt/c/Users/Victor/Desktop/Final_Semester/data-engineering-final-semester-portfolio/airflow/dags/first_dag.py
[2024-07-17T06:42:08.043+0100] {processor.py:840} INFO - DAG(s) 'dev-astronauts_in_space-v1.0' retrieved from /mnt/c/Users/Victor/Desktop/Final_Semester/data-engineering-final-semester-portfolio/airflow/dags/first_dag.py
[2024-07-17T06:42:08.162+0100] {logging_mixin.py:188} INFO - [2024-07-17T06:42:08.162+0100] {dag.py:3096} INFO - Sync 1 DAGs
[2024-07-17T06:42:08.568+0100] {logging_mixin.py:188} INFO - [2024-07-17T06:42:08.566+0100] {dag.py:3954} INFO - Setting next_dagrun for dev-astronauts_in_space-v1.0 to 2024-07-17 00:00:00+00:00, run_after=2024-07-18 00:00:00+00:00
[2024-07-17T06:42:08.712+0100] {processor.py:183} INFO - Processing /mnt/c/Users/Victor/Desktop/Final_Semester/data-engineering-final-semester-portfolio/airflow/dags/first_dag.py took 0.791 seconds
[2024-07-17T06:42:39.464+0100] {processor.py:161} INFO - Started process (PID=76980) to work on /mnt/c/Users/Victor/Desktop/Final_Semester/data-engineering-final-semester-portfolio/airflow/dags/first_dag.py
[2024-07-17T06:42:39.468+0100] {processor.py:830} INFO - Processing file /mnt/c/Users/Victor/Desktop/Final_Semester/data-engineering-final-semester-portfolio/airflow/dags/first_dag.py for tasks to queue
[2024-07-17T06:42:39.476+0100] {logging_mixin.py:188} INFO - [2024-07-17T06:42:39.475+0100] {dagbag.py:545} INFO - Filling up the DagBag from /mnt/c/Users/Victor/Desktop/Final_Semester/data-engineering-final-semester-portfolio/airflow/dags/first_dag.py
[2024-07-17T06:42:39.647+0100] {processor.py:840} INFO - DAG(s) 'dev-astronauts_in_space-v1.0' retrieved from /mnt/c/Users/Victor/Desktop/Final_Semester/data-engineering-final-semester-portfolio/airflow/dags/first_dag.py
[2024-07-17T06:42:40.136+0100] {logging_mixin.py:188} INFO - [2024-07-17T06:42:40.135+0100] {dag.py:3096} INFO - Sync 1 DAGs
[2024-07-17T06:42:40.225+0100] {logging_mixin.py:188} INFO - [2024-07-17T06:42:40.224+0100] {dag.py:3954} INFO - Setting next_dagrun for dev-astronauts_in_space-v1.0 to 2024-07-17 00:00:00+00:00, run_after=2024-07-18 00:00:00+00:00
[2024-07-17T06:42:40.353+0100] {processor.py:183} INFO - Processing /mnt/c/Users/Victor/Desktop/Final_Semester/data-engineering-final-semester-portfolio/airflow/dags/first_dag.py took 0.915 seconds
[2024-07-17T06:43:11.260+0100] {processor.py:161} INFO - Started process (PID=77137) to work on /mnt/c/Users/Victor/Desktop/Final_Semester/data-engineering-final-semester-portfolio/airflow/dags/first_dag.py
[2024-07-17T06:43:11.267+0100] {processor.py:830} INFO - Processing file /mnt/c/Users/Victor/Desktop/Final_Semester/data-engineering-final-semester-portfolio/airflow/dags/first_dag.py for tasks to queue
[2024-07-17T06:43:11.276+0100] {logging_mixin.py:188} INFO - [2024-07-17T06:43:11.273+0100] {dagbag.py:545} INFO - Filling up the DagBag from /mnt/c/Users/Victor/Desktop/Final_Semester/data-engineering-final-semester-portfolio/airflow/dags/first_dag.py
[2024-07-17T06:43:11.890+0100] {processor.py:840} INFO - DAG(s) 'dev-astronauts_in_space-v1.0' retrieved from /mnt/c/Users/Victor/Desktop/Final_Semester/data-engineering-final-semester-portfolio/airflow/dags/first_dag.py
[2024-07-17T06:43:12.034+0100] {logging_mixin.py:188} INFO - [2024-07-17T06:43:12.033+0100] {dag.py:3096} INFO - Sync 1 DAGs
[2024-07-17T06:43:12.158+0100] {logging_mixin.py:188} INFO - [2024-07-17T06:43:12.157+0100] {dag.py:3954} INFO - Setting next_dagrun for dev-astronauts_in_space-v1.0 to 2024-07-17 00:00:00+00:00, run_after=2024-07-18 00:00:00+00:00
[2024-07-17T06:43:12.434+0100] {processor.py:183} INFO - Processing /mnt/c/Users/Victor/Desktop/Final_Semester/data-engineering-final-semester-portfolio/airflow/dags/first_dag.py took 1.201 seconds
[2024-07-17T06:43:43.305+0100] {processor.py:161} INFO - Started process (PID=77294) to work on /mnt/c/Users/Victor/Desktop/Final_Semester/data-engineering-final-semester-portfolio/airflow/dags/first_dag.py
[2024-07-17T06:43:43.309+0100] {processor.py:830} INFO - Processing file /mnt/c/Users/Victor/Desktop/Final_Semester/data-engineering-final-semester-portfolio/airflow/dags/first_dag.py for tasks to queue
[2024-07-17T06:43:43.315+0100] {logging_mixin.py:188} INFO - [2024-07-17T06:43:43.314+0100] {dagbag.py:545} INFO - Filling up the DagBag from /mnt/c/Users/Victor/Desktop/Final_Semester/data-engineering-final-semester-portfolio/airflow/dags/first_dag.py
[2024-07-17T06:43:43.411+0100] {processor.py:840} INFO - DAG(s) 'dev-astronauts_in_space-v1.0' retrieved from /mnt/c/Users/Victor/Desktop/Final_Semester/data-engineering-final-semester-portfolio/airflow/dags/first_dag.py
[2024-07-17T06:43:43.530+0100] {logging_mixin.py:188} INFO - [2024-07-17T06:43:43.530+0100] {dag.py:3096} INFO - Sync 1 DAGs
[2024-07-17T06:43:43.642+0100] {logging_mixin.py:188} INFO - [2024-07-17T06:43:43.640+0100] {dag.py:3954} INFO - Setting next_dagrun for dev-astronauts_in_space-v1.0 to 2024-07-17 00:00:00+00:00, run_after=2024-07-18 00:00:00+00:00
[2024-07-17T06:43:43.795+0100] {processor.py:183} INFO - Processing /mnt/c/Users/Victor/Desktop/Final_Semester/data-engineering-final-semester-portfolio/airflow/dags/first_dag.py took 0.516 seconds
[2024-07-17T06:44:14.955+0100] {processor.py:161} INFO - Started process (PID=77453) to work on /mnt/c/Users/Victor/Desktop/Final_Semester/data-engineering-final-semester-portfolio/airflow/dags/first_dag.py
[2024-07-17T06:44:14.959+0100] {processor.py:830} INFO - Processing file /mnt/c/Users/Victor/Desktop/Final_Semester/data-engineering-final-semester-portfolio/airflow/dags/first_dag.py for tasks to queue
[2024-07-17T06:44:14.967+0100] {logging_mixin.py:188} INFO - [2024-07-17T06:44:14.966+0100] {dagbag.py:545} INFO - Filling up the DagBag from /mnt/c/Users/Victor/Desktop/Final_Semester/data-engineering-final-semester-portfolio/airflow/dags/first_dag.py
[2024-07-17T06:44:15.076+0100] {processor.py:840} INFO - DAG(s) 'dev-astronauts_in_space-v1.0' retrieved from /mnt/c/Users/Victor/Desktop/Final_Semester/data-engineering-final-semester-portfolio/airflow/dags/first_dag.py
[2024-07-17T06:44:15.207+0100] {logging_mixin.py:188} INFO - [2024-07-17T06:44:15.206+0100] {dag.py:3096} INFO - Sync 1 DAGs
[2024-07-17T06:44:15.403+0100] {logging_mixin.py:188} INFO - [2024-07-17T06:44:15.402+0100] {dag.py:3954} INFO - Setting next_dagrun for dev-astronauts_in_space-v1.0 to 2024-07-17 00:00:00+00:00, run_after=2024-07-18 00:00:00+00:00
[2024-07-17T06:44:15.552+0100] {processor.py:183} INFO - Processing /mnt/c/Users/Victor/Desktop/Final_Semester/data-engineering-final-semester-portfolio/airflow/dags/first_dag.py took 0.671 seconds
[2024-07-17T06:44:46.293+0100] {processor.py:161} INFO - Started process (PID=77610) to work on /mnt/c/Users/Victor/Desktop/Final_Semester/data-engineering-final-semester-portfolio/airflow/dags/first_dag.py
[2024-07-17T06:44:46.297+0100] {processor.py:830} INFO - Processing file /mnt/c/Users/Victor/Desktop/Final_Semester/data-engineering-final-semester-portfolio/airflow/dags/first_dag.py for tasks to queue
[2024-07-17T06:44:46.304+0100] {logging_mixin.py:188} INFO - [2024-07-17T06:44:46.303+0100] {dagbag.py:545} INFO - Filling up the DagBag from /mnt/c/Users/Victor/Desktop/Final_Semester/data-engineering-final-semester-portfolio/airflow/dags/first_dag.py
[2024-07-17T06:44:46.395+0100] {processor.py:840} INFO - DAG(s) 'dev-astronauts_in_space-v1.0' retrieved from /mnt/c/Users/Victor/Desktop/Final_Semester/data-engineering-final-semester-portfolio/airflow/dags/first_dag.py
[2024-07-17T06:44:46.548+0100] {logging_mixin.py:188} INFO - [2024-07-17T06:44:46.547+0100] {dag.py:3096} INFO - Sync 1 DAGs
[2024-07-17T06:44:46.659+0100] {logging_mixin.py:188} INFO - [2024-07-17T06:44:46.658+0100] {dag.py:3954} INFO - Setting next_dagrun for dev-astronauts_in_space-v1.0 to 2024-07-17 00:00:00+00:00, run_after=2024-07-18 00:00:00+00:00
[2024-07-17T06:44:46.834+0100] {processor.py:183} INFO - Processing /mnt/c/Users/Victor/Desktop/Final_Semester/data-engineering-final-semester-portfolio/airflow/dags/first_dag.py took 0.579 seconds
[2024-07-17T06:45:17.535+0100] {processor.py:161} INFO - Started process (PID=77889) to work on /mnt/c/Users/Victor/Desktop/Final_Semester/data-engineering-final-semester-portfolio/airflow/dags/first_dag.py
[2024-07-17T06:45:17.539+0100] {processor.py:830} INFO - Processing file /mnt/c/Users/Victor/Desktop/Final_Semester/data-engineering-final-semester-portfolio/airflow/dags/first_dag.py for tasks to queue
[2024-07-17T06:45:17.547+0100] {logging_mixin.py:188} INFO - [2024-07-17T06:45:17.546+0100] {dagbag.py:545} INFO - Filling up the DagBag from /mnt/c/Users/Victor/Desktop/Final_Semester/data-engineering-final-semester-portfolio/airflow/dags/first_dag.py
[2024-07-17T06:45:17.641+0100] {processor.py:840} INFO - DAG(s) 'dev-astronauts_in_space-v1.0' retrieved from /mnt/c/Users/Victor/Desktop/Final_Semester/data-engineering-final-semester-portfolio/airflow/dags/first_dag.py
[2024-07-17T06:45:17.767+0100] {logging_mixin.py:188} INFO - [2024-07-17T06:45:17.767+0100] {dag.py:3096} INFO - Sync 1 DAGs
[2024-07-17T06:45:17.870+0100] {logging_mixin.py:188} INFO - [2024-07-17T06:45:17.869+0100] {dag.py:3954} INFO - Setting next_dagrun for dev-astronauts_in_space-v1.0 to 2024-07-17 00:00:00+00:00, run_after=2024-07-18 00:00:00+00:00
[2024-07-17T06:45:17.996+0100] {processor.py:183} INFO - Processing /mnt/c/Users/Victor/Desktop/Final_Semester/data-engineering-final-semester-portfolio/airflow/dags/first_dag.py took 0.502 seconds
[2024-07-17T06:45:48.329+0100] {processor.py:161} INFO - Started process (PID=78077) to work on /mnt/c/Users/Victor/Desktop/Final_Semester/data-engineering-final-semester-portfolio/airflow/dags/first_dag.py
[2024-07-17T06:45:48.334+0100] {processor.py:830} INFO - Processing file /mnt/c/Users/Victor/Desktop/Final_Semester/data-engineering-final-semester-portfolio/airflow/dags/first_dag.py for tasks to queue
[2024-07-17T06:45:48.345+0100] {logging_mixin.py:188} INFO - [2024-07-17T06:45:48.343+0100] {dagbag.py:545} INFO - Filling up the DagBag from /mnt/c/Users/Victor/Desktop/Final_Semester/data-engineering-final-semester-portfolio/airflow/dags/first_dag.py
[2024-07-17T06:45:48.440+0100] {processor.py:840} INFO - DAG(s) 'dev-astronauts_in_space-v1.0' retrieved from /mnt/c/Users/Victor/Desktop/Final_Semester/data-engineering-final-semester-portfolio/airflow/dags/first_dag.py
[2024-07-17T06:45:48.576+0100] {logging_mixin.py:188} INFO - [2024-07-17T06:45:48.576+0100] {dag.py:3096} INFO - Sync 1 DAGs
[2024-07-17T06:45:48.682+0100] {logging_mixin.py:188} INFO - [2024-07-17T06:45:48.681+0100] {dag.py:3954} INFO - Setting next_dagrun for dev-astronauts_in_space-v1.0 to 2024-07-17 00:00:00+00:00, run_after=2024-07-18 00:00:00+00:00
[2024-07-17T06:45:48.791+0100] {processor.py:183} INFO - Processing /mnt/c/Users/Victor/Desktop/Final_Semester/data-engineering-final-semester-portfolio/airflow/dags/first_dag.py took 0.489 seconds
[2024-07-17T06:46:19.518+0100] {processor.py:161} INFO - Started process (PID=78322) to work on /mnt/c/Users/Victor/Desktop/Final_Semester/data-engineering-final-semester-portfolio/airflow/dags/first_dag.py
[2024-07-17T06:46:19.522+0100] {processor.py:830} INFO - Processing file /mnt/c/Users/Victor/Desktop/Final_Semester/data-engineering-final-semester-portfolio/airflow/dags/first_dag.py for tasks to queue
[2024-07-17T06:46:19.529+0100] {logging_mixin.py:188} INFO - [2024-07-17T06:46:19.527+0100] {dagbag.py:545} INFO - Filling up the DagBag from /mnt/c/Users/Victor/Desktop/Final_Semester/data-engineering-final-semester-portfolio/airflow/dags/first_dag.py
[2024-07-17T06:46:19.671+0100] {processor.py:840} INFO - DAG(s) 'dev-astronauts_in_space-v1.0' retrieved from /mnt/c/Users/Victor/Desktop/Final_Semester/data-engineering-final-semester-portfolio/airflow/dags/first_dag.py
[2024-07-17T06:46:19.798+0100] {logging_mixin.py:188} INFO - [2024-07-17T06:46:19.797+0100] {dag.py:3096} INFO - Sync 1 DAGs
[2024-07-17T06:46:19.915+0100] {logging_mixin.py:188} INFO - [2024-07-17T06:46:19.913+0100] {dag.py:3954} INFO - Setting next_dagrun for dev-astronauts_in_space-v1.0 to 2024-07-17 00:00:00+00:00, run_after=2024-07-18 00:00:00+00:00
[2024-07-17T06:46:20.053+0100] {processor.py:183} INFO - Processing /mnt/c/Users/Victor/Desktop/Final_Semester/data-engineering-final-semester-portfolio/airflow/dags/first_dag.py took 0.567 seconds
[2024-07-17T06:46:50.727+0100] {processor.py:161} INFO - Started process (PID=78476) to work on /mnt/c/Users/Victor/Desktop/Final_Semester/data-engineering-final-semester-portfolio/airflow/dags/first_dag.py
[2024-07-17T06:46:50.734+0100] {processor.py:830} INFO - Processing file /mnt/c/Users/Victor/Desktop/Final_Semester/data-engineering-final-semester-portfolio/airflow/dags/first_dag.py for tasks to queue
[2024-07-17T06:46:50.744+0100] {logging_mixin.py:188} INFO - [2024-07-17T06:46:50.743+0100] {dagbag.py:545} INFO - Filling up the DagBag from /mnt/c/Users/Victor/Desktop/Final_Semester/data-engineering-final-semester-portfolio/airflow/dags/first_dag.py
[2024-07-17T06:46:50.851+0100] {processor.py:840} INFO - DAG(s) 'dev-astronauts_in_space-v1.0' retrieved from /mnt/c/Users/Victor/Desktop/Final_Semester/data-engineering-final-semester-portfolio/airflow/dags/first_dag.py
[2024-07-17T06:46:51.015+0100] {logging_mixin.py:188} INFO - [2024-07-17T06:46:51.014+0100] {dag.py:3096} INFO - Sync 1 DAGs
[2024-07-17T06:46:51.147+0100] {logging_mixin.py:188} INFO - [2024-07-17T06:46:51.146+0100] {dag.py:3954} INFO - Setting next_dagrun for dev-astronauts_in_space-v1.0 to 2024-07-17 00:00:00+00:00, run_after=2024-07-18 00:00:00+00:00
[2024-07-17T06:46:51.276+0100] {processor.py:183} INFO - Processing /mnt/c/Users/Victor/Desktop/Final_Semester/data-engineering-final-semester-portfolio/airflow/dags/first_dag.py took 0.586 seconds
[2024-07-17T06:47:21.854+0100] {processor.py:161} INFO - Started process (PID=78628) to work on /mnt/c/Users/Victor/Desktop/Final_Semester/data-engineering-final-semester-portfolio/airflow/dags/first_dag.py
[2024-07-17T06:47:21.858+0100] {processor.py:830} INFO - Processing file /mnt/c/Users/Victor/Desktop/Final_Semester/data-engineering-final-semester-portfolio/airflow/dags/first_dag.py for tasks to queue
[2024-07-17T06:47:21.865+0100] {logging_mixin.py:188} INFO - [2024-07-17T06:47:21.864+0100] {dagbag.py:545} INFO - Filling up the DagBag from /mnt/c/Users/Victor/Desktop/Final_Semester/data-engineering-final-semester-portfolio/airflow/dags/first_dag.py
[2024-07-17T06:47:21.976+0100] {processor.py:840} INFO - DAG(s) 'dev-astronauts_in_space-v1.0' retrieved from /mnt/c/Users/Victor/Desktop/Final_Semester/data-engineering-final-semester-portfolio/airflow/dags/first_dag.py
[2024-07-17T06:47:22.114+0100] {logging_mixin.py:188} INFO - [2024-07-17T06:47:22.113+0100] {dag.py:3096} INFO - Sync 1 DAGs
[2024-07-17T06:47:22.222+0100] {logging_mixin.py:188} INFO - [2024-07-17T06:47:22.222+0100] {dag.py:3954} INFO - Setting next_dagrun for dev-astronauts_in_space-v1.0 to 2024-07-17 00:00:00+00:00, run_after=2024-07-18 00:00:00+00:00
[2024-07-17T06:47:22.355+0100] {processor.py:183} INFO - Processing /mnt/c/Users/Victor/Desktop/Final_Semester/data-engineering-final-semester-portfolio/airflow/dags/first_dag.py took 0.538 seconds
[2024-07-17T06:47:53.163+0100] {processor.py:161} INFO - Started process (PID=78816) to work on /mnt/c/Users/Victor/Desktop/Final_Semester/data-engineering-final-semester-portfolio/airflow/dags/first_dag.py
[2024-07-17T06:47:53.176+0100] {processor.py:830} INFO - Processing file /mnt/c/Users/Victor/Desktop/Final_Semester/data-engineering-final-semester-portfolio/airflow/dags/first_dag.py for tasks to queue
[2024-07-17T06:47:53.184+0100] {logging_mixin.py:188} INFO - [2024-07-17T06:47:53.182+0100] {dagbag.py:545} INFO - Filling up the DagBag from /mnt/c/Users/Victor/Desktop/Final_Semester/data-engineering-final-semester-portfolio/airflow/dags/first_dag.py
[2024-07-17T06:47:53.308+0100] {processor.py:840} INFO - DAG(s) 'dev-astronauts_in_space-v1.0' retrieved from /mnt/c/Users/Victor/Desktop/Final_Semester/data-engineering-final-semester-portfolio/airflow/dags/first_dag.py
[2024-07-17T06:47:53.466+0100] {logging_mixin.py:188} INFO - [2024-07-17T06:47:53.464+0100] {dag.py:3096} INFO - Sync 1 DAGs
[2024-07-17T06:47:53.689+0100] {logging_mixin.py:188} INFO - [2024-07-17T06:47:53.688+0100] {dag.py:3954} INFO - Setting next_dagrun for dev-astronauts_in_space-v1.0 to 2024-07-17 00:00:00+00:00, run_after=2024-07-18 00:00:00+00:00
[2024-07-17T06:47:53.866+0100] {processor.py:183} INFO - Processing /mnt/c/Users/Victor/Desktop/Final_Semester/data-engineering-final-semester-portfolio/airflow/dags/first_dag.py took 0.767 seconds
[2024-07-17T06:48:24.759+0100] {processor.py:161} INFO - Started process (PID=79003) to work on /mnt/c/Users/Victor/Desktop/Final_Semester/data-engineering-final-semester-portfolio/airflow/dags/first_dag.py
[2024-07-17T06:48:24.765+0100] {processor.py:830} INFO - Processing file /mnt/c/Users/Victor/Desktop/Final_Semester/data-engineering-final-semester-portfolio/airflow/dags/first_dag.py for tasks to queue
[2024-07-17T06:48:24.781+0100] {logging_mixin.py:188} INFO - [2024-07-17T06:48:24.778+0100] {dagbag.py:545} INFO - Filling up the DagBag from /mnt/c/Users/Victor/Desktop/Final_Semester/data-engineering-final-semester-portfolio/airflow/dags/first_dag.py
[2024-07-17T06:48:24.963+0100] {processor.py:840} INFO - DAG(s) 'dev-astronauts_in_space-v1.0' retrieved from /mnt/c/Users/Victor/Desktop/Final_Semester/data-engineering-final-semester-portfolio/airflow/dags/first_dag.py
[2024-07-17T06:48:25.176+0100] {logging_mixin.py:188} INFO - [2024-07-17T06:48:25.175+0100] {dag.py:3096} INFO - Sync 1 DAGs
[2024-07-17T06:48:25.360+0100] {logging_mixin.py:188} INFO - [2024-07-17T06:48:25.359+0100] {dag.py:3954} INFO - Setting next_dagrun for dev-astronauts_in_space-v1.0 to 2024-07-17 00:00:00+00:00, run_after=2024-07-18 00:00:00+00:00
[2024-07-17T06:48:25.542+0100] {processor.py:183} INFO - Processing /mnt/c/Users/Victor/Desktop/Final_Semester/data-engineering-final-semester-portfolio/airflow/dags/first_dag.py took 0.831 seconds
[2024-07-17T06:48:56.416+0100] {processor.py:161} INFO - Started process (PID=79225) to work on /mnt/c/Users/Victor/Desktop/Final_Semester/data-engineering-final-semester-portfolio/airflow/dags/first_dag.py
[2024-07-17T06:48:56.425+0100] {processor.py:830} INFO - Processing file /mnt/c/Users/Victor/Desktop/Final_Semester/data-engineering-final-semester-portfolio/airflow/dags/first_dag.py for tasks to queue
[2024-07-17T06:48:56.432+0100] {logging_mixin.py:188} INFO - [2024-07-17T06:48:56.431+0100] {dagbag.py:545} INFO - Filling up the DagBag from /mnt/c/Users/Victor/Desktop/Final_Semester/data-engineering-final-semester-portfolio/airflow/dags/first_dag.py
[2024-07-17T06:48:56.574+0100] {processor.py:840} INFO - DAG(s) 'dev-astronauts_in_space-v1.0' retrieved from /mnt/c/Users/Victor/Desktop/Final_Semester/data-engineering-final-semester-portfolio/airflow/dags/first_dag.py
[2024-07-17T06:48:56.926+0100] {logging_mixin.py:188} INFO - [2024-07-17T06:48:56.925+0100] {dag.py:3096} INFO - Sync 1 DAGs
[2024-07-17T06:48:57.243+0100] {logging_mixin.py:188} INFO - [2024-07-17T06:48:57.242+0100] {dag.py:3954} INFO - Setting next_dagrun for dev-astronauts_in_space-v1.0 to 2024-07-17 00:00:00+00:00, run_after=2024-07-18 00:00:00+00:00
[2024-07-17T06:48:57.499+0100] {processor.py:183} INFO - Processing /mnt/c/Users/Victor/Desktop/Final_Semester/data-engineering-final-semester-portfolio/airflow/dags/first_dag.py took 1.123 seconds
[2024-07-17T06:49:28.231+0100] {processor.py:161} INFO - Started process (PID=79966) to work on /mnt/c/Users/Victor/Desktop/Final_Semester/data-engineering-final-semester-portfolio/airflow/dags/first_dag.py
[2024-07-17T06:49:28.244+0100] {processor.py:830} INFO - Processing file /mnt/c/Users/Victor/Desktop/Final_Semester/data-engineering-final-semester-portfolio/airflow/dags/first_dag.py for tasks to queue
[2024-07-17T06:49:28.255+0100] {logging_mixin.py:188} INFO - [2024-07-17T06:49:28.254+0100] {dagbag.py:545} INFO - Filling up the DagBag from /mnt/c/Users/Victor/Desktop/Final_Semester/data-engineering-final-semester-portfolio/airflow/dags/first_dag.py
[2024-07-17T06:49:28.361+0100] {processor.py:840} INFO - DAG(s) 'dev-astronauts_in_space-v1.0' retrieved from /mnt/c/Users/Victor/Desktop/Final_Semester/data-engineering-final-semester-portfolio/airflow/dags/first_dag.py
[2024-07-17T06:49:28.493+0100] {logging_mixin.py:188} INFO - [2024-07-17T06:49:28.492+0100] {dag.py:3096} INFO - Sync 1 DAGs
[2024-07-17T06:49:28.727+0100] {processor.py:183} INFO - Processing /mnt/c/Users/Victor/Desktop/Final_Semester/data-engineering-final-semester-portfolio/airflow/dags/first_dag.py took 0.537 seconds
[2024-07-17T06:49:59.406+0100] {processor.py:161} INFO - Started process (PID=80942) to work on /mnt/c/Users/Victor/Desktop/Final_Semester/data-engineering-final-semester-portfolio/airflow/dags/first_dag.py
[2024-07-17T06:49:59.410+0100] {processor.py:830} INFO - Processing file /mnt/c/Users/Victor/Desktop/Final_Semester/data-engineering-final-semester-portfolio/airflow/dags/first_dag.py for tasks to queue
[2024-07-17T06:49:59.420+0100] {logging_mixin.py:188} INFO - [2024-07-17T06:49:59.418+0100] {dagbag.py:545} INFO - Filling up the DagBag from /mnt/c/Users/Victor/Desktop/Final_Semester/data-engineering-final-semester-portfolio/airflow/dags/first_dag.py
[2024-07-17T06:49:59.539+0100] {processor.py:840} INFO - DAG(s) 'dev-astronauts_in_space-v1.0' retrieved from /mnt/c/Users/Victor/Desktop/Final_Semester/data-engineering-final-semester-portfolio/airflow/dags/first_dag.py
[2024-07-17T06:49:59.799+0100] {logging_mixin.py:188} INFO - [2024-07-17T06:49:59.798+0100] {dag.py:3096} INFO - Sync 1 DAGs
[2024-07-17T06:50:00.135+0100] {processor.py:183} INFO - Processing /mnt/c/Users/Victor/Desktop/Final_Semester/data-engineering-final-semester-portfolio/airflow/dags/first_dag.py took 0.777 seconds
[2024-07-17T06:50:30.862+0100] {processor.py:161} INFO - Started process (PID=81562) to work on /mnt/c/Users/Victor/Desktop/Final_Semester/data-engineering-final-semester-portfolio/airflow/dags/first_dag.py
[2024-07-17T06:50:30.869+0100] {processor.py:830} INFO - Processing file /mnt/c/Users/Victor/Desktop/Final_Semester/data-engineering-final-semester-portfolio/airflow/dags/first_dag.py for tasks to queue
[2024-07-17T06:50:30.877+0100] {logging_mixin.py:188} INFO - [2024-07-17T06:50:30.875+0100] {dagbag.py:545} INFO - Filling up the DagBag from /mnt/c/Users/Victor/Desktop/Final_Semester/data-engineering-final-semester-portfolio/airflow/dags/first_dag.py
[2024-07-17T06:50:31.008+0100] {processor.py:840} INFO - DAG(s) 'dev-astronauts_in_space-v1.0' retrieved from /mnt/c/Users/Victor/Desktop/Final_Semester/data-engineering-final-semester-portfolio/airflow/dags/first_dag.py
[2024-07-17T06:50:31.241+0100] {logging_mixin.py:188} INFO - [2024-07-17T06:50:31.239+0100] {dag.py:3096} INFO - Sync 1 DAGs
[2024-07-17T06:50:31.658+0100] {processor.py:183} INFO - Processing /mnt/c/Users/Victor/Desktop/Final_Semester/data-engineering-final-semester-portfolio/airflow/dags/first_dag.py took 0.842 seconds
[2024-07-17T06:51:02.379+0100] {processor.py:161} INFO - Started process (PID=81915) to work on /mnt/c/Users/Victor/Desktop/Final_Semester/data-engineering-final-semester-portfolio/airflow/dags/first_dag.py
[2024-07-17T06:51:02.383+0100] {processor.py:830} INFO - Processing file /mnt/c/Users/Victor/Desktop/Final_Semester/data-engineering-final-semester-portfolio/airflow/dags/first_dag.py for tasks to queue
[2024-07-17T06:51:02.391+0100] {logging_mixin.py:188} INFO - [2024-07-17T06:51:02.389+0100] {dagbag.py:545} INFO - Filling up the DagBag from /mnt/c/Users/Victor/Desktop/Final_Semester/data-engineering-final-semester-portfolio/airflow/dags/first_dag.py
[2024-07-17T06:51:02.528+0100] {processor.py:840} INFO - DAG(s) 'dev-astronauts_in_space-v1.0' retrieved from /mnt/c/Users/Victor/Desktop/Final_Semester/data-engineering-final-semester-portfolio/airflow/dags/first_dag.py
[2024-07-17T06:51:02.699+0100] {logging_mixin.py:188} INFO - [2024-07-17T06:51:02.698+0100] {dag.py:3096} INFO - Sync 1 DAGs
[2024-07-17T06:51:03.438+0100] {processor.py:183} INFO - Processing /mnt/c/Users/Victor/Desktop/Final_Semester/data-engineering-final-semester-portfolio/airflow/dags/first_dag.py took 1.093 seconds
[2024-07-17T06:51:33.934+0100] {processor.py:161} INFO - Started process (PID=82237) to work on /mnt/c/Users/Victor/Desktop/Final_Semester/data-engineering-final-semester-portfolio/airflow/dags/first_dag.py
[2024-07-17T06:51:33.947+0100] {processor.py:830} INFO - Processing file /mnt/c/Users/Victor/Desktop/Final_Semester/data-engineering-final-semester-portfolio/airflow/dags/first_dag.py for tasks to queue
[2024-07-17T06:51:33.955+0100] {logging_mixin.py:188} INFO - [2024-07-17T06:51:33.954+0100] {dagbag.py:545} INFO - Filling up the DagBag from /mnt/c/Users/Victor/Desktop/Final_Semester/data-engineering-final-semester-portfolio/airflow/dags/first_dag.py
[2024-07-17T06:51:34.102+0100] {processor.py:840} INFO - DAG(s) 'dev-astronauts_in_space-v1.0' retrieved from /mnt/c/Users/Victor/Desktop/Final_Semester/data-engineering-final-semester-portfolio/airflow/dags/first_dag.py
[2024-07-17T06:51:34.267+0100] {logging_mixin.py:188} INFO - [2024-07-17T06:51:34.266+0100] {dag.py:3096} INFO - Sync 1 DAGs
[2024-07-17T06:51:34.553+0100] {processor.py:183} INFO - Processing /mnt/c/Users/Victor/Desktop/Final_Semester/data-engineering-final-semester-portfolio/airflow/dags/first_dag.py took 0.652 seconds
[2024-07-17T06:52:04.785+0100] {processor.py:161} INFO - Started process (PID=82999) to work on /mnt/c/Users/Victor/Desktop/Final_Semester/data-engineering-final-semester-portfolio/airflow/dags/first_dag.py
[2024-07-17T06:52:04.790+0100] {processor.py:830} INFO - Processing file /mnt/c/Users/Victor/Desktop/Final_Semester/data-engineering-final-semester-portfolio/airflow/dags/first_dag.py for tasks to queue
[2024-07-17T06:52:04.798+0100] {logging_mixin.py:188} INFO - [2024-07-17T06:52:04.796+0100] {dagbag.py:545} INFO - Filling up the DagBag from /mnt/c/Users/Victor/Desktop/Final_Semester/data-engineering-final-semester-portfolio/airflow/dags/first_dag.py
[2024-07-17T06:52:04.943+0100] {processor.py:840} INFO - DAG(s) 'dev-astronauts_in_space-v1.0' retrieved from /mnt/c/Users/Victor/Desktop/Final_Semester/data-engineering-final-semester-portfolio/airflow/dags/first_dag.py
[2024-07-17T06:52:05.094+0100] {logging_mixin.py:188} INFO - [2024-07-17T06:52:05.093+0100] {dag.py:3096} INFO - Sync 1 DAGs
[2024-07-17T06:52:05.336+0100] {processor.py:183} INFO - Processing /mnt/c/Users/Victor/Desktop/Final_Semester/data-engineering-final-semester-portfolio/airflow/dags/first_dag.py took 0.598 seconds
[2024-07-17T06:52:36.029+0100] {processor.py:161} INFO - Started process (PID=83340) to work on /mnt/c/Users/Victor/Desktop/Final_Semester/data-engineering-final-semester-portfolio/airflow/dags/first_dag.py
[2024-07-17T06:52:36.039+0100] {processor.py:830} INFO - Processing file /mnt/c/Users/Victor/Desktop/Final_Semester/data-engineering-final-semester-portfolio/airflow/dags/first_dag.py for tasks to queue
[2024-07-17T06:52:36.058+0100] {logging_mixin.py:188} INFO - [2024-07-17T06:52:36.046+0100] {dagbag.py:545} INFO - Filling up the DagBag from /mnt/c/Users/Victor/Desktop/Final_Semester/data-engineering-final-semester-portfolio/airflow/dags/first_dag.py
[2024-07-17T06:52:36.249+0100] {processor.py:840} INFO - DAG(s) 'dev-astronauts_in_space-v1.0' retrieved from /mnt/c/Users/Victor/Desktop/Final_Semester/data-engineering-final-semester-portfolio/airflow/dags/first_dag.py
[2024-07-17T06:52:36.515+0100] {logging_mixin.py:188} INFO - [2024-07-17T06:52:36.514+0100] {dag.py:3096} INFO - Sync 1 DAGs
[2024-07-17T06:52:36.797+0100] {processor.py:183} INFO - Processing /mnt/c/Users/Victor/Desktop/Final_Semester/data-engineering-final-semester-portfolio/airflow/dags/first_dag.py took 0.850 seconds
[2024-07-17T06:53:07.485+0100] {processor.py:161} INFO - Started process (PID=83648) to work on /mnt/c/Users/Victor/Desktop/Final_Semester/data-engineering-final-semester-portfolio/airflow/dags/first_dag.py
[2024-07-17T06:53:07.491+0100] {processor.py:830} INFO - Processing file /mnt/c/Users/Victor/Desktop/Final_Semester/data-engineering-final-semester-portfolio/airflow/dags/first_dag.py for tasks to queue
[2024-07-17T06:53:07.498+0100] {logging_mixin.py:188} INFO - [2024-07-17T06:53:07.497+0100] {dagbag.py:545} INFO - Filling up the DagBag from /mnt/c/Users/Victor/Desktop/Final_Semester/data-engineering-final-semester-portfolio/airflow/dags/first_dag.py
[2024-07-17T06:53:07.618+0100] {processor.py:840} INFO - DAG(s) 'dev-astronauts_in_space-v1.0' retrieved from /mnt/c/Users/Victor/Desktop/Final_Semester/data-engineering-final-semester-portfolio/airflow/dags/first_dag.py
[2024-07-17T06:53:07.794+0100] {logging_mixin.py:188} INFO - [2024-07-17T06:53:07.793+0100] {dag.py:3096} INFO - Sync 1 DAGs
[2024-07-17T06:53:08.086+0100] {processor.py:183} INFO - Processing /mnt/c/Users/Victor/Desktop/Final_Semester/data-engineering-final-semester-portfolio/airflow/dags/first_dag.py took 0.626 seconds
[2024-07-17T06:53:38.741+0100] {processor.py:161} INFO - Started process (PID=83858) to work on /mnt/c/Users/Victor/Desktop/Final_Semester/data-engineering-final-semester-portfolio/airflow/dags/first_dag.py
[2024-07-17T06:53:38.759+0100] {processor.py:830} INFO - Processing file /mnt/c/Users/Victor/Desktop/Final_Semester/data-engineering-final-semester-portfolio/airflow/dags/first_dag.py for tasks to queue
[2024-07-17T06:53:38.789+0100] {logging_mixin.py:188} INFO - [2024-07-17T06:53:38.778+0100] {dagbag.py:545} INFO - Filling up the DagBag from /mnt/c/Users/Victor/Desktop/Final_Semester/data-engineering-final-semester-portfolio/airflow/dags/first_dag.py
[2024-07-17T06:53:39.159+0100] {processor.py:840} INFO - DAG(s) 'dev-astronauts_in_space-v1.0' retrieved from /mnt/c/Users/Victor/Desktop/Final_Semester/data-engineering-final-semester-portfolio/airflow/dags/first_dag.py
[2024-07-17T06:53:39.327+0100] {logging_mixin.py:188} INFO - [2024-07-17T06:53:39.326+0100] {dag.py:3096} INFO - Sync 1 DAGs
[2024-07-17T06:53:39.734+0100] {processor.py:183} INFO - Processing /mnt/c/Users/Victor/Desktop/Final_Semester/data-engineering-final-semester-portfolio/airflow/dags/first_dag.py took 1.058 seconds
[2024-07-17T06:54:10.282+0100] {processor.py:161} INFO - Started process (PID=84173) to work on /mnt/c/Users/Victor/Desktop/Final_Semester/data-engineering-final-semester-portfolio/airflow/dags/first_dag.py
[2024-07-17T06:54:10.286+0100] {processor.py:830} INFO - Processing file /mnt/c/Users/Victor/Desktop/Final_Semester/data-engineering-final-semester-portfolio/airflow/dags/first_dag.py for tasks to queue
[2024-07-17T06:54:10.297+0100] {logging_mixin.py:188} INFO - [2024-07-17T06:54:10.295+0100] {dagbag.py:545} INFO - Filling up the DagBag from /mnt/c/Users/Victor/Desktop/Final_Semester/data-engineering-final-semester-portfolio/airflow/dags/first_dag.py
[2024-07-17T06:54:10.425+0100] {processor.py:840} INFO - DAG(s) 'dev-astronauts_in_space-v1.0' retrieved from /mnt/c/Users/Victor/Desktop/Final_Semester/data-engineering-final-semester-portfolio/airflow/dags/first_dag.py
[2024-07-17T06:54:10.661+0100] {logging_mixin.py:188} INFO - [2024-07-17T06:54:10.660+0100] {dag.py:3096} INFO - Sync 1 DAGs
[2024-07-17T06:54:11.233+0100] {processor.py:183} INFO - Processing /mnt/c/Users/Victor/Desktop/Final_Semester/data-engineering-final-semester-portfolio/airflow/dags/first_dag.py took 0.989 seconds
[2024-07-17T06:54:42.038+0100] {processor.py:161} INFO - Started process (PID=84453) to work on /mnt/c/Users/Victor/Desktop/Final_Semester/data-engineering-final-semester-portfolio/airflow/dags/first_dag.py
[2024-07-17T06:54:42.043+0100] {processor.py:830} INFO - Processing file /mnt/c/Users/Victor/Desktop/Final_Semester/data-engineering-final-semester-portfolio/airflow/dags/first_dag.py for tasks to queue
[2024-07-17T06:54:42.052+0100] {logging_mixin.py:188} INFO - [2024-07-17T06:54:42.051+0100] {dagbag.py:545} INFO - Filling up the DagBag from /mnt/c/Users/Victor/Desktop/Final_Semester/data-engineering-final-semester-portfolio/airflow/dags/first_dag.py
[2024-07-17T06:54:42.186+0100] {processor.py:840} INFO - DAG(s) 'dev-astronauts_in_space-v1.0' retrieved from /mnt/c/Users/Victor/Desktop/Final_Semester/data-engineering-final-semester-portfolio/airflow/dags/first_dag.py
[2024-07-17T06:54:42.339+0100] {logging_mixin.py:188} INFO - [2024-07-17T06:54:42.338+0100] {dag.py:3096} INFO - Sync 1 DAGs
[2024-07-17T06:54:42.581+0100] {processor.py:183} INFO - Processing /mnt/c/Users/Victor/Desktop/Final_Semester/data-engineering-final-semester-portfolio/airflow/dags/first_dag.py took 0.577 seconds
[2024-07-17T06:55:12.907+0100] {processor.py:161} INFO - Started process (PID=85177) to work on /mnt/c/Users/Victor/Desktop/Final_Semester/data-engineering-final-semester-portfolio/airflow/dags/first_dag.py
[2024-07-17T06:55:12.911+0100] {processor.py:830} INFO - Processing file /mnt/c/Users/Victor/Desktop/Final_Semester/data-engineering-final-semester-portfolio/airflow/dags/first_dag.py for tasks to queue
[2024-07-17T06:55:12.919+0100] {logging_mixin.py:188} INFO - [2024-07-17T06:55:12.918+0100] {dagbag.py:545} INFO - Filling up the DagBag from /mnt/c/Users/Victor/Desktop/Final_Semester/data-engineering-final-semester-portfolio/airflow/dags/first_dag.py
[2024-07-17T06:55:13.022+0100] {processor.py:840} INFO - DAG(s) 'dev-astronauts_in_space-v1.0' retrieved from /mnt/c/Users/Victor/Desktop/Final_Semester/data-engineering-final-semester-portfolio/airflow/dags/first_dag.py
[2024-07-17T06:55:13.165+0100] {logging_mixin.py:188} INFO - [2024-07-17T06:55:13.163+0100] {dag.py:3096} INFO - Sync 1 DAGs
[2024-07-17T06:55:13.414+0100] {processor.py:183} INFO - Processing /mnt/c/Users/Victor/Desktop/Final_Semester/data-engineering-final-semester-portfolio/airflow/dags/first_dag.py took 0.535 seconds
[2024-07-17T06:55:44.201+0100] {processor.py:161} INFO - Started process (PID=85600) to work on /mnt/c/Users/Victor/Desktop/Final_Semester/data-engineering-final-semester-portfolio/airflow/dags/first_dag.py
[2024-07-17T06:55:44.205+0100] {processor.py:830} INFO - Processing file /mnt/c/Users/Victor/Desktop/Final_Semester/data-engineering-final-semester-portfolio/airflow/dags/first_dag.py for tasks to queue
[2024-07-17T06:55:44.212+0100] {logging_mixin.py:188} INFO - [2024-07-17T06:55:44.211+0100] {dagbag.py:545} INFO - Filling up the DagBag from /mnt/c/Users/Victor/Desktop/Final_Semester/data-engineering-final-semester-portfolio/airflow/dags/first_dag.py
[2024-07-17T06:55:44.353+0100] {processor.py:840} INFO - DAG(s) 'dev-astronauts_in_space-v1.0' retrieved from /mnt/c/Users/Victor/Desktop/Final_Semester/data-engineering-final-semester-portfolio/airflow/dags/first_dag.py
[2024-07-17T06:55:44.535+0100] {logging_mixin.py:188} INFO - [2024-07-17T06:55:44.534+0100] {dag.py:3096} INFO - Sync 1 DAGs
[2024-07-17T06:55:44.659+0100] {logging_mixin.py:188} INFO - [2024-07-17T06:55:44.658+0100] {dag.py:3954} INFO - Setting next_dagrun for dev-astronauts_in_space-v1.0 to 2024-07-17 00:00:00+00:00, run_after=2024-07-18 00:00:00+00:00
[2024-07-17T06:55:44.804+0100] {processor.py:183} INFO - Processing /mnt/c/Users/Victor/Desktop/Final_Semester/data-engineering-final-semester-portfolio/airflow/dags/first_dag.py took 0.638 seconds
[2024-07-17T06:56:15.163+0100] {processor.py:161} INFO - Started process (PID=85781) to work on /mnt/c/Users/Victor/Desktop/Final_Semester/data-engineering-final-semester-portfolio/airflow/dags/first_dag.py
[2024-07-17T06:56:15.168+0100] {processor.py:830} INFO - Processing file /mnt/c/Users/Victor/Desktop/Final_Semester/data-engineering-final-semester-portfolio/airflow/dags/first_dag.py for tasks to queue
[2024-07-17T06:56:15.176+0100] {logging_mixin.py:188} INFO - [2024-07-17T06:56:15.174+0100] {dagbag.py:545} INFO - Filling up the DagBag from /mnt/c/Users/Victor/Desktop/Final_Semester/data-engineering-final-semester-portfolio/airflow/dags/first_dag.py
[2024-07-17T06:56:15.278+0100] {processor.py:840} INFO - DAG(s) 'dev-astronauts_in_space-v1.0' retrieved from /mnt/c/Users/Victor/Desktop/Final_Semester/data-engineering-final-semester-portfolio/airflow/dags/first_dag.py
[2024-07-17T06:56:15.688+0100] {logging_mixin.py:188} INFO - [2024-07-17T06:56:15.687+0100] {dag.py:3096} INFO - Sync 1 DAGs
[2024-07-17T06:56:16.196+0100] {logging_mixin.py:188} INFO - [2024-07-17T06:56:16.194+0100] {dag.py:3954} INFO - Setting next_dagrun for dev-astronauts_in_space-v1.0 to 2024-07-17 00:00:00+00:00, run_after=2024-07-18 00:00:00+00:00
[2024-07-17T06:56:16.495+0100] {processor.py:183} INFO - Processing /mnt/c/Users/Victor/Desktop/Final_Semester/data-engineering-final-semester-portfolio/airflow/dags/first_dag.py took 1.368 seconds
[2024-07-17T06:56:47.473+0100] {processor.py:161} INFO - Started process (PID=85942) to work on /mnt/c/Users/Victor/Desktop/Final_Semester/data-engineering-final-semester-portfolio/airflow/dags/first_dag.py
[2024-07-17T06:56:47.477+0100] {processor.py:830} INFO - Processing file /mnt/c/Users/Victor/Desktop/Final_Semester/data-engineering-final-semester-portfolio/airflow/dags/first_dag.py for tasks to queue
[2024-07-17T06:56:47.486+0100] {logging_mixin.py:188} INFO - [2024-07-17T06:56:47.484+0100] {dagbag.py:545} INFO - Filling up the DagBag from /mnt/c/Users/Victor/Desktop/Final_Semester/data-engineering-final-semester-portfolio/airflow/dags/first_dag.py
[2024-07-17T06:56:47.650+0100] {processor.py:840} INFO - DAG(s) 'dev-astronauts_in_space-v1.0' retrieved from /mnt/c/Users/Victor/Desktop/Final_Semester/data-engineering-final-semester-portfolio/airflow/dags/first_dag.py
[2024-07-17T06:56:47.829+0100] {logging_mixin.py:188} INFO - [2024-07-17T06:56:47.828+0100] {dag.py:3096} INFO - Sync 1 DAGs
[2024-07-17T06:56:47.973+0100] {logging_mixin.py:188} INFO - [2024-07-17T06:56:47.971+0100] {dag.py:3954} INFO - Setting next_dagrun for dev-astronauts_in_space-v1.0 to 2024-07-17 00:00:00+00:00, run_after=2024-07-18 00:00:00+00:00
[2024-07-17T06:56:48.120+0100] {processor.py:183} INFO - Processing /mnt/c/Users/Victor/Desktop/Final_Semester/data-engineering-final-semester-portfolio/airflow/dags/first_dag.py took 0.688 seconds
[2024-07-17T06:57:18.805+0100] {processor.py:161} INFO - Started process (PID=86098) to work on /mnt/c/Users/Victor/Desktop/Final_Semester/data-engineering-final-semester-portfolio/airflow/dags/first_dag.py
[2024-07-17T06:57:18.809+0100] {processor.py:830} INFO - Processing file /mnt/c/Users/Victor/Desktop/Final_Semester/data-engineering-final-semester-portfolio/airflow/dags/first_dag.py for tasks to queue
[2024-07-17T06:57:18.818+0100] {logging_mixin.py:188} INFO - [2024-07-17T06:57:18.817+0100] {dagbag.py:545} INFO - Filling up the DagBag from /mnt/c/Users/Victor/Desktop/Final_Semester/data-engineering-final-semester-portfolio/airflow/dags/first_dag.py
[2024-07-17T06:57:18.964+0100] {processor.py:840} INFO - DAG(s) 'dev-astronauts_in_space-v1.0' retrieved from /mnt/c/Users/Victor/Desktop/Final_Semester/data-engineering-final-semester-portfolio/airflow/dags/first_dag.py
[2024-07-17T06:57:19.154+0100] {logging_mixin.py:188} INFO - [2024-07-17T06:57:19.142+0100] {dag.py:3096} INFO - Sync 1 DAGs
[2024-07-17T06:57:19.278+0100] {logging_mixin.py:188} INFO - [2024-07-17T06:57:19.277+0100] {dag.py:3954} INFO - Setting next_dagrun for dev-astronauts_in_space-v1.0 to 2024-07-17 00:00:00+00:00, run_after=2024-07-18 00:00:00+00:00
[2024-07-17T06:57:19.396+0100] {processor.py:183} INFO - Processing /mnt/c/Users/Victor/Desktop/Final_Semester/data-engineering-final-semester-portfolio/airflow/dags/first_dag.py took 0.621 seconds
[2024-07-17T06:57:49.870+0100] {processor.py:161} INFO - Started process (PID=86249) to work on /mnt/c/Users/Victor/Desktop/Final_Semester/data-engineering-final-semester-portfolio/airflow/dags/first_dag.py
[2024-07-17T06:57:49.874+0100] {processor.py:830} INFO - Processing file /mnt/c/Users/Victor/Desktop/Final_Semester/data-engineering-final-semester-portfolio/airflow/dags/first_dag.py for tasks to queue
[2024-07-17T06:57:49.885+0100] {logging_mixin.py:188} INFO - [2024-07-17T06:57:49.883+0100] {dagbag.py:545} INFO - Filling up the DagBag from /mnt/c/Users/Victor/Desktop/Final_Semester/data-engineering-final-semester-portfolio/airflow/dags/first_dag.py
[2024-07-17T06:57:49.991+0100] {processor.py:840} INFO - DAG(s) 'dev-astronauts_in_space-v1.0' retrieved from /mnt/c/Users/Victor/Desktop/Final_Semester/data-engineering-final-semester-portfolio/airflow/dags/first_dag.py
[2024-07-17T06:57:50.157+0100] {logging_mixin.py:188} INFO - [2024-07-17T06:57:50.156+0100] {dag.py:3096} INFO - Sync 1 DAGs
[2024-07-17T06:57:50.273+0100] {logging_mixin.py:188} INFO - [2024-07-17T06:57:50.272+0100] {dag.py:3954} INFO - Setting next_dagrun for dev-astronauts_in_space-v1.0 to 2024-07-17 00:00:00+00:00, run_after=2024-07-18 00:00:00+00:00
[2024-07-17T06:57:50.405+0100] {processor.py:183} INFO - Processing /mnt/c/Users/Victor/Desktop/Final_Semester/data-engineering-final-semester-portfolio/airflow/dags/first_dag.py took 0.574 seconds
[2024-07-17T06:58:20.899+0100] {processor.py:161} INFO - Started process (PID=86429) to work on /mnt/c/Users/Victor/Desktop/Final_Semester/data-engineering-final-semester-portfolio/airflow/dags/first_dag.py
[2024-07-17T06:58:20.907+0100] {processor.py:830} INFO - Processing file /mnt/c/Users/Victor/Desktop/Final_Semester/data-engineering-final-semester-portfolio/airflow/dags/first_dag.py for tasks to queue
[2024-07-17T06:58:20.918+0100] {logging_mixin.py:188} INFO - [2024-07-17T06:58:20.917+0100] {dagbag.py:545} INFO - Filling up the DagBag from /mnt/c/Users/Victor/Desktop/Final_Semester/data-engineering-final-semester-portfolio/airflow/dags/first_dag.py
[2024-07-17T06:58:21.082+0100] {processor.py:840} INFO - DAG(s) 'dev-astronauts_in_space-v1.0' retrieved from /mnt/c/Users/Victor/Desktop/Final_Semester/data-engineering-final-semester-portfolio/airflow/dags/first_dag.py
[2024-07-17T06:58:21.279+0100] {logging_mixin.py:188} INFO - [2024-07-17T06:58:21.277+0100] {dag.py:3096} INFO - Sync 1 DAGs
[2024-07-17T06:58:21.609+0100] {logging_mixin.py:188} INFO - [2024-07-17T06:58:21.608+0100] {dag.py:3954} INFO - Setting next_dagrun for dev-astronauts_in_space-v1.0 to 2024-07-17 00:00:00+00:00, run_after=2024-07-18 00:00:00+00:00
[2024-07-17T06:58:21.828+0100] {processor.py:183} INFO - Processing /mnt/c/Users/Victor/Desktop/Final_Semester/data-engineering-final-semester-portfolio/airflow/dags/first_dag.py took 0.965 seconds
[2024-07-17T06:58:52.496+0100] {processor.py:161} INFO - Started process (PID=86740) to work on /mnt/c/Users/Victor/Desktop/Final_Semester/data-engineering-final-semester-portfolio/airflow/dags/first_dag.py
[2024-07-17T06:58:52.500+0100] {processor.py:830} INFO - Processing file /mnt/c/Users/Victor/Desktop/Final_Semester/data-engineering-final-semester-portfolio/airflow/dags/first_dag.py for tasks to queue
[2024-07-17T06:58:52.507+0100] {logging_mixin.py:188} INFO - [2024-07-17T06:58:52.506+0100] {dagbag.py:545} INFO - Filling up the DagBag from /mnt/c/Users/Victor/Desktop/Final_Semester/data-engineering-final-semester-portfolio/airflow/dags/first_dag.py
[2024-07-17T06:58:52.642+0100] {processor.py:840} INFO - DAG(s) 'dev-astronauts_in_space-v1.0' retrieved from /mnt/c/Users/Victor/Desktop/Final_Semester/data-engineering-final-semester-portfolio/airflow/dags/first_dag.py
[2024-07-17T06:58:52.931+0100] {logging_mixin.py:188} INFO - [2024-07-17T06:58:52.930+0100] {dag.py:3096} INFO - Sync 1 DAGs
[2024-07-17T06:58:53.067+0100] {logging_mixin.py:188} INFO - [2024-07-17T06:58:53.066+0100] {dag.py:3954} INFO - Setting next_dagrun for dev-astronauts_in_space-v1.0 to 2024-07-17 00:00:00+00:00, run_after=2024-07-18 00:00:00+00:00
[2024-07-17T06:58:53.240+0100] {processor.py:183} INFO - Processing /mnt/c/Users/Victor/Desktop/Final_Semester/data-engineering-final-semester-portfolio/airflow/dags/first_dag.py took 0.777 seconds
[2024-07-17T06:59:24.735+0100] {processor.py:161} INFO - Started process (PID=86959) to work on /mnt/c/Users/Victor/Desktop/Final_Semester/data-engineering-final-semester-portfolio/airflow/dags/first_dag.py
[2024-07-17T06:59:24.739+0100] {processor.py:830} INFO - Processing file /mnt/c/Users/Victor/Desktop/Final_Semester/data-engineering-final-semester-portfolio/airflow/dags/first_dag.py for tasks to queue
[2024-07-17T06:59:24.748+0100] {logging_mixin.py:188} INFO - [2024-07-17T06:59:24.746+0100] {dagbag.py:545} INFO - Filling up the DagBag from /mnt/c/Users/Victor/Desktop/Final_Semester/data-engineering-final-semester-portfolio/airflow/dags/first_dag.py
[2024-07-17T06:59:24.923+0100] {processor.py:840} INFO - DAG(s) 'dev-astronauts_in_space-v1.0' retrieved from /mnt/c/Users/Victor/Desktop/Final_Semester/data-engineering-final-semester-portfolio/airflow/dags/first_dag.py
[2024-07-17T06:59:25.059+0100] {logging_mixin.py:188} INFO - [2024-07-17T06:59:25.058+0100] {dag.py:3096} INFO - Sync 1 DAGs
[2024-07-17T06:59:25.176+0100] {logging_mixin.py:188} INFO - [2024-07-17T06:59:25.175+0100] {dag.py:3954} INFO - Setting next_dagrun for dev-astronauts_in_space-v1.0 to 2024-07-17 00:00:00+00:00, run_after=2024-07-18 00:00:00+00:00
[2024-07-17T06:59:26.071+0100] {processor.py:183} INFO - Processing /mnt/c/Users/Victor/Desktop/Final_Semester/data-engineering-final-semester-portfolio/airflow/dags/first_dag.py took 1.374 seconds
[2024-07-17T06:59:56.616+0100] {processor.py:161} INFO - Started process (PID=87241) to work on /mnt/c/Users/Victor/Desktop/Final_Semester/data-engineering-final-semester-portfolio/airflow/dags/first_dag.py
[2024-07-17T06:59:56.620+0100] {processor.py:830} INFO - Processing file /mnt/c/Users/Victor/Desktop/Final_Semester/data-engineering-final-semester-portfolio/airflow/dags/first_dag.py for tasks to queue
[2024-07-17T06:59:56.636+0100] {logging_mixin.py:188} INFO - [2024-07-17T06:59:56.635+0100] {dagbag.py:545} INFO - Filling up the DagBag from /mnt/c/Users/Victor/Desktop/Final_Semester/data-engineering-final-semester-portfolio/airflow/dags/first_dag.py
[2024-07-17T06:59:56.750+0100] {processor.py:840} INFO - DAG(s) 'dev-astronauts_in_space-v1.0' retrieved from /mnt/c/Users/Victor/Desktop/Final_Semester/data-engineering-final-semester-portfolio/airflow/dags/first_dag.py
[2024-07-17T06:59:56.930+0100] {logging_mixin.py:188} INFO - [2024-07-17T06:59:56.929+0100] {dag.py:3096} INFO - Sync 1 DAGs
[2024-07-17T06:59:57.046+0100] {logging_mixin.py:188} INFO - [2024-07-17T06:59:57.044+0100] {dag.py:3954} INFO - Setting next_dagrun for dev-astronauts_in_space-v1.0 to 2024-07-17 00:00:00+00:00, run_after=2024-07-18 00:00:00+00:00
[2024-07-17T06:59:57.175+0100] {processor.py:183} INFO - Processing /mnt/c/Users/Victor/Desktop/Final_Semester/data-engineering-final-semester-portfolio/airflow/dags/first_dag.py took 0.588 seconds
[2024-07-17T07:00:28.268+0100] {processor.py:161} INFO - Started process (PID=87398) to work on /mnt/c/Users/Victor/Desktop/Final_Semester/data-engineering-final-semester-portfolio/airflow/dags/first_dag.py
[2024-07-17T07:00:28.273+0100] {processor.py:830} INFO - Processing file /mnt/c/Users/Victor/Desktop/Final_Semester/data-engineering-final-semester-portfolio/airflow/dags/first_dag.py for tasks to queue
[2024-07-17T07:00:28.286+0100] {logging_mixin.py:188} INFO - [2024-07-17T07:00:28.284+0100] {dagbag.py:545} INFO - Filling up the DagBag from /mnt/c/Users/Victor/Desktop/Final_Semester/data-engineering-final-semester-portfolio/airflow/dags/first_dag.py
[2024-07-17T07:00:28.403+0100] {processor.py:840} INFO - DAG(s) 'dev-astronauts_in_space-v1.0' retrieved from /mnt/c/Users/Victor/Desktop/Final_Semester/data-engineering-final-semester-portfolio/airflow/dags/first_dag.py
[2024-07-17T07:00:28.542+0100] {logging_mixin.py:188} INFO - [2024-07-17T07:00:28.541+0100] {dag.py:3096} INFO - Sync 1 DAGs
[2024-07-17T07:00:28.648+0100] {logging_mixin.py:188} INFO - [2024-07-17T07:00:28.647+0100] {dag.py:3954} INFO - Setting next_dagrun for dev-astronauts_in_space-v1.0 to 2024-07-17 00:00:00+00:00, run_after=2024-07-18 00:00:00+00:00
[2024-07-17T07:00:28.763+0100] {processor.py:183} INFO - Processing /mnt/c/Users/Victor/Desktop/Final_Semester/data-engineering-final-semester-portfolio/airflow/dags/first_dag.py took 0.533 seconds
[2024-07-17T07:00:59.505+0100] {processor.py:161} INFO - Started process (PID=87549) to work on /mnt/c/Users/Victor/Desktop/Final_Semester/data-engineering-final-semester-portfolio/airflow/dags/first_dag.py
[2024-07-17T07:00:59.509+0100] {processor.py:830} INFO - Processing file /mnt/c/Users/Victor/Desktop/Final_Semester/data-engineering-final-semester-portfolio/airflow/dags/first_dag.py for tasks to queue
[2024-07-17T07:00:59.516+0100] {logging_mixin.py:188} INFO - [2024-07-17T07:00:59.515+0100] {dagbag.py:545} INFO - Filling up the DagBag from /mnt/c/Users/Victor/Desktop/Final_Semester/data-engineering-final-semester-portfolio/airflow/dags/first_dag.py
[2024-07-17T07:00:59.609+0100] {processor.py:840} INFO - DAG(s) 'dev-astronauts_in_space-v1.0' retrieved from /mnt/c/Users/Victor/Desktop/Final_Semester/data-engineering-final-semester-portfolio/airflow/dags/first_dag.py
[2024-07-17T07:00:59.753+0100] {logging_mixin.py:188} INFO - [2024-07-17T07:00:59.752+0100] {dag.py:3096} INFO - Sync 1 DAGs
[2024-07-17T07:00:59.952+0100] {logging_mixin.py:188} INFO - [2024-07-17T07:00:59.951+0100] {dag.py:3954} INFO - Setting next_dagrun for dev-astronauts_in_space-v1.0 to 2024-07-17 00:00:00+00:00, run_after=2024-07-18 00:00:00+00:00
[2024-07-17T07:01:00.134+0100] {processor.py:183} INFO - Processing /mnt/c/Users/Victor/Desktop/Final_Semester/data-engineering-final-semester-portfolio/airflow/dags/first_dag.py took 0.661 seconds
[2024-07-17T07:01:30.583+0100] {processor.py:161} INFO - Started process (PID=87705) to work on /mnt/c/Users/Victor/Desktop/Final_Semester/data-engineering-final-semester-portfolio/airflow/dags/first_dag.py
[2024-07-17T07:01:30.587+0100] {processor.py:830} INFO - Processing file /mnt/c/Users/Victor/Desktop/Final_Semester/data-engineering-final-semester-portfolio/airflow/dags/first_dag.py for tasks to queue
[2024-07-17T07:01:30.596+0100] {logging_mixin.py:188} INFO - [2024-07-17T07:01:30.593+0100] {dagbag.py:545} INFO - Filling up the DagBag from /mnt/c/Users/Victor/Desktop/Final_Semester/data-engineering-final-semester-portfolio/airflow/dags/first_dag.py
[2024-07-17T07:01:30.689+0100] {processor.py:840} INFO - DAG(s) 'dev-astronauts_in_space-v1.0' retrieved from /mnt/c/Users/Victor/Desktop/Final_Semester/data-engineering-final-semester-portfolio/airflow/dags/first_dag.py
[2024-07-17T07:01:30.833+0100] {logging_mixin.py:188} INFO - [2024-07-17T07:01:30.832+0100] {dag.py:3096} INFO - Sync 1 DAGs
[2024-07-17T07:01:30.954+0100] {logging_mixin.py:188} INFO - [2024-07-17T07:01:30.953+0100] {dag.py:3954} INFO - Setting next_dagrun for dev-astronauts_in_space-v1.0 to 2024-07-17 00:00:00+00:00, run_after=2024-07-18 00:00:00+00:00
[2024-07-17T07:01:31.159+0100] {processor.py:183} INFO - Processing /mnt/c/Users/Victor/Desktop/Final_Semester/data-engineering-final-semester-portfolio/airflow/dags/first_dag.py took 0.609 seconds
[2024-07-17T07:02:01.322+0100] {processor.py:161} INFO - Started process (PID=87849) to work on /mnt/c/Users/Victor/Desktop/Final_Semester/data-engineering-final-semester-portfolio/airflow/dags/first_dag.py
[2024-07-17T07:02:01.326+0100] {processor.py:830} INFO - Processing file /mnt/c/Users/Victor/Desktop/Final_Semester/data-engineering-final-semester-portfolio/airflow/dags/first_dag.py for tasks to queue
[2024-07-17T07:02:01.336+0100] {logging_mixin.py:188} INFO - [2024-07-17T07:02:01.335+0100] {dagbag.py:545} INFO - Filling up the DagBag from /mnt/c/Users/Victor/Desktop/Final_Semester/data-engineering-final-semester-portfolio/airflow/dags/first_dag.py
[2024-07-17T07:02:01.432+0100] {processor.py:840} INFO - DAG(s) 'dev-astronauts_in_space-v1.0' retrieved from /mnt/c/Users/Victor/Desktop/Final_Semester/data-engineering-final-semester-portfolio/airflow/dags/first_dag.py
[2024-07-17T07:02:01.555+0100] {logging_mixin.py:188} INFO - [2024-07-17T07:02:01.554+0100] {dag.py:3096} INFO - Sync 1 DAGs
[2024-07-17T07:02:01.677+0100] {logging_mixin.py:188} INFO - [2024-07-17T07:02:01.676+0100] {dag.py:3954} INFO - Setting next_dagrun for dev-astronauts_in_space-v1.0 to 2024-07-17 00:00:00+00:00, run_after=2024-07-18 00:00:00+00:00
[2024-07-17T07:02:01.816+0100] {processor.py:183} INFO - Processing /mnt/c/Users/Victor/Desktop/Final_Semester/data-engineering-final-semester-portfolio/airflow/dags/first_dag.py took 0.521 seconds
[2024-07-17T07:02:32.557+0100] {processor.py:161} INFO - Started process (PID=88002) to work on /mnt/c/Users/Victor/Desktop/Final_Semester/data-engineering-final-semester-portfolio/airflow/dags/first_dag.py
[2024-07-17T07:02:32.561+0100] {processor.py:830} INFO - Processing file /mnt/c/Users/Victor/Desktop/Final_Semester/data-engineering-final-semester-portfolio/airflow/dags/first_dag.py for tasks to queue
[2024-07-17T07:02:32.567+0100] {logging_mixin.py:188} INFO - [2024-07-17T07:02:32.566+0100] {dagbag.py:545} INFO - Filling up the DagBag from /mnt/c/Users/Victor/Desktop/Final_Semester/data-engineering-final-semester-portfolio/airflow/dags/first_dag.py
[2024-07-17T07:02:32.655+0100] {processor.py:840} INFO - DAG(s) 'dev-astronauts_in_space-v1.0' retrieved from /mnt/c/Users/Victor/Desktop/Final_Semester/data-engineering-final-semester-portfolio/airflow/dags/first_dag.py
[2024-07-17T07:02:32.789+0100] {logging_mixin.py:188} INFO - [2024-07-17T07:02:32.788+0100] {dag.py:3096} INFO - Sync 1 DAGs
[2024-07-17T07:02:32.895+0100] {logging_mixin.py:188} INFO - [2024-07-17T07:02:32.895+0100] {dag.py:3954} INFO - Setting next_dagrun for dev-astronauts_in_space-v1.0 to 2024-07-17 00:00:00+00:00, run_after=2024-07-18 00:00:00+00:00
[2024-07-17T07:02:33.001+0100] {processor.py:183} INFO - Processing /mnt/c/Users/Victor/Desktop/Final_Semester/data-engineering-final-semester-portfolio/airflow/dags/first_dag.py took 0.473 seconds
[2024-07-17T07:03:03.281+0100] {processor.py:161} INFO - Started process (PID=88151) to work on /mnt/c/Users/Victor/Desktop/Final_Semester/data-engineering-final-semester-portfolio/airflow/dags/first_dag.py
[2024-07-17T07:03:03.286+0100] {processor.py:830} INFO - Processing file /mnt/c/Users/Victor/Desktop/Final_Semester/data-engineering-final-semester-portfolio/airflow/dags/first_dag.py for tasks to queue
[2024-07-17T07:03:03.293+0100] {logging_mixin.py:188} INFO - [2024-07-17T07:03:03.292+0100] {dagbag.py:545} INFO - Filling up the DagBag from /mnt/c/Users/Victor/Desktop/Final_Semester/data-engineering-final-semester-portfolio/airflow/dags/first_dag.py
[2024-07-17T07:03:03.382+0100] {processor.py:840} INFO - DAG(s) 'dev-astronauts_in_space-v1.0' retrieved from /mnt/c/Users/Victor/Desktop/Final_Semester/data-engineering-final-semester-portfolio/airflow/dags/first_dag.py
[2024-07-17T07:03:03.517+0100] {logging_mixin.py:188} INFO - [2024-07-17T07:03:03.516+0100] {dag.py:3096} INFO - Sync 1 DAGs
[2024-07-17T07:03:03.630+0100] {logging_mixin.py:188} INFO - [2024-07-17T07:03:03.629+0100] {dag.py:3954} INFO - Setting next_dagrun for dev-astronauts_in_space-v1.0 to 2024-07-17 00:00:00+00:00, run_after=2024-07-18 00:00:00+00:00
[2024-07-17T07:03:03.918+0100] {processor.py:183} INFO - Processing /mnt/c/Users/Victor/Desktop/Final_Semester/data-engineering-final-semester-portfolio/airflow/dags/first_dag.py took 0.664 seconds
[2024-07-17T07:03:34.308+0100] {processor.py:161} INFO - Started process (PID=88303) to work on /mnt/c/Users/Victor/Desktop/Final_Semester/data-engineering-final-semester-portfolio/airflow/dags/first_dag.py
[2024-07-17T07:03:34.312+0100] {processor.py:830} INFO - Processing file /mnt/c/Users/Victor/Desktop/Final_Semester/data-engineering-final-semester-portfolio/airflow/dags/first_dag.py for tasks to queue
[2024-07-17T07:03:34.319+0100] {logging_mixin.py:188} INFO - [2024-07-17T07:03:34.318+0100] {dagbag.py:545} INFO - Filling up the DagBag from /mnt/c/Users/Victor/Desktop/Final_Semester/data-engineering-final-semester-portfolio/airflow/dags/first_dag.py
[2024-07-17T07:03:34.402+0100] {processor.py:840} INFO - DAG(s) 'dev-astronauts_in_space-v1.0' retrieved from /mnt/c/Users/Victor/Desktop/Final_Semester/data-engineering-final-semester-portfolio/airflow/dags/first_dag.py
[2024-07-17T07:03:34.535+0100] {logging_mixin.py:188} INFO - [2024-07-17T07:03:34.534+0100] {dag.py:3096} INFO - Sync 1 DAGs
[2024-07-17T07:03:34.642+0100] {logging_mixin.py:188} INFO - [2024-07-17T07:03:34.641+0100] {dag.py:3954} INFO - Setting next_dagrun for dev-astronauts_in_space-v1.0 to 2024-07-17 00:00:00+00:00, run_after=2024-07-18 00:00:00+00:00
[2024-07-17T07:03:34.844+0100] {processor.py:183} INFO - Processing /mnt/c/Users/Victor/Desktop/Final_Semester/data-engineering-final-semester-portfolio/airflow/dags/first_dag.py took 0.566 seconds
[2024-07-17T07:04:05.190+0100] {processor.py:161} INFO - Started process (PID=88454) to work on /mnt/c/Users/Victor/Desktop/Final_Semester/data-engineering-final-semester-portfolio/airflow/dags/first_dag.py
[2024-07-17T07:04:05.196+0100] {processor.py:830} INFO - Processing file /mnt/c/Users/Victor/Desktop/Final_Semester/data-engineering-final-semester-portfolio/airflow/dags/first_dag.py for tasks to queue
[2024-07-17T07:04:05.204+0100] {logging_mixin.py:188} INFO - [2024-07-17T07:04:05.203+0100] {dagbag.py:545} INFO - Filling up the DagBag from /mnt/c/Users/Victor/Desktop/Final_Semester/data-engineering-final-semester-portfolio/airflow/dags/first_dag.py
[2024-07-17T07:04:05.313+0100] {processor.py:840} INFO - DAG(s) 'dev-astronauts_in_space-v1.0' retrieved from /mnt/c/Users/Victor/Desktop/Final_Semester/data-engineering-final-semester-portfolio/airflow/dags/first_dag.py
[2024-07-17T07:04:05.455+0100] {logging_mixin.py:188} INFO - [2024-07-17T07:04:05.454+0100] {dag.py:3096} INFO - Sync 1 DAGs
[2024-07-17T07:04:05.576+0100] {logging_mixin.py:188} INFO - [2024-07-17T07:04:05.575+0100] {dag.py:3954} INFO - Setting next_dagrun for dev-astronauts_in_space-v1.0 to 2024-07-17 00:00:00+00:00, run_after=2024-07-18 00:00:00+00:00
[2024-07-17T07:04:05.681+0100] {processor.py:183} INFO - Processing /mnt/c/Users/Victor/Desktop/Final_Semester/data-engineering-final-semester-portfolio/airflow/dags/first_dag.py took 0.522 seconds
[2024-07-17T07:04:36.268+0100] {processor.py:161} INFO - Started process (PID=88606) to work on /mnt/c/Users/Victor/Desktop/Final_Semester/data-engineering-final-semester-portfolio/airflow/dags/first_dag.py
[2024-07-17T07:04:36.272+0100] {processor.py:830} INFO - Processing file /mnt/c/Users/Victor/Desktop/Final_Semester/data-engineering-final-semester-portfolio/airflow/dags/first_dag.py for tasks to queue
[2024-07-17T07:04:36.280+0100] {logging_mixin.py:188} INFO - [2024-07-17T07:04:36.279+0100] {dagbag.py:545} INFO - Filling up the DagBag from /mnt/c/Users/Victor/Desktop/Final_Semester/data-engineering-final-semester-portfolio/airflow/dags/first_dag.py
[2024-07-17T07:04:36.422+0100] {processor.py:840} INFO - DAG(s) 'dev-astronauts_in_space-v1.0' retrieved from /mnt/c/Users/Victor/Desktop/Final_Semester/data-engineering-final-semester-portfolio/airflow/dags/first_dag.py
[2024-07-17T07:04:36.563+0100] {logging_mixin.py:188} INFO - [2024-07-17T07:04:36.562+0100] {dag.py:3096} INFO - Sync 1 DAGs
[2024-07-17T07:04:36.688+0100] {logging_mixin.py:188} INFO - [2024-07-17T07:04:36.687+0100] {dag.py:3954} INFO - Setting next_dagrun for dev-astronauts_in_space-v1.0 to 2024-07-17 00:00:00+00:00, run_after=2024-07-18 00:00:00+00:00
[2024-07-17T07:04:36.838+0100] {processor.py:183} INFO - Processing /mnt/c/Users/Victor/Desktop/Final_Semester/data-engineering-final-semester-portfolio/airflow/dags/first_dag.py took 0.607 seconds
[2024-07-17T07:05:07.069+0100] {processor.py:161} INFO - Started process (PID=88889) to work on /mnt/c/Users/Victor/Desktop/Final_Semester/data-engineering-final-semester-portfolio/airflow/dags/first_dag.py
[2024-07-17T07:05:07.073+0100] {processor.py:830} INFO - Processing file /mnt/c/Users/Victor/Desktop/Final_Semester/data-engineering-final-semester-portfolio/airflow/dags/first_dag.py for tasks to queue
[2024-07-17T07:05:07.080+0100] {logging_mixin.py:188} INFO - [2024-07-17T07:05:07.079+0100] {dagbag.py:545} INFO - Filling up the DagBag from /mnt/c/Users/Victor/Desktop/Final_Semester/data-engineering-final-semester-portfolio/airflow/dags/first_dag.py
[2024-07-17T07:05:07.171+0100] {processor.py:840} INFO - DAG(s) 'dev-astronauts_in_space-v1.0' retrieved from /mnt/c/Users/Victor/Desktop/Final_Semester/data-engineering-final-semester-portfolio/airflow/dags/first_dag.py
[2024-07-17T07:05:07.304+0100] {logging_mixin.py:188} INFO - [2024-07-17T07:05:07.303+0100] {dag.py:3096} INFO - Sync 1 DAGs
[2024-07-17T07:05:07.421+0100] {logging_mixin.py:188} INFO - [2024-07-17T07:05:07.420+0100] {dag.py:3954} INFO - Setting next_dagrun for dev-astronauts_in_space-v1.0 to 2024-07-17 00:00:00+00:00, run_after=2024-07-18 00:00:00+00:00
[2024-07-17T07:05:07.534+0100] {processor.py:183} INFO - Processing /mnt/c/Users/Victor/Desktop/Final_Semester/data-engineering-final-semester-portfolio/airflow/dags/first_dag.py took 0.492 seconds
[2024-07-17T07:15:25.630+0100] {processor.py:161} INFO - Started process (PID=92135) to work on /mnt/c/Users/Victor/Desktop/Final_Semester/data-engineering-final-semester-portfolio/airflow/dags/first_dag.py
[2024-07-17T07:15:25.674+0100] {processor.py:830} INFO - Processing file /mnt/c/Users/Victor/Desktop/Final_Semester/data-engineering-final-semester-portfolio/airflow/dags/first_dag.py for tasks to queue
[2024-07-17T07:15:25.679+0100] {logging_mixin.py:188} INFO - [2024-07-17T07:15:25.678+0100] {dagbag.py:545} INFO - Filling up the DagBag from /mnt/c/Users/Victor/Desktop/Final_Semester/data-engineering-final-semester-portfolio/airflow/dags/first_dag.py
[2024-07-17T07:15:25.770+0100] {processor.py:840} INFO - DAG(s) 'dev-astronauts_in_space-v1.0' retrieved from /mnt/c/Users/Victor/Desktop/Final_Semester/data-engineering-final-semester-portfolio/airflow/dags/first_dag.py
[2024-07-17T07:15:25.904+0100] {logging_mixin.py:188} INFO - [2024-07-17T07:15:25.903+0100] {dag.py:3096} INFO - Sync 1 DAGs
[2024-07-17T07:15:26.004+0100] {logging_mixin.py:188} INFO - [2024-07-17T07:15:26.003+0100] {dag.py:3954} INFO - Setting next_dagrun for dev-astronauts_in_space-v1.0 to 2024-07-17 00:00:00+00:00, run_after=2024-07-18 00:00:00+00:00
[2024-07-17T07:15:26.117+0100] {processor.py:183} INFO - Processing /mnt/c/Users/Victor/Desktop/Final_Semester/data-engineering-final-semester-portfolio/airflow/dags/first_dag.py took 0.514 seconds
[2024-07-17T07:15:56.353+0100] {processor.py:161} INFO - Started process (PID=92489) to work on /mnt/c/Users/Victor/Desktop/Final_Semester/data-engineering-final-semester-portfolio/airflow/dags/first_dag.py
[2024-07-17T07:15:56.357+0100] {processor.py:830} INFO - Processing file /mnt/c/Users/Victor/Desktop/Final_Semester/data-engineering-final-semester-portfolio/airflow/dags/first_dag.py for tasks to queue
[2024-07-17T07:15:56.363+0100] {logging_mixin.py:188} INFO - [2024-07-17T07:15:56.362+0100] {dagbag.py:545} INFO - Filling up the DagBag from /mnt/c/Users/Victor/Desktop/Final_Semester/data-engineering-final-semester-portfolio/airflow/dags/first_dag.py
[2024-07-17T07:15:56.459+0100] {processor.py:840} INFO - DAG(s) 'dev-astronauts_in_space-v1.0' retrieved from /mnt/c/Users/Victor/Desktop/Final_Semester/data-engineering-final-semester-portfolio/airflow/dags/first_dag.py
[2024-07-17T07:15:56.588+0100] {logging_mixin.py:188} INFO - [2024-07-17T07:15:56.587+0100] {dag.py:3096} INFO - Sync 1 DAGs
[2024-07-17T07:15:56.697+0100] {logging_mixin.py:188} INFO - [2024-07-17T07:15:56.696+0100] {dag.py:3954} INFO - Setting next_dagrun for dev-astronauts_in_space-v1.0 to 2024-07-17 00:00:00+00:00, run_after=2024-07-18 00:00:00+00:00
[2024-07-17T07:15:56.854+0100] {processor.py:183} INFO - Processing /mnt/c/Users/Victor/Desktop/Final_Semester/data-engineering-final-semester-portfolio/airflow/dags/first_dag.py took 0.528 seconds
[2024-07-17T07:16:27.477+0100] {processor.py:161} INFO - Started process (PID=92642) to work on /mnt/c/Users/Victor/Desktop/Final_Semester/data-engineering-final-semester-portfolio/airflow/dags/first_dag.py
[2024-07-17T07:16:27.482+0100] {processor.py:830} INFO - Processing file /mnt/c/Users/Victor/Desktop/Final_Semester/data-engineering-final-semester-portfolio/airflow/dags/first_dag.py for tasks to queue
[2024-07-17T07:16:27.491+0100] {logging_mixin.py:188} INFO - [2024-07-17T07:16:27.490+0100] {dagbag.py:545} INFO - Filling up the DagBag from /mnt/c/Users/Victor/Desktop/Final_Semester/data-engineering-final-semester-portfolio/airflow/dags/first_dag.py
[2024-07-17T07:16:27.593+0100] {processor.py:840} INFO - DAG(s) 'dev-astronauts_in_space-v1.0' retrieved from /mnt/c/Users/Victor/Desktop/Final_Semester/data-engineering-final-semester-portfolio/airflow/dags/first_dag.py
[2024-07-17T07:16:27.759+0100] {logging_mixin.py:188} INFO - [2024-07-17T07:16:27.758+0100] {dag.py:3096} INFO - Sync 1 DAGs
[2024-07-17T07:16:27.991+0100] {logging_mixin.py:188} INFO - [2024-07-17T07:16:27.990+0100] {dag.py:3954} INFO - Setting next_dagrun for dev-astronauts_in_space-v1.0 to 2024-07-17 00:00:00+00:00, run_after=2024-07-18 00:00:00+00:00
[2024-07-17T07:16:28.181+0100] {processor.py:183} INFO - Processing /mnt/c/Users/Victor/Desktop/Final_Semester/data-engineering-final-semester-portfolio/airflow/dags/first_dag.py took 0.737 seconds
